,Sample_ID,Assembly Accession,Assembly BioSample Geographic location,Assembly BioSample Host,Assembly BioSample Host disease,Assembly BioSample Isolation source,isolation_source_category,Assembly BioSample Latitude and Longitude,collection_year,year_bin,serogroup_serotype,Assembly Level,Assembly Stats Contig L50,Assembly Stats Contig N50,Assembly Stats GC Count,Assembly Stats GC Percent,Assembly Stats Genome Coverage,Assembly Stats Number of Component Sequences,Assembly Stats Number of Contigs,Assembly Stats Number of Scaffolds,Assembly Stats Scaffold L50,Assembly Stats Scaffold N50,Assembly Length (Mbp),CheckM completeness,CheckM contamination
0,VC_0001,GCF_000736765.1,India,Human hosts,unkwn,Clinical sample,Clinical sample,unkwn,1973,1973–1991,non_O1,Contig,12,116343,1847732,48.0,51.9,118,118,118,12,116343,3.866097,98.41000366210938,1.2300000190734863
7,VC_0002,GCF_000736775.1,India,Human hosts,unkwn,Clinical sample,Clinical sample,unkwn,1981,1973–1991,non_O1,Contig,9,145570,1883900,47.5,46.8,117,117,117,9,145570,3.94695,98.29000091552734,1.159999966621399
14,VC_0003,GCF_000736785.1,India,Human hosts,unkwn,Clinical sample,Clinical sample,unkwn,1977,1973–1991,non_O1,Contig,10,153084,1881066,47.5,26.9,118,118,118,10,153084,3.969137,98.13999938964844,1.2799999713897705
21,VC_0004,GCF_000736795.1,Philippines,Human hosts,unkwn,Clinical sample,Clinical sample,unkwn,1962,1961–1972,non_O1,Contig,9,154399,1864238,47.5,25.6,94,94,94,9,154399,3.913714,98.04000091552734,0.3499999940395355
28,VC_0005,GCF_000736845.1,India,Human hosts,unkwn,Clinical sample,Clinical sample,unkwn,1992,1992–2025,non_O1,Contig,6,246082,1909432,47.5,44.7,81,81,81,6,246082,4.018178,98.58999633789062,0.23999999463558197
35,VC_0006,GCF_000736855.1,India,Human hosts,unkwn,Clinical sample,Clinical sample,unkwn,1969,1961–1972,non_O1,Contig,13,103518,1893297,47.5,25.5,130,130,130,13,103518,3.973555,98.69999694824219,0.800000011920929
42,VC_0007,GCF_000736865.1,India,unkwn,unkwn,unkwn,unkwn,unkwn,1941,1924–1960,O1_Ogawa,Contig,7,197662,1876549,47.5,45.4,111,111,111,7,197662,3.952728,99.5999984741211,0.23999999463558197
48,VC_0008,GCF_000736875.1,India,Human hosts,unkwn,Clinical sample,Clinical sample,unkwn,1974,1973–1991,unkwn,Contig,14,80785,1910069,47.5,49.6,151,151,151,14,80785,4.012216,98.76000213623047,1.1699999570846558
54,VC_0009,GCF_000736925.1,India,Human hosts,unkwn,Clinical sample,Clinical sample,unkwn,1975,1973–1991,non_O1,Contig,9,152166,1914076,47.5,39.7,152,152,152,9,152166,4.034493,98.6500015258789,0.23999999463558197
61,VC_0010,GCF_000736935.1,India,Human hosts,unkwn,Clinical sample,Clinical sample,unkwn,1976,1973–1991,non_O1,Contig,10,132017,1939025,47.5,40.4,82,82,82,10,132017,4.074796,99.0199966430664,1.1699999570846558
68,VC_0011,GCF_000736945.1,China,Human hosts,unkwn,Clinical sample,Clinical sample,unkwn,1988,1973–1991,non_O1,Contig,11,138744,2014249,47.0,56.3,117,117,117,11,138744,4.291048,98.56999969482422,1.6399999856948853
75,VC_0012,GCF_000737005.1,India,Human hosts,unkwn,Clinical sample,Clinical sample,unkwn,1993,1992–2025,non_O1,Contig,12,112441,1914244,47.5,44.9,129,129,129,12,112441,4.033463,99.37000274658203,0.949999988079071
82,VC_0013,GCF_000737025.1,India,Human hosts,unkwn,Clinical sample,Clinical sample,unkwn,1993,1992–2025,non_O1,Contig,11,103051,1881418,47.5,58.4,114,114,114,11,103051,3.954364,99.08000183105469,1.2799999713897705
99,VC_0014,GCF_000765415.1,Haiti,Human hosts,cholera,unkwn,unkwn,unkwn,2012,1992–2025,O1_Ogawa,Complete Genome,1,3043139,2033168,47.5,386.0,3,3,3,1,3043139,4.258023,99.62999725341797,0.7099999785423279
119,VC_0015,GCF_000788415.1,Haiti,Human hosts,unkwn,Clinical sample,Clinical sample,unkwn,2010,1992–2025,O1_Inaba,Scaffold,16,75871,1911643,47.5,75.0,108,186,108,5,246299,4.027992,99.52999877929688,0.27000001072883606
129,VC_0016,GCF_000788425.1,Haiti,Human hosts,unkwn,Clinical sample,Clinical sample,unkwn,2010,1992–2025,O1_Inaba,Scaffold,16,80598,1911267,47.5,100.0,125,199,125,5,246286,4.026654,99.29000091552734,0.3400000035762787
140,VC_0017,GCF_000788435.1,Haiti,Human hosts,unkwn,Clinical sample,Clinical sample,unkwn,2010,1992–2025,O1_Inaba,Scaffold,18,72311,1911020,47.5,75.0,87,170,87,5,246353,4.026834,99.19999694824219,0.4399999976158142
151,VC_0018,GCF_000788495.1,Haiti,unkwn,unkwn,Environmental sample,Environmental sample,unkwn,2012,1992–2025,non_O1,Scaffold,20,73777,1901669,47.5,75.0,121,187,121,9,167963,3.997495,99.22000122070312,0.949999988079071
159,VC_0019,GCF_000788515.1,Haiti,unkwn,unkwn,Environmental sample,Environmental sample,unkwn,2012,1992–2025,non_O1,Scaffold,21,61945,1885640,47.5,75.0,142,222,142,9,141726,3.965905,99.05999755859375,1.4800000190734863
167,VC_0020,GCF_000788535.1,Haiti,Human hosts,unkwn,Clinical sample,Clinical sample,unkwn,2010,1992–2025,O1_Inaba,Scaffold,15,80597,1906001,47.5,75.0,93,160,93,5,246274,4.017309,99.58000183105469,0.2800000011920929
178,VC_0021,GCF_000788555.1,Haiti,Human hosts,unkwn,Clinical sample,Clinical sample,unkwn,2010,1992–2025,O1_Inaba,Scaffold,19,71955,1912020,47.5,75.0,120,193,120,5,246366,4.02811,98.9000015258789,0.4000000059604645
189,VC_0022,GCF_000788575.1,Haiti,Human hosts,unkwn,Clinical sample,Clinical sample,unkwn,2010,1992–2025,O1_Inaba,Scaffold,17,76039,1911406,47.5,75.0,109,185,109,5,246254,4.027597,99.29000091552734,0.30000001192092896
200,VC_0023,GCF_000788595.1,Haiti,Human hosts,unkwn,Clinical sample,Clinical sample,unkwn,2010,1992–2025,O1_Inaba,Scaffold,17,75619,1911684,47.5,75.0,124,193,124,5,246355,4.0274,99.29000091552734,0.4099999964237213
211,VC_0024,GCF_000788615.1,Haiti,Human hosts,unkwn,Clinical sample,Clinical sample,unkwn,2010,1992–2025,O1_Inaba,Scaffold,20,62181,1910443,47.5,75.0,116,204,116,5,246297,4.025245,99.0999984741211,0.5099999904632568
222,VC_0025,GCF_000788635.1,Haiti,Human hosts,unkwn,Clinical sample,Clinical sample,unkwn,2010,1992–2025,O1_Inaba,Scaffold,19,71875,1911952,47.5,75.0,118,198,118,6,235753,4.028131,99.4800033569336,0.4099999964237213
233,VC_0026,GCF_000788655.1,Haiti,unkwn,unkwn,Environmental sample,Environmental sample,unkwn,2012,1992–2025,O1_Inaba,Scaffold,13,112461,1912287,47.5,75.0,119,155,119,7,197811,4.028252,99.62999725341797,0.23999999463558197
243,VC_0027,GCF_000788675.1,Haiti,unkwn,unkwn,Environmental sample,Environmental sample,unkwn,2012,1992–2025,non_O1,Scaffold,17,74748,1887786,47.5,75.0,97,153,97,8,191868,3.96636,98.5999984741211,1.9800000190734863
261,VC_0028,GCF_000788715.2,Haiti,unkwn,unkwn,Environmental sample,Environmental sample,unkwn,2012,1992–2025,O1_Inaba,Complete Genome,1,2937102,1934106,47.5,80.0,2,2,2,1,2937102,4.061813,97.62999725341797,0.6399999856948853
271,VC_0029,GCF_000788735.1,Haiti,unkwn,unkwn,Environmental sample,Environmental sample,unkwn,2012,1992–2025,O1_unkwn,Scaffold,17,91970,1905821,47.5,75.0,115,154,115,8,176438,4.012614,99.62999725341797,0.550000011920929
279,VC_0030,GCF_000788755.1,Haiti,unkwn,unkwn,Environmental sample,Environmental sample,unkwn,2012,1992–2025,non_O1,Scaffold,16,89370,1858718,48.0,75.0,140,173,140,9,121260,3.893268,98.4800033569336,0.9800000190734863
287,VC_0031,GCF_000788775.1,Haiti,Human hosts,unkwn,Clinical sample,Clinical sample,unkwn,2012,1992–2025,O1_Inaba,Scaffold,21,61945,1885640,47.5,75.0,142,222,142,9,141726,3.965905,99.05999755859375,1.4800000190734863
298,VC_0032,GCF_000788795.1,Haiti,Human hosts,unkwn,Clinical sample,Clinical sample,unkwn,2012,1992–2025,O1_Inaba,Scaffold,15,84117,1908336,47.5,75.0,123,163,123,7,176427,4.017899,99.62999725341797,0.25999999046325684
309,VC_0033,GCF_000788815.1,Haiti,Human hosts,unkwn,Clinical sample,Clinical sample,unkwn,2012,1992–2025,O1_Inaba,Scaffold,13,108111,1906438,47.5,75.0,111,148,111,7,176430,4.014093,99.62999725341797,0.27000001072883606
320,VC_0034,GCF_000788835.1,Haiti,Human hosts,unkwn,Clinical sample,Clinical sample,unkwn,2012,1992–2025,O1_Inaba,Scaffold,16,88906,1905600,47.5,75.0,113,151,113,7,197811,4.012329,99.62999725341797,0.3199999928474426
331,VC_0035,GCF_000788855.1,Haiti,unkwn,unkwn,Environmental sample,Environmental sample,unkwn,2012,1992–2025,O1_Inaba,Scaffold,17,84106,1906546,47.5,75.0,126,174,126,10,146730,4.014775,99.62999725341797,0.30000001192092896
341,VC_0036,GCF_000788875.1,Haiti,Human hosts,unkwn,Clinical sample,Clinical sample,unkwn,2012,1992–2025,O1_Inaba,Scaffold,11,140260,1935001,47.5,75.0,114,140,114,5,235715,4.080364,99.62999725341797,0.4300000071525574
352,VC_0037,GCF_000788895.1,Haiti,Human hosts,unkwn,Clinical sample,Clinical sample,unkwn,2012,1992–2025,O1_Inaba,Scaffold,15,88900,1910675,47.5,75.0,114,162,114,7,197801,4.024111,99.62999725341797,0.25999999046325684
363,VC_0038,GCF_000788915.1,Haiti,Human hosts,unkwn,Clinical sample,Clinical sample,unkwn,2012,1992–2025,O1_Inaba,Scaffold,8,197808,1905850,47.5,75.0,102,119,102,6,235729,4.012003,99.62999725341797,0.23999999463558197
374,VC_0039,GCF_000788935.1,Haiti,Human hosts,unkwn,Clinical sample,Clinical sample,unkwn,2012,1992–2025,O1_Inaba,Scaffold,11,137115,1906989,47.5,75.0,110,141,110,7,197799,4.014797,99.62999725341797,0.23999999463558197
385,VC_0040,GCF_000788955.1,Haiti,Human hosts,unkwn,Clinical sample,Clinical sample,unkwn,2012,1992–2025,O1_Inaba,Scaffold,13,100464,1905503,47.5,75.0,111,147,111,7,197808,4.01201,99.62999725341797,0.23999999463558197
396,VC_0041,GCF_000788975.1,Haiti,Human hosts,unkwn,Clinical sample,Clinical sample,unkwn,2012,1992–2025,O1_Inaba,Scaffold,13,103633,1906909,47.5,75.0,107,140,107,7,197824,4.014752,99.62999725341797,0.23999999463558197
407,VC_0042,GCF_000788995.1,Haiti,Human hosts,unkwn,Clinical sample,Clinical sample,unkwn,2012,1992–2025,O1_Inaba,Scaffold,14,104620,1911370,47.5,75.0,113,154,113,8,197816,4.026556,99.62999725341797,0.23999999463558197
418,VC_0043,GCF_000789015.1,Haiti,Human hosts,unkwn,Clinical sample,Clinical sample,unkwn,2012,1992–2025,O1_Inaba,Scaffold,19,66968,1906572,47.5,75.0,115,181,115,7,172559,4.01552,99.29000091552734,0.3199999928474426
429,VC_0044,GCF_000789035.1,Haiti,Human hosts,unkwn,Clinical sample,Clinical sample,unkwn,2012,1992–2025,O1_Inaba,Scaffold,8,197820,1913457,47.5,75.0,103,114,103,6,235735,4.029722,99.62999725341797,0.23999999463558197
440,VC_0045,GCF_000789055.1,Haiti,Human hosts,unkwn,Clinical sample,Clinical sample,unkwn,2012,1992–2025,O1_Inaba,Scaffold,9,168059,1925919,47.5,75.0,105,129,105,7,197791,4.058831,99.61000061035156,0.30000001192092896
451,VC_0046,GCF_000789075.1,Haiti,Human hosts,unkwn,Clinical sample,Clinical sample,unkwn,2012,1992–2025,O1_Inaba,Scaffold,9,156148,1921512,47.5,75.0,170,204,170,7,197800,4.04893,99.62999725341797,0.28999999165534973
462,VC_0047,GCF_000789095.1,Haiti,Human hosts,unkwn,Clinical sample,Clinical sample,unkwn,2012,1992–2025,O1_Inaba,Scaffold,15,89270,1904892,47.5,75.0,117,154,117,7,197802,4.010541,99.62999725341797,0.23999999463558197
473,VC_0048,GCF_000789115.1,Haiti,Human hosts,unkwn,Clinical sample,Clinical sample,unkwn,2012,1992–2025,O1_Inaba,Scaffold,11,137128,1934407,47.5,75.0,110,132,110,6,235753,4.078954,99.62999725341797,0.3199999928474426
484,VC_0049,GCF_000789135.1,Haiti,Human hosts,unkwn,Clinical sample,Clinical sample,unkwn,2012,1992–2025,O1_Inaba,Scaffold,9,176637,1905945,47.5,75.0,108,121,108,6,208419,4.012032,99.62999725341797,0.23999999463558197
495,VC_0050,GCF_000789155.1,Haiti,Human hosts,unkwn,Clinical sample,Clinical sample,unkwn,2012,1992–2025,O1_Inaba,Scaffold,9,156224,1910525,47.5,75.0,128,152,128,7,197801,4.022401,99.62999725341797,0.23999999463558197
506,VC_0051,GCF_000969235.1,India,unkwn,unkwn,Clinical sample,Clinical sample,unkwn,1974,1973–1991,non_O1,Complete Genome,1,3928357,1876540,48.0,unkwn,1,1,1,1,3928357,3.928357,98.93000030517578,0.4699999988079071
518,VC_0052,GCF_000969265.1,Philippines,unkwn,unkwn,Clinical sample,Clinical sample,unkwn,1962,1961–1972,non_O1,Complete Genome,1,4077462,1944403,47.5,unkwn,1,1,1,1,4077462,4.077462,97.7699966430664,1.1399999856948853
530,VC_0053,GCF_001029975.1,China,Human hosts,cholera,unkwn,unkwn,unkwn,2011,1992–2025,O1_Ogawa,Scaffold,7,246265,1924344,47.5,450.0,73,73,64,4,349946,4.057079,99.52999877929688,0.23999999463558197
539,VC_0054,GCF_001030015.1,China,Human hosts,cholera,unkwn,unkwn,unkwn,1997,1992–2025,O1_Inaba,Scaffold,7,227954,1935298,47.5,430.0,74,74,64,3,555215,4.074242,99.47000122070312,0.23999999463558197
548,VC_0055,GCF_001030035.1,China,Human hosts,cholera,unkwn,unkwn,unkwn,1989,1973–1991,O1_Ogawa,Scaffold,9,177580,1874825,47.5,580.0,80,80,59,4,351010,3.950281,99.38999938964844,0.23999999463558197
557,VC_0056,GCF_001184775.1,China,Human hosts,cholera,unkwn,unkwn,unkwn,1998,1992–2025,non_O1,Scaffold,8,178071,1901738,47.5,460.0,67,67,53,4,330022,4.004435,98.41000366210938,0.23999999463558197
566,VC_0057,GCF_001247245.1,Bangladesh,Human hosts,unkwn,unkwn,unkwn,unkwn,1999,1992–2025,O1_Ogawa,Scaffold,14,96056,1899071,47.5,100.0,68,176,68,6,215355,4.012494,99.62999725341797,0.23999999463558197
587,VC_0058,GCF_001247525.1,Bangladesh,Human hosts,unkwn,unkwn,unkwn,unkwn,1994,1992–2025,O1_Ogawa,Scaffold,6,246260,1943834,47.5,100.0,46,52,46,4,349488,4.095237,99.62999725341797,0.23999999463558197
608,VC_0059,GCF_001247835.1,Mozambique,Human hosts,unkwn,unkwn,unkwn,unkwn,2005,1992–2025,O1_Ogawa,Scaffold,4,349590,1927591,47.5,100.0,36,37,36,4,349590,4.065829,99.62999725341797,0.23999999463558197
689,VC_0060,GCF_001248505.1,India,Human hosts,unkwn,unkwn,unkwn,unkwn,2005,1992–2025,O1_Ogawa,Contig,5,332866,1906021,47.5,100.0,50,50,50,5,332866,4.012798,99.61000061035156,0.23999999463558197
792,VC_0061,GCF_001249715.1,India,Human hosts,unkwn,unkwn,unkwn,unkwn,1979,1973–1991,O1_Inaba,Scaffold,33,37454,1878797,47.5,100.0,75,203,75,5,231985,3.964217,99.44000244140625,0.6200000047683716
854,VC_0062,GCF_001250035.1,India,Human hosts,unkwn,unkwn,unkwn,unkwn,1979,1973–1991,O1_Inaba,Scaffold,31,38977,1871612,47.5,100.0,62,188,62,6,217410,3.946053,99.33000183105469,0.44999998807907104
894,VC_0063,GCF_001250235.2,Bangladesh,Human hosts,unkwn,unkwn,unkwn,unkwn,1971,1961–1972,O1_Inaba,Complete Genome,1,2961182,1915435,47.5,106.0,2,2,2,1,2961182,4.033501,99.62999725341797,0.23999999463558197
936,VC_0064,GCF_001250455.1,Peru,Human hosts,unkwn,unkwn,unkwn,unkwn,1991,1973–1991,O1_Inaba,Scaffold,5,343602,1898440,47.5,100.0,50,51,50,4,398771,4.002262,99.51000213623047,0.3799999952316284
1018,VC_0065,GCF_001251435.1,Kenya,Human hosts,unkwn,unkwn,unkwn,unkwn,2009,1992–2025,O1_Inaba,Scaffold,8,151510,1913384,47.5,100.0,74,90,74,6,207543,4.03086,99.62999725341797,0.23999999463558197
1038,VC_0066,GCF_001251495.1,India,Human hosts,unkwn,unkwn,unkwn,unkwn,1971,1961–1972,O1_Inaba,Scaffold,33,39233,1882883,47.5,100.0,62,188,62,7,200796,3.968603,98.7699966430664,0.4099999964237213
1058,VC_0067,GCF_001251935.1,Kenya,Human hosts,unkwn,unkwn,unkwn,unkwn,2007,1992–2025,O1_Inaba,Scaffold,31,42158,1907711,47.5,100.0,53,201,53,6,215658,4.022708,99.41999816894531,0.27000001072883606
1078,VC_0068,GCF_001252055.1,India,Human hosts,unkwn,unkwn,unkwn,unkwn,2007,1992–2025,O1_Ogawa,Scaffold,6,246191,1915169,47.5,100.0,52,56,52,4,246191,4.032044,99.52999877929688,0.23999999463558197
1099,VC_0069,GCF_001252075.1,Vietnam,Human hosts,unkwn,unkwn,unkwn,unkwn,2004,1992–2025,O1_Ogawa,Scaffold,6,259025,1873918,47.5,100.0,47,51,47,5,265352,3.948118,99.62999725341797,0.3199999928474426
1120,VC_0070,GCF_001252495.1,India,Human hosts,unkwn,unkwn,unkwn,unkwn,1977,1973–1991,O1_Inaba,Scaffold,5,349829,1903175,47.5,100.0,71,74,71,5,349829,4.012358,99.62999725341797,0.23999999463558197
1161,VC_0071,GCF_001252775.1,Kenya,Human hosts,unkwn,unkwn,unkwn,unkwn,2005,1992–2025,O1_Inaba,Scaffold,16,94268,1914243,47.5,100.0,46,101,46,7,216498,4.033005,99.20999908447266,0.27000001072883606
1223,VC_0072,GCF_001252895.1,India,Human hosts,unkwn,unkwn,unkwn,unkwn,2007,1992–2025,O1_Ogawa,Scaffold,5,270433,1912601,47.5,100.0,53,54,53,4,350545,4.02812,99.52999877929688,0.23999999463558197
1244,VC_0073,GCF_001253035.1,Mozambique,Human hosts,unkwn,unkwn,unkwn,unkwn,2005,1992–2025,O1_Inaba,Scaffold,4,355055,1929057,47.5,100.0,40,43,40,4,355055,4.069009,99.62999725341797,0.23999999463558197
1265,VC_0074,GCF_001253055.1,India,Human hosts,unkwn,unkwn,unkwn,unkwn,2007,1992–2025,O1_Ogawa,Scaffold,5,246130,1912294,47.5,100.0,51,53,51,5,246130,4.028076,99.52999877929688,0.23999999463558197
1307,VC_0075,GCF_001253235.1,Peru,Human hosts,unkwn,unkwn,unkwn,unkwn,1991,1973–1991,O1_Inaba,Scaffold,4,398669,1897489,47.5,100.0,52,58,52,4,398669,4.000671,99.51000213623047,0.3799999952316284
1389,VC_0076,GCF_001253695.1,Peru,Human hosts,unkwn,unkwn,unkwn,unkwn,1991,1973–1991,O1_Inaba,Scaffold,5,354912,1898296,47.5,100.0,48,50,48,4,399563,4.002336,99.51000213623047,0.3799999952316284
1410,VC_0077,GCF_001254055.1,unkwn,Human hosts,unkwn,unkwn,unkwn,unkwn,1973,1973–1991,O1_Inaba,Scaffold,4,354518,1874304,47.5,100.0,51,52,51,4,354518,3.946745,99.06999969482422,0.23999999463558197
1430,VC_0078,GCF_001254095.1,Argentina,Human hosts,unkwn,unkwn,unkwn,unkwn,1993,1992–2025,O1_Inaba,Scaffold,4,293336,1884321,47.5,100.0,29,33,29,4,375890,3.966042,99.1500015258789,0.9700000286102295
1451,VC_0079,GCF_001254335.1,Tanzania,Human hosts,unkwn,unkwn,unkwn,unkwn,2009,1992–2025,O1_Ogawa,Scaffold,5,266665,1907010,47.5,100.0,41,42,41,5,266665,4.018257,99.62999725341797,0.23999999463558197
1472,VC_0080,GCF_001254355.1,Bangladesh,Human hosts,unkwn,unkwn,unkwn,unkwn,1991,1973–1991,O1_Ogawa,Scaffold,5,197716,1913212,47.5,100.0,46,48,46,4,246187,4.02896,99.31999969482422,0.23999999463558197
1492,VC_0081,GCF_001254435.1,India,Human hosts,unkwn,unkwn,unkwn,unkwn,1980,1973–1991,O1_Ogawa,Scaffold,4,355388,1893655,47.5,100.0,52,54,52,4,355388,3.986399,99.62999725341797,0.23999999463558197
1532,VC_0082,GCF_001254635.1,India,Human hosts,unkwn,unkwn,unkwn,unkwn,2007,1992–2025,O1_Ogawa,Scaffold,6,246094,1915527,47.5,100.0,48,51,48,4,246430,4.034153,99.52999877929688,0.23999999463558197
1553,VC_0083,GCF_001254655.1,Bangladesh,Human hosts,unkwn,unkwn,unkwn,unkwn,1979,1973–1991,O1_Ogawa,Scaffold,5,349491,1976517,47.5,100.0,49,50,49,4,356244,4.145031,99.62999725341797,0.6399999856948853
1574,VC_0084,GCF_001254675.1,Angola,Human hosts,unkwn,unkwn,unkwn,unkwn,1989,1973–1991,O1_Inaba,Scaffold,4,438064,1913963,47.5,100.0,51,54,51,4,438064,4.032311,99.62999725341797,0.3799999952316284
1636,VC_0085,GCF_001255155.1,Bangladesh,Human hosts,unkwn,unkwn,unkwn,unkwn,1979,1973–1991,O1_Inaba,Scaffold,6,246187,1886044,47.5,100.0,52,55,52,5,259183,3.979233,99.2699966430664,0.4300000071525574
1657,VC_0086,GCF_001255575.1,Indonesia,Human hosts,unkwn,unkwn,unkwn,unkwn,1957,1924–1960,O1_Inaba,Scaffold,4,349494,1897813,47.5,100.0,61,67,61,4,349494,3.998598,99.62999725341797,0.23999999463558197
1678,VC_0087,GCF_001255835.1,India,Human hosts,unkwn,unkwn,unkwn,unkwn,2007,1992–2025,O1_Ogawa,Scaffold,4,345363,1910859,47.5,100.0,54,55,54,4,345363,4.024336,99.52999877929688,0.23999999463558197
1699,VC_0088,GCF_001255915.1,Kenya,Human hosts,unkwn,unkwn,unkwn,unkwn,2009,1992–2025,O1_Inaba,Scaffold,30,41678,1901678,47.5,100.0,84,249,84,7,206741,4.024204,99.41999816894531,0.5600000023841858
1719,VC_0089,GCF_001256015.1,Bangladesh,Human hosts,unkwn,unkwn,unkwn,unkwn,2001,1992–2025,O1_Ogawa,Scaffold,12,109814,1904096,47.5,100.0,75,128,75,7,197387,4.01068,99.5,0.23000000417232513
1740,VC_0090,GCF_001256355.1,India,Human hosts,unkwn,unkwn,unkwn,unkwn,1980,1973–1991,O1_Ogawa,Scaffold,30,43569,1889667,47.5,100.0,55,189,55,5,246225,3.983009,98.88999938964844,0.46000000834465027
1760,VC_0091,GCF_001257035.1,Vietnam,Human hosts,unkwn,unkwn,unkwn,unkwn,1995,1992–2025,O1_Inaba,Scaffold,20,57191,1861995,47.5,100.0,97,192,97,9,124370,3.918727,99.58000183105469,0.23999999463558197
1781,VC_0092,GCF_001257075.1,Bangladesh,Human hosts,unkwn,unkwn,unkwn,unkwn,2006,1992–2025,O1_Ogawa,Scaffold,7,198515,1910725,47.5,100.0,50,55,50,7,198515,4.022752,99.62999725341797,0.23999999463558197
1842,VC_0093,GCF_001257835.1,Kenya,Human hosts,unkwn,unkwn,unkwn,unkwn,2005,1992–2025,O1_Inaba,Scaffold,10,130803,1914585,47.5,100.0,48,69,48,5,330000,4.032637,99.62999725341797,0.3400000035762787
1862,VC_0094,GCF_001257895.1,India,Human hosts,unkwn,unkwn,unkwn,unkwn,2007,1992–2025,O1_Ogawa,Scaffold,6,177828,1914883,47.5,100.0,57,61,57,5,177828,4.031342,99.38999938964844,0.23999999463558197
1903,VC_0095,GCF_001258495.1,India,Human hosts,unkwn,unkwn,unkwn,unkwn,2006,1992–2025,O1_Ogawa,Scaffold,18,75067,1912935,47.5,100.0,98,172,98,7,152453,4.035639,99.36000061035156,0.2199999988079071
1944,VC_0096,GCF_001258555.1,India,Human hosts,unkwn,unkwn,unkwn,unkwn,2006,1992–2025,O1_Ogawa,Scaffold,6,235644,1905776,47.5,100.0,56,57,56,6,235680,4.012653,99.0999984741211,0.23999999463558197
1965,VC_0097,GCF_001258995.1,India,Human hosts,unkwn,unkwn,unkwn,unkwn,2007,1992–2025,O1_Ogawa,Scaffold,5,263664,1919143,47.5,100.0,50,52,50,5,263664,4.045251,99.38999938964844,0.23999999463558197
1986,VC_0098,GCF_001259055.1,Vietnam,Human hosts,unkwn,unkwn,unkwn,unkwn,2003,1992–2025,O1_Inaba,Scaffold,4,355055,1864988,47.5,100.0,39,40,39,4,355055,3.925537,99.62999725341797,0.23999999463558197
2007,VC_0099,GCF_001259135.1,India,Human hosts,unkwn,unkwn,unkwn,unkwn,2007,1992–2025,O1_Ogawa,Scaffold,17,79624,1906633,47.5,100.0,92,160,92,8,176226,4.018974,99.5,0.23999999463558197
2028,VC_0100,GCF_001259235.1,India,Human hosts,unkwn,unkwn,unkwn,unkwn,2007,1992–2025,O1_Ogawa,Scaffold,4,197989,1915833,47.5,100.0,52,54,52,4,246278,4.033126,99.5199966430664,0.23999999463558197
2070,VC_0101,GCF_001259475.1,Kenya,Human hosts,unkwn,unkwn,unkwn,unkwn,2007,1992–2025,O1_Inaba,Scaffold,15,92713,1914926,47.5,100.0,40,90,40,5,355052,4.035607,99.33999633789062,0.27000001072883606
2151,VC_0102,GCF_001259715.1,India,Human hosts,unkwn,unkwn,unkwn,unkwn,2007,1992–2025,O1_Inaba,Scaffold,5,246834,1910364,47.5,100.0,50,52,50,5,246834,4.022271,99.62999725341797,0.23999999463558197
2193,VC_0103,GCF_001259995.1,USA,Human hosts,unkwn,unkwn,unkwn,unkwn,1985,1973–1991,O1_Inaba,Scaffold,4,254645,1873598,47.5,100.0,37,38,37,4,254645,3.936701,99.33999633789062,1.2799999713897705
2214,VC_0104,GCF_001260175.1,Bangladesh,Human hosts,unkwn,unkwn,unkwn,unkwn,2001,1992–2025,O1_Ogawa,Scaffold,5,235676,1905719,47.5,100.0,48,50,48,5,235676,4.012468,99.62999725341797,0.23999999463558197
2235,VC_0105,GCF_001260295.1,Mozambique,Human hosts,unkwn,unkwn,unkwn,unkwn,2005,1992–2025,O1_Ogawa,Scaffold,5,343743,1927183,47.5,100.0,40,41,40,5,343743,4.064557,99.62999725341797,0.23999999463558197
2256,VC_0106,GCF_001260335.1,India,Human hosts,unkwn,unkwn,unkwn,unkwn,2004,1992–2025,O1_Ogawa,Scaffold,5,326482,1908929,47.5,100.0,48,51,48,4,349387,4.019959,99.16999816894531,0.2199999988079071
2317,VC_0107,GCF_001260995.1,Peru,Human hosts,unkwn,unkwn,unkwn,unkwn,1991,1973–1991,O1_Inaba,Scaffold,5,271234,1895859,47.5,100.0,62,66,62,4,399557,3.99684,99.51000213623047,0.38999998569488525
2338,VC_0108,GCF_001261075.1,India,Human hosts,unkwn,unkwn,unkwn,unkwn,1992,1992–2025,O1_Ogawa,Scaffold,31,40464,1910254,47.5,100.0,54,193,54,5,235834,4.027134,98.29000091552734,0.44999998807907104
2378,VC_0109,GCF_001261535.1,Bangladesh,Human hosts,unkwn,unkwn,unkwn,unkwn,2007,1992–2025,O1_Inaba,Scaffold,6,263515,1908572,47.5,100.0,49,53,49,5,270022,4.018875,99.62999725341797,0.25999999046325684
2399,VC_0110,GCF_001261555.1,Kenya,Human hosts,unkwn,unkwn,unkwn,unkwn,2007,1992–2025,O1_Inaba,Scaffold,21,61006,1909202,47.5,100.0,56,136,56,5,303239,4.022982,99.61000061035156,0.27000001072883606
2419,VC_0111,GCF_001282605.1,Bangladesh,unkwn,unkwn,Environmental sample,Environmental sample,unkwn,2010,1992–2025,O1_Inaba,Contig,6,299265,1927831,47.5,100.0,112,112,112,6,299265,4.068854,99.61000061035156,0.23999999463558197
2428,VC_0112,GCF_001292745.1,India,unkwn,unkwn,Environmental sample,Environmental sample,unkwn,unkwn,unkwn,unkwn,Contig,9,154347,1972343,48.0,30.0,186,186,186,9,154347,4.125773,99.62999725341797,1.059999942779541
2442,VC_0113,GCF_001292785.1,United Kingdom,unkwn,unkwn,Clinical sample,Clinical sample,unkwn,unkwn,unkwn,unkwn,Contig,10,130383,1957068,47.5,30.0,152,152,152,10,130383,4.109032,99.01000213623047,0.7300000190734863
2456,VC_0114,GCF_001402185.1,USA,unkwn,unkwn,unkwn,unkwn,41.541417 N 70.638889 W,2009,1992–2025,unkwn,Contig,3,524030,1845127,47.5,638.0,56,56,56,3,524030,3.876619,98.30000305175781,2.200000047683716
2463,VC_0115,GCF_001402255.1,USA,unkwn,unkwn,Environmental sample,Environmental sample,41.541417 N 70.638889 W,2009,1992–2025,unkwn,Scaffold,5,317073,1910887,47.5,533.0,65,66,65,5,317073,4.03212,99.30000305175781,1.4900000095367432
2470,VC_0116,GCF_001402265.1,USA,unkwn,unkwn,Environmental sample,Environmental sample,41.541417 N 70.638889 W,2009,1992–2025,unkwn,Scaffold,5,301244,1852530,47.5,552.0,50,52,50,5,301244,3.886413,98.4800033569336,2.9100000858306885
2477,VC_0117,GCF_001402275.1,USA,unkwn,unkwn,Environmental sample,Environmental sample,41.541417 N 70.638889 W,2009,1992–2025,unkwn,Scaffold,5,319299,1910267,47.5,571.0,68,69,68,5,319299,4.031104,99.30000305175781,1.4900000095367432
2484,VC_0118,GCF_001402285.1,USA,unkwn,unkwn,Environmental sample,Environmental sample,41.541417 N 70.638889 W,2009,1992–2025,unkwn,Contig,5,285370,1907326,47.5,713.0,44,44,44,5,285370,4.01543,98.87000274658203,0.9200000166893005
2491,VC_0119,GCF_001402335.1,USA,unkwn,unkwn,Environmental sample,Environmental sample,41.541417 N 70.638889 W,2009,1992–2025,unkwn,Scaffold,5,277755,1847129,47.5,746.0,58,61,58,4,347932,3.881934,98.30000305175781,2.200000047683716
2498,VC_0120,GCF_001402365.1,USA,unkwn,unkwn,Environmental sample,Environmental sample,41.541417 N 70.638889 W,2009,1992–2025,unkwn,Scaffold,5,350583,1877368,47.5,609.0,49,50,49,5,350583,3.938799,98.4800033569336,2.9200000762939453
2505,VC_0121,GCF_001402375.1,USA,unkwn,unkwn,Environmental sample,Environmental sample,41.541417 N 70.638889 W,2009,1992–2025,unkwn,Contig,5,317899,1911321,47.5,487.0,63,63,63,5,317899,4.033481,99.30000305175781,1.4900000095367432
2512,VC_0122,GCF_001402415.1,USA,unkwn,unkwn,Environmental sample,Environmental sample,41.541417 N 70.638889 W,2009,1992–2025,unkwn,Scaffold,5,348457,1853438,47.5,614.0,51,52,51,5,348457,3.888413,98.4800033569336,2.9100000858306885
2519,VC_0123,GCF_001402425.1,USA,unkwn,unkwn,Environmental sample,Environmental sample,41.541417 N 70.638889 W,2009,1992–2025,unkwn,Scaffold,5,279493,1874645,47.5,664.0,61,63,61,5,279493,3.941216,99.63999938964844,1.159999966621399
2526,VC_0124,GCF_001402435.1,USA,unkwn,unkwn,Environmental sample,Environmental sample,41.541417 N 70.638889 W,2009,1992–2025,unkwn,Scaffold,4,347467,1849473,47.5,660.0,57,59,57,4,347467,3.886853,98.30000305175781,2.200000047683716
2533,VC_0125,GCF_001402445.1,USA,unkwn,unkwn,Environmental sample,Environmental sample,41.541417 N 70.638889 W,2009,1992–2025,unkwn,Contig,5,301244,1851901,47.5,625.0,51,51,51,5,301244,3.884851,98.4800033569336,2.9100000858306885
2540,VC_0126,GCF_001402535.1,USA,unkwn,unkwn,Environmental sample,Environmental sample,41.541417 N 70.638889 W,2009,1992–2025,unkwn,Scaffold,5,276850,1852694,47.5,637.0,52,54,52,5,276850,3.886789,98.4800033569336,3.200000047683716
2547,VC_0127,GCF_001402545.1,USA,unkwn,unkwn,Environmental sample,Environmental sample,41.541417 N 70.638889 W,2009,1992–2025,unkwn,Scaffold,5,285424,1906970,47.5,628.0,47,48,47,5,285424,4.014368,98.87000274658203,0.9200000166893005
2554,VC_0128,GCF_001402575.1,USA,unkwn,unkwn,Environmental sample,Environmental sample,41.541417 N 70.638889 W,2009,1992–2025,unkwn,Scaffold,5,279444,1869368,47.5,545.0,54,55,54,4,279444,3.927241,99.61000061035156,1.159999966621399
2561,VC_0129,GCF_001402585.1,USA,unkwn,unkwn,Environmental sample,Environmental sample,41.541417 N 70.638889 W,2009,1992–2025,unkwn,Scaffold,6,260103,1913661,47.5,661.0,67,69,67,6,319299,4.03909,99.30000305175781,1.4900000095367432
2568,VC_0130,GCF_001402595.1,USA,unkwn,unkwn,Environmental sample,Environmental sample,41.541417 N 70.638889 W,2009,1992–2025,unkwn,Scaffold,5,339557,1852070,47.5,643.0,49,51,49,5,339557,3.885495,98.4800033569336,2.9100000858306885
2575,VC_0131,GCF_001402605.1,USA,unkwn,unkwn,Environmental sample,Environmental sample,41.541417 N 70.638889 W,2009,1992–2025,unkwn,Contig,5,279493,1864712,47.5,597.0,62,62,62,5,279493,3.916598,99.63999938964844,1.159999966621399
2582,VC_0132,GCF_001402655.1,USA,unkwn,unkwn,Environmental sample,Environmental sample,41.541417 N 70.638889 W,2009,1992–2025,unkwn,Scaffold,5,285370,1906658,47.5,493.0,44,45,44,5,285370,4.013838,98.87000274658203,0.9200000166893005
2589,VC_0133,GCF_001411585.1,USA,unkwn,unkwn,Environmental sample,Environmental sample,41.541417 N 70.638889 W,2009,1992–2025,unkwn,Contig,5,319299,1911159,47.5,612.0,64,64,64,5,319299,4.032885,99.30000305175781,1.4900000095367432
2596,VC_0134,GCF_001471455.2,unkwn,Environment,unkwn,Environmental sample,Environmental sample,unkwn,unkwn,unkwn,unkwn,Contig,1,2604894,2002554,47.5,540.0,7,7,7,1,2604894,4.216088,99.29000091552734,0.5600000023841858
2716,VC_0135,GCF_001471585.2,Germany,unkwn,unkwn,Environmental sample,Environmental sample,unkwn,unkwn,unkwn,unkwn,Contig,1,2902028,1920529,47.5,342.0,2,2,2,1,2902028,4.036048,96.26000213623047,2.390000104904175
2824,VC_0136,GCF_001525525.2,India,Human hosts,infectious disease,Clinical sample,Clinical sample,unkwn,1963,1961–1972,unkwn,Contig,1,2956074,1932808,47.5,446.0,3,3,3,1,2956074,4.071484,99.29000091552734,0.4399999976158142
2928,VC_0137,GCF_001641685.1,Russia,unkwn,unkwn,Environmental sample,Environmental sample,46.332352 N 44.253427 E,2012,1992–2025,unkwn,Contig,9,167919,1905992,47.5,48.0,133,133,133,9,167919,4.014173,95.69999694824219,0.699999988079071
2934,VC_0138,GCF_001641705.1,Russia,unkwn,unkwn,Environmental sample,Environmental sample,46.332352 N 44.25342699 E,2013,1992–2025,unkwn,Contig,9,167922,1881118,47.5,48.0,128,128,128,9,167922,3.961165,95.61000061035156,0.6600000262260437
2940,VC_0139,GCF_001718095.1,Sweden,Non Human,unkwn,Non-Human sample,Others,55.667906 N 13.056789 E,2006,1992–2025,non_O1,Contig,3,606048,1933885,47.5,350.0,49,49,49,3,606048,4.083945,99.3499984741211,1.5499999523162842
2948,VC_0140,GCF_001718105.1,Sweden,Non Human,unkwn,Non-Human sample,Others,55.667906 N 13.056789 E,2006,1992–2025,non_O1,Scaffold,3,388820,1900215,47.5,450.0,29,30,29,3,413477,4.000957,98.77999877929688,1.340000033378601
2956,VC_0141,GCF_001729125.1,Bangladesh,unkwn,unkwn,Environmental sample,Environmental sample,23.68 N 90.356 E,1996,1992–2025,unkwn,Contig,5,249952,1902564,47.5,1700.0,106,106,106,5,249952,3.993682,99.37999725341797,1.659999966621399
2968,VC_0142,GCF_001729155.1,Bangladesh,Human hosts,cholera,unkwn,unkwn,23.68 N 90.356 E,2011,1992–2025,unkwn,Contig,5,247875,1874908,47.5,1700.0,157,157,157,5,247875,3.948633,99.23999786376953,1.25
2984,VC_0143,GCF_001729195.1,USA,unkwn,unkwn,Food,Others,29.67 N 85.00 W,unkwn,unkwn,unkwn,Contig,9,131758,1910539,47.5,1700.0,113,113,113,9,131758,4.022142,99.63999938964844,0.9200000166893005
2996,VC_0144,GCF_001735565.1,Australia,unkwn,unkwn,Environmental sample,Environmental sample,33.965 S 150.9816667 E,2009,1992–2025,unkwn,Scaffold,10,120013,1926187,47.5,171.0,83,137,83,5,261968,4.061577,98.44999694824219,2.390000104904175
3002,VC_0145,GCF_001743085.1,Guam,unkwn,unkwn,Environmental sample,Environmental sample,13.44 N 144.794 E,1974,1973–1991,unkwn,Contig,6,279340,1913090,47.5,1700.0,160,160,160,6,279340,4.01792,98.87000274658203,2.059999942779541
3014,VC_0146,GCF_001854425.1,Haiti,unkwn,unkwn,Environmental sample,Environmental sample,18.546545 N 72.526479 W,2012,1992–2025,unkwn,Complete Genome,1,2925021,1928543,47.5,80.0,2,2,2,1,2925021,4.050927,98.30000305175781,0.6399999856948853
3020,VC_0147,GCF_001857145.1,USA,unkwn,unkwn,Food,Others,30.984 N 91.962 W,1978,1973–1991,unkwn,Contig,6,298103,1894582,47.5,1700.0,148,148,148,6,298103,3.982589,99.27999877929688,0.23999999463558197
3032,VC_0148,GCF_001857155.1,USA,unkwn,unkwn,Food,Others,32.312 N 86.90 W,2009,1992–2025,unkwn,Contig,15,81689,1992947,47.0,1700.0,247,247,247,15,81689,4.217958,96.77999877929688,3.0399999618530273
3044,VC_0149,GCF_001857165.1,USA,unkwn,unkwn,Food,Others,27.66 N 81.52 W,unkwn,unkwn,unkwn,Contig,11,113611,1870371,47.5,1700.0,152,152,152,11,113611,3.931795,99.23999786376953,0.9399999976158142
3056,VC_0150,GCF_001857175.1,USA,unkwn,unkwn,Food,Others,32.312 N 86.90 W,2009,1992–2025,unkwn,Contig,14,86631,1981966,47.5,1700.0,216,216,216,14,86631,4.193045,96.79000091552734,3.0799999237060547
3068,VC_0151,GCF_001857225.1,USA,unkwn,unkwn,Environmental sample,Environmental sample,30.984 N 91.962 W,1978,1973–1991,unkwn,Contig,11,121993,1879280,47.5,1700.0,151,151,151,11,121993,3.943436,99.23999786376953,0.6800000071525574
3080,VC_0152,GCF_001857245.1,USA,unkwn,unkwn,Environmental sample,Environmental sample,30.984 N 91.96199999 W,1986,1973–1991,unkwn,Contig,6,298103,1905418,47.5,1700.0,175,175,175,6,298103,3.99988,99.2300033569336,0.6899999976158142
3092,VC_0153,GCF_001857265.1,USA,unkwn,unkwn,Environmental sample,Environmental sample,39.045 N 76.64100000 W,1977,1973–1991,unkwn,Contig,3,289139,1876722,47.5,1700.0,130,130,130,3,289139,3.946798,98.58999633789062,1.0700000524520874
3104,VC_0154,GCF_001857285.1,USA,unkwn,unkwn,Environmental sample,Environmental sample,30.984 N 91.96199999 W,1979,1973–1991,unkwn,Contig,5,249947,1875260,47.5,1700.0,104,104,104,5,249947,3.938077,99.0999984741211,1.2799999713897705
3116,VC_0155,GCF_001857305.1,USA,unkwn,unkwn,Environmental sample,Environmental sample,30.984 N 91.962 W,1986,1973–1991,unkwn,Contig,4,320139,1912304,47.5,1700.0,152,152,152,4,320139,4.011444,98.91000366210938,0.8299999833106995
3128,VC_0156,GCF_001857325.1,USA,unkwn,unkwn,Environmental sample,Environmental sample,30.984 N 91.962 W,1986,1973–1991,unkwn,Contig,6,280655,1888407,47.5,1700.0,148,148,148,6,280655,3.97228,99.27999877929688,0.23999999463558197
3140,VC_0157,GCF_001857345.1,USA,unkwn,unkwn,Environmental sample,Environmental sample,30.984 N 91.962 W,1974,1973–1991,unkwn,Contig,5,279537,1881821,47.5,1700.0,162,162,162,5,279537,3.947558,98.81999969482422,0.800000011920929
3152,VC_0158,GCF_001857355.1,USA,unkwn,unkwn,Environmental sample,Environmental sample,30.984 N 91.962 W,1987,1973–1991,unkwn,Contig,6,298103,1887867,47.5,1700.0,135,135,135,6,298103,3.969967,99.33999633789062,0.2800000011920929
3164,VC_0159,GCF_001857365.1,Guam,unkwn,unkwn,Environmental sample,Environmental sample,13.44 N 144.794 E,1974,1973–1991,unkwn,Contig,4,287604,1909830,47.5,1700.0,165,165,165,4,287604,4.002038,98.6500015258789,2.0299999713897705
3176,VC_0160,GCF_001857405.1,Brazil,unkwn,unkwn,Environmental sample,Environmental sample,14.235 S 51.925 W,1978,1973–1991,unkwn,Contig,12,119066,1890831,47.5,1700.0,146,146,146,12,119066,3.967821,99.48999786376953,0.5099999904632568
3188,VC_0161,GCF_001857425.1,Brazil,unkwn,unkwn,Environmental sample,Environmental sample,14.235 S 51.925 W,1978,1973–1991,unkwn,Contig,10,150110,1860200,47.5,1700.0,121,121,121,10,150110,3.902363,98.9000015258789,0.6399999856948853
3212,VC_0162,GCF_001857505.1,Mexico,unkwn,unkwn,Food,Others,23.635 N 102.553 W,2007,1992–2025,unkwn,Contig,13,106941,1920601,47.5,1700.0,142,142,142,13,106941,4.056633,98.88999938964844,1.7100000381469727
3224,VC_0163,GCF_001857515.1,Haiti,unkwn,unkwn,Environmental sample,Environmental sample,18.958 N 72.047 W,2011,1992–2025,unkwn,Contig,11,130594,1895391,47.5,1700.0,143,143,143,11,130594,3.978873,98.93000030517578,1.4900000095367432
3236,VC_0164,GCF_001887395.1,Indonesia,unkwn,unkwn,unkwn,unkwn,unkwn,1957,1924–1960,unkwn,Complete Genome,1,2996195,1947074,47.5,unkwn,2,2,2,1,2996195,4.102038,99.62999725341797,0.23999999463558197
3243,VC_0165,GCF_001887415.1,China,unkwn,unkwn,unkwn,unkwn,unkwn,1974,1973–1991,unkwn,Complete Genome,1,2951445,1953563,47.5,unkwn,2,2,2,1,2951445,4.11044,99.12999725341797,0.9700000286102295
3250,VC_0166,GCF_001887435.1,India,unkwn,unkwn,unkwn,unkwn,unkwn,1964,1961–1972,unkwn,Complete Genome,1,2993255,1927882,47.5,unkwn,2,2,2,1,2993255,4.05752,99.31999969482422,0.23999999463558197
3257,VC_0167,GCF_001887455.1,India,unkwn,unkwn,unkwn,unkwn,unkwn,1962,1961–1972,unkwn,Complete Genome,1,2999012,1946028,47.5,unkwn,2,2,2,1,2999012,4.099119,99.62999725341797,0.23999999463558197
3264,VC_0168,GCF_001887475.1,USA,unkwn,unkwn,unkwn,unkwn,unkwn,1974,1973–1991,unkwn,Complete Genome,1,2969901,1932328,47.5,unkwn,2,2,2,1,2969901,4.062508,99.27999877929688,0.23999999463558197
3271,VC_0169,GCF_001887495.1,China,unkwn,unkwn,unkwn,unkwn,unkwn,1962,1961–1972,unkwn,Complete Genome,1,2996535,1951810,47.5,unkwn,2,2,2,1,2996535,4.110872,99.2300033569336,0.2199999988079071
3278,VC_0170,GCF_001887515.1,Iraq,unkwn,unkwn,unkwn,unkwn,unkwn,1938,1924–1960,unkwn,Complete Genome,1,2981414,1980226,47.5,unkwn,2,2,2,1,2981414,4.170245,98.5999984741211,0.36000001430511475
3285,VC_0171,GCF_001887615.1,Egypt,unkwn,unkwn,unkwn,unkwn,unkwn,1954,1924–1960,unkwn,Complete Genome,1,3008486,1935261,47.5,unkwn,2,2,2,1,3008486,4.076583,97.8499984741211,0.3700000047683716
3292,VC_0172,GCF_001887635.1,Australia,unkwn,unkwn,unkwn,unkwn,unkwn,1977,1973–1991,unkwn,Complete Genome,1,2939488,1910405,47.5,unkwn,2,2,2,1,2939488,4.014863,99.22000122070312,0.23999999463558197
3299,VC_0173,GCF_001887655.1,Indonesia,unkwn,unkwn,unkwn,unkwn,unkwn,1961,1961–1972,unkwn,Complete Genome,1,2961701,1935730,47.5,unkwn,2,2,2,1,2961701,4.066727,99.33000183105469,0.23999999463558197
3306,VC_0174,GCF_002073335.2,USA,Human hosts,vibrio infection,Clinical sample,Clinical sample,unkwn,unkwn,unkwn,unkwn,Complete Genome,1,2969957,1919737,47.5,15.4328,2,2,2,1,2969957,4.042269,99.62999725341797,0.23999999463558197
3378,VC_0175,GCF_002076155.1,Tanzania,Human hosts,cholera,Clinical sample,Clinical sample,4.48 S 34.44 E,2015,1992–2025,unkwn,Contig,7,235742,1910354,47.5,200.0,101,101,101,7,235742,4.024114,99.62999725341797,0.23999999463558197
3386,VC_0176,GCF_002076165.1,Tanzania,Human hosts,cholera,Clinical sample,Clinical sample,4.48 S 34.44 E,2015,1992–2025,unkwn,Contig,7,235742,1910203,47.5,200.0,96,96,96,7,235742,4.023827,99.62999725341797,0.23999999463558197
3394,VC_0177,GCF_002076175.1,Tanzania,Human hosts,cholera,Clinical sample,Clinical sample,1.47 S 34.03 E,2015,1992–2025,unkwn,Scaffold,7,235715,1910768,47.5,200.0,104,105,104,6,247562,4.025207,99.62999725341797,0.23999999463558197
3402,VC_0178,GCF_002076185.1,Tanzania,Human hosts,cholera,Clinical sample,Clinical sample,4.48 S 34.44 E,2015,1992–2025,unkwn,Scaffold,7,235742,1910839,47.5,200.0,99,101,99,6,246617,4.025935,99.62999725341797,0.23999999463558197
3410,VC_0179,GCF_002076235.1,Tanzania,Human hosts,cholera,Clinical sample,Clinical sample,6.46 S 39.12 E,2012,1992–2025,unkwn,Contig,7,235741,1919629,47.5,200.0,102,102,102,7,235741,4.04234,99.62999725341797,0.23999999463558197
3418,VC_0180,GCF_002076245.1,Tanzania,Human hosts,cholera,Clinical sample,Clinical sample,4.48 S 34.44 E,2015,1992–2025,unkwn,Contig,7,235742,1909312,47.5,200.0,94,94,94,7,235742,4.022009,99.62999725341797,0.23999999463558197
3426,VC_0181,GCF_002076255.1,Tanzania,Human hosts,cholera,Clinical sample,Clinical sample,4.52 S 29.38 E,2015,1992–2025,unkwn,Contig,8,207095,1920318,47.5,200.0,108,108,108,8,207095,4.044276,99.62999725341797,0.23999999463558197
3434,VC_0182,GCF_002076265.1,Tanzania,Human hosts,cholera,Clinical sample,Clinical sample,6.46 S 39.12 E,2012,1992–2025,unkwn,Scaffold,7,235739,1920503,47.5,200.0,93,94,93,6,249242,4.044593,99.62999725341797,0.23999999463558197
3442,VC_0183,GCF_002076315.1,Tanzania,Human hosts,cholera,Clinical sample,Clinical sample,6.46 S 39.12 E,2015,1992–2025,unkwn,Scaffold,6,246617,1910211,47.5,200.0,90,91,90,6,246617,4.02439,99.62999725341797,0.23999999463558197
3450,VC_0184,GCF_002076415.1,Tanzania,Human hosts,cholera,Clinical sample,Clinical sample,6.46 S 39.12 E,2015,1992–2025,unkwn,Scaffold,7,215352,1909631,47.5,200.0,108,109,108,7,215352,4.022767,99.62999725341797,0.23999999463558197
3458,VC_0185,GCF_002076425.1,Tanzania,Human hosts,cholera,Clinical sample,Clinical sample,6.49 S 37.40 E,2015,1992–2025,unkwn,Scaffold,7,235742,1910137,47.5,200.0,98,100,98,6,246617,4.02435,99.62999725341797,0.23999999463558197
3466,VC_0186,GCF_002076455.1,Tanzania,Human hosts,cholera,Clinical sample,Clinical sample,6.46 S 39.12 E,2015,1992–2025,unkwn,Contig,7,235742,1911003,47.5,200.0,99,99,99,7,235742,4.025417,99.62999725341797,0.23999999463558197
3474,VC_0187,GCF_002076465.1,Tanzania,Human hosts,cholera,Clinical sample,Clinical sample,1.47 S 34.03 E,2015,1992–2025,unkwn,Scaffold,6,246617,1911099,47.5,200.0,107,108,107,6,246617,4.025781,99.62999725341797,0.23999999463558197
3482,VC_0188,GCF_002076475.1,Tanzania,Human hosts,cholera,Clinical sample,Clinical sample,4.52 S 29.38 E,2015,1992–2025,unkwn,Scaffold,8,199397,1922094,47.5,200.0,119,120,119,8,207316,4.04861,99.62999725341797,0.23999999463558197
3490,VC_0189,GCF_002076485.1,Tanzania,Human hosts,cholera,Clinical sample,Clinical sample,6.46 S 39.12 E,2015,1992–2025,unkwn,Contig,7,215352,1909746,47.5,200.0,103,103,103,7,215352,4.022899,99.62999725341797,0.23999999463558197
3498,VC_0190,GCF_002076535.1,Tanzania,Human hosts,cholera,Clinical sample,Clinical sample,4.52 S 29.38 E,2015,1992–2025,unkwn,Scaffold,8,199397,1920157,47.5,200.0,113,115,113,8,207262,4.044237,99.62999725341797,0.23999999463558197
3506,VC_0191,GCF_002076545.1,Tanzania,Human hosts,cholera,Clinical sample,Clinical sample,1.47 S 34.03 E,2015,1992–2025,unkwn,Scaffold,6,247748,1910483,47.5,200.0,96,97,96,6,247748,4.02501,99.62999725341797,0.23999999463558197
3514,VC_0192,GCF_002076575.1,Tanzania,Human hosts,cholera,Clinical sample,Clinical sample,4.48 S 34.44 E,2015,1992–2025,unkwn,Scaffold,7,215439,1909672,47.5,200.0,102,103,102,6,235742,4.022861,99.62999725341797,0.23999999463558197
3522,VC_0193,GCF_002076585.1,Tanzania,Human hosts,cholera,Clinical sample,Clinical sample,1.47 S 34.03 E,2015,1992–2025,unkwn,Scaffold,7,215352,1909743,47.5,200.0,102,103,102,7,215352,4.023442,99.62999725341797,0.23999999463558197
3530,VC_0194,GCF_002076615.1,Tanzania,Human hosts,cholera,Clinical sample,Clinical sample,6.49 S 37.40 E,2015,1992–2025,unkwn,Scaffold,7,235742,1909527,47.5,200.0,95,96,95,7,235742,4.022979,99.62999725341797,0.23999999463558197
3538,VC_0195,GCF_002076635.1,Tanzania,Human hosts,cholera,Clinical sample,Clinical sample,6.49 S 37.40 E,2015,1992–2025,unkwn,Scaffold,7,235742,1910364,47.5,200.0,102,103,102,6,249242,4.024326,99.62999725341797,0.23999999463558197
3546,VC_0196,GCF_002076645.1,Tanzania,Human hosts,cholera,Clinical sample,Clinical sample,6.46 S 39.12 E,2015,1992–2025,unkwn,Contig,7,235742,1909494,47.5,200.0,99,99,99,7,235742,4.022193,99.62999725341797,0.23999999463558197
3554,VC_0197,GCF_002076665.1,Tanzania,Human hosts,cholera,Clinical sample,Clinical sample,6.49 S 37.40 E,2015,1992–2025,unkwn,Scaffold,7,235742,1909924,47.5,200.0,99,100,99,6,247562,4.023405,99.62999725341797,0.23999999463558197
3562,VC_0198,GCF_002076695.1,Tanzania,Human hosts,cholera,Clinical sample,Clinical sample,6.49 S 37.40 E,2015,1992–2025,unkwn,Contig,7,215352,1909858,47.5,200.0,108,108,108,7,215352,4.023189,99.62999725341797,0.23999999463558197
3570,VC_0199,GCF_002076705.1,Tanzania,Human hosts,cholera,Clinical sample,Clinical sample,6.49 S 37.40 E,2015,1992–2025,unkwn,Scaffold,7,235742,1910597,47.5,200.0,104,105,104,6,246617,4.024773,99.62999725341797,0.23999999463558197
3578,VC_0200,GCF_002076735.1,Tanzania,Human hosts,cholera,Clinical sample,Clinical sample,6.46 S 39.12 E,2011,1992–2025,unkwn,Scaffold,7,235741,1919283,47.5,200.0,102,103,102,7,235741,4.041711,99.62999725341797,0.23999999463558197
3586,VC_0201,GCF_002076745.1,Tanzania,Human hosts,cholera,Clinical sample,Clinical sample,6.46 S 39.12 E,2012,1992–2025,unkwn,Scaffold,6,299892,1919679,47.5,200.0,110,112,110,6,299892,4.042748,99.62999725341797,0.23999999463558197
3594,VC_0202,GCF_002076775.1,Tanzania,Human hosts,cholera,Clinical sample,Clinical sample,4.52 S 29.38 E,2015,1992–2025,unkwn,Scaffold,8,211725,1920817,47.5,200.0,98,99,98,8,211725,4.045625,99.62999725341797,0.23999999463558197
3602,VC_0203,GCF_002076785.1,Tanzania,Human hosts,cholera,Clinical sample,Clinical sample,4.52 S 29.38 E,2015,1992–2025,unkwn,Scaffold,7,235739,1921460,47.5,200.0,95,97,95,6,246617,4.046809,99.58999633789062,0.23999999463558197
3610,VC_0204,GCF_002078055.1,Tanzania,Human hosts,cholera,Clinical sample,Clinical sample,4.52 S 29.38 E,2015,1992–2025,unkwn,Scaffold,8,192081,1909179,47.5,200.0,57,58,57,8,198011,4.020592,99.62999725341797,0.23999999463558197
3618,VC_0205,GCF_002078595.1,Tanzania,Human hosts,cholera,Clinical sample,Clinical sample,4.52 S 29.38 E,2015,1992–2025,unkwn,Scaffold,8,211370,1921788,47.5,200.0,98,99,98,8,211370,4.048514,99.62999725341797,0.23999999463558197
3626,VC_0206,GCF_002078635.1,Tanzania,Human hosts,cholera,Clinical sample,Clinical sample,6.46 S 39.12 E,2015,1992–2025,unkwn,Scaffold,7,235742,1910186,47.5,200.0,93,94,93,7,235742,4.02433,99.62999725341797,0.23999999463558197
3634,VC_0207,GCF_002078695.1,Tanzania,Human hosts,cholera,Clinical sample,Clinical sample,6.46 S 39.12 E,2012,1992–2025,unkwn,Contig,7,235741,1920110,47.5,200.0,106,106,106,7,235741,4.043231,99.62999725341797,0.23999999463558197
3642,VC_0208,GCF_002078705.1,Tanzania,Human hosts,cholera,Clinical sample,Clinical sample,4.52 S 29.38 E,2015,1992–2025,unkwn,Contig,6,249242,1920158,47.5,200.0,92,92,92,6,249242,4.043733,99.58999633789062,0.23999999463558197
3650,VC_0209,GCF_002078715.1,Tanzania,Human hosts,cholera,Clinical sample,Clinical sample,4.52 S 29.38 E,2015,1992–2025,unkwn,Contig,6,299263,1917037,47.5,200.0,96,96,96,6,299263,4.039107,99.58999633789062,0.23999999463558197
3658,VC_0210,GCF_002078755.1,Tanzania,Human hosts,cholera,Clinical sample,Clinical sample,6.46 S 39.12 E,2012,1992–2025,unkwn,Scaffold,7,235741,1919128,47.5,200.0,99,100,99,6,249276,4.04132,99.62999725341797,0.23999999463558197
3666,VC_0211,GCF_002078795.1,Tanzania,Human hosts,cholera,Clinical sample,Clinical sample,4.52 S 29.38 E,2015,1992–2025,unkwn,Contig,7,235739,1920189,47.5,200.0,96,96,96,7,235739,4.044226,99.58999633789062,0.23999999463558197
3674,VC_0212,GCF_002078815.1,Tanzania,Human hosts,cholera,Clinical sample,Clinical sample,4.52 S 29.38 E,2015,1992–2025,unkwn,Scaffold,7,235739,1921157,47.5,200.0,95,96,95,6,246617,4.04574,99.58999633789062,0.23999999463558197
3682,VC_0213,GCF_002078825.1,Tanzania,Human hosts,cholera,Clinical sample,Clinical sample,4.52 S 29.38 E,2015,1992–2025,unkwn,Scaffold,6,247605,1920680,47.5,200.0,99,100,99,6,247605,4.04551,99.58999633789062,0.23999999463558197
3690,VC_0214,GCF_002097735.1,Mozambique,Human hosts,diarrhea,Clinical sample,Clinical sample,unkwn,2008,1992–2025,unkwn,Contig,8,185889,1969041,47.5,100.0,194,194,194,8,185889,4.148676,99.13999938964844,2.3399999141693115
3698,VC_0215,GCF_002097745.1,Mozambique,Human hosts,diarrhea,Clinical sample,Clinical sample,unkwn,2008,1992–2025,unkwn,Contig,9,133584,1879179,47.5,100.0,249,249,249,9,133584,3.937137,98.79000091552734,0.550000011920929
3706,VC_0216,GCF_002097765.1,Mozambique,Human hosts,diarrhea,Clinical sample,Clinical sample,unkwn,unkwn,unkwn,unkwn,Contig,8,198222,1998203,47.5,100.0,113,113,113,8,198222,4.195572,99.62999725341797,0.6399999856948853
3714,VC_0217,GCF_002097825.1,Mozambique,Human hosts,diarrhea,Clinical sample,Clinical sample,unkwn,unkwn,unkwn,unkwn,Contig,8,167915,1997736,47.5,100.0,112,112,112,8,167915,4.194523,99.62999725341797,0.6399999856948853
3722,VC_0218,GCF_002097835.1,Mozambique,Human hosts,diarrhea,Clinical sample,Clinical sample,unkwn,unkwn,unkwn,unkwn,Contig,7,212820,1995714,47.5,100.0,96,96,96,7,212820,4.190491,99.62999725341797,0.6399999856948853
3730,VC_0219,GCF_002097845.1,Mozambique,Human hosts,diarrhea,Clinical sample,Clinical sample,unkwn,unkwn,unkwn,unkwn,Contig,7,235749,1997178,47.5,100.0,111,111,111,7,235749,4.193261,99.62999725341797,0.6399999856948853
3738,VC_0220,GCF_002097895.1,Mozambique,Human hosts,diarrhea,Clinical sample,Clinical sample,unkwn,unkwn,unkwn,unkwn,Contig,6,235757,1997228,47.5,100.0,93,93,93,6,235757,4.193899,99.62999725341797,0.6399999856948853
3746,VC_0221,GCF_002097905.1,Mozambique,Human hosts,diarrhea,Clinical sample,Clinical sample,unkwn,unkwn,unkwn,unkwn,Contig,5,298463,1916003,47.5,100.0,89,89,89,5,298463,4.03426,99.62999725341797,0.23999999463558197
3754,VC_0222,GCF_002097915.1,Mozambique,Human hosts,diarrhea,Clinical sample,Clinical sample,unkwn,unkwn,unkwn,unkwn,Contig,5,299303,1998152,47.5,100.0,101,101,101,5,299303,4.195639,99.52999877929688,0.6399999856948853
3762,VC_0223,GCF_002097925.1,Mozambique,Human hosts,diarrhea,Clinical sample,Clinical sample,unkwn,unkwn,unkwn,unkwn,Contig,6,246633,1917218,47.5,100.0,95,95,95,6,246633,4.037096,99.62999725341797,0.23999999463558197
3770,VC_0224,GCF_002097975.1,Mozambique,Human hosts,diarrhea,Clinical sample,Clinical sample,unkwn,unkwn,unkwn,unkwn,Contig,6,246637,1925176,47.5,100.0,151,151,151,6,246637,4.061319,99.62999725341797,0.23999999463558197
3778,VC_0225,GCF_002097985.1,Mozambique,Human hosts,diarrhea,Clinical sample,Clinical sample,unkwn,unkwn,unkwn,unkwn,Contig,7,235737,1916154,47.5,100.0,110,110,110,7,235737,4.034679,99.62999725341797,0.23999999463558197
3786,VC_0226,GCF_002097995.1,Mozambique,Human hosts,diarrhea,Clinical sample,Clinical sample,unkwn,unkwn,unkwn,unkwn,Contig,9,166703,1984410,47.5,100.0,125,125,125,9,166703,4.16772,99.62999725341797,0.6399999856948853
3794,VC_0227,GCF_002098005.1,Mozambique,Human hosts,diarrhea,Clinical sample,Clinical sample,unkwn,unkwn,unkwn,unkwn,Contig,7,216033,1918070,47.5,100.0,98,98,98,7,216033,4.038804,99.62999725341797,0.23999999463558197
3802,VC_0228,GCF_002098055.1,Mozambique,Human hosts,diarrhea,Clinical sample,Clinical sample,unkwn,unkwn,unkwn,unkwn,Contig,7,225617,1914144,47.5,100.0,118,118,118,7,225617,4.029921,99.62999725341797,0.23999999463558197
3810,VC_0229,GCF_002098065.1,Mozambique,Human hosts,diarrhea,Clinical sample,Clinical sample,unkwn,unkwn,unkwn,unkwn,Contig,6,246645,1917974,47.5,100.0,93,93,93,6,246645,4.038667,99.62000274658203,0.23999999463558197
3818,VC_0230,GCF_002098075.1,Mozambique,Human hosts,diarrhea,Clinical sample,Clinical sample,unkwn,unkwn,unkwn,unkwn,Contig,6,274422,1916761,47.5,100.0,83,83,83,6,274422,4.036149,99.52999877929688,0.23999999463558197
3834,VC_0231,GCF_002098135.1,Mozambique,Human hosts,diarrhea,Clinical sample,Clinical sample,unkwn,unkwn,unkwn,unkwn,Contig,8,173229,1917666,47.5,100.0,109,109,109,8,173229,4.038086,99.62999725341797,0.23999999463558197
3842,VC_0232,GCF_002098145.1,Mozambique,Human hosts,diarrhea,Clinical sample,Clinical sample,unkwn,unkwn,unkwn,unkwn,Contig,7,215270,1914685,47.5,100.0,126,126,126,7,215270,4.031104,99.62999725341797,0.23999999463558197
3850,VC_0233,GCF_002098155.1,Mozambique,Human hosts,diarrhea,Clinical sample,Clinical sample,unkwn,unkwn,unkwn,unkwn,Contig,6,246625,1918762,47.5,100.0,120,120,120,6,246625,4.040267,99.62999725341797,0.2800000011920929
3858,VC_0234,GCF_002098195.1,Mozambique,Human hosts,diarrhea,Clinical sample,Clinical sample,unkwn,unkwn,unkwn,unkwn,Contig,5,246633,1923497,47.5,100.0,129,129,129,5,246633,4.049584,99.69000244140625,0.23999999463558197
3866,VC_0235,GCF_002098215.1,Mozambique,Human hosts,diarrhea,Clinical sample,Clinical sample,unkwn,unkwn,unkwn,unkwn,Contig,6,246637,1982372,47.5,100.0,108,108,108,6,246637,4.163534,99.62999725341797,0.6399999856948853
3874,VC_0236,GCF_002098225.1,Mozambique,Human hosts,diarrhea,Clinical sample,Clinical sample,unkwn,2009,1992–2025,unkwn,Contig,5,246476,2003634,47.5,100.0,106,106,106,5,246476,4.207521,99.62999725341797,0.7900000214576721
3882,VC_0237,GCF_002098235.1,Mozambique,Human hosts,diarrhea,Clinical sample,Clinical sample,unkwn,2009,1992–2025,unkwn,Contig,6,274301,2009507,47.5,100.0,154,154,154,6,274301,4.221472,99.62999725341797,0.6899999976158142
3890,VC_0238,GCF_002098255.1,Mozambique,Human hosts,diarrhea,Clinical sample,Clinical sample,unkwn,2008,1992–2025,unkwn,Contig,5,246641,1932653,47.5,100.0,145,145,145,5,246641,4.06532,99.62999725341797,0.6399999856948853
3898,VC_0239,GCF_002098295.1,Mozambique,Human hosts,diarrhea,Clinical sample,Clinical sample,unkwn,2008,1992–2025,unkwn,Contig,6,246629,1917764,47.5,100.0,108,108,108,6,246629,4.038332,99.62999725341797,0.23999999463558197
3906,VC_0240,GCF_002098305.1,Mozambique,Human hosts,diarrhea,Clinical sample,Clinical sample,unkwn,unkwn,unkwn,unkwn,Contig,7,235697,1914169,47.5,100.0,130,130,130,7,235697,4.030126,99.62999725341797,0.23999999463558197
3914,VC_0241,GCF_002098335.1,Mozambique,Human hosts,diarrhea,Clinical sample,Clinical sample,unkwn,2008,1992–2025,unkwn,Contig,5,299303,1916946,47.5,100.0,90,90,90,5,299303,4.036397,99.62999725341797,0.23999999463558197
3922,VC_0242,GCF_002098345.1,Mozambique,Human hosts,diarrhea,Clinical sample,Clinical sample,unkwn,2008,1992–2025,unkwn,Contig,9,168139,1918195,47.5,100.0,100,100,100,9,168139,4.039049,99.52999877929688,0.23999999463558197
3930,VC_0243,GCF_002098355.1,Mozambique,Human hosts,diarrhea,Clinical sample,Clinical sample,unkwn,2003,1992–2025,unkwn,Contig,6,246464,1998269,47.5,100.0,105,105,105,6,246464,4.195851,99.62999725341797,0.6399999856948853
3938,VC_0244,GCF_002098365.1,Mozambique,Human hosts,diarrhea,Clinical sample,Clinical sample,unkwn,2003,1992–2025,unkwn,Contig,6,246476,1997002,47.5,100.0,99,99,99,6,246476,4.193176,99.62999725341797,0.6399999856948853
3946,VC_0245,GCF_002098415.1,Mozambique,Human hosts,diarrhea,Clinical sample,Clinical sample,unkwn,2003,1992–2025,unkwn,Contig,9,166695,1998794,47.5,100.0,112,112,112,9,166695,4.196807,99.62999725341797,0.6399999856948853
3954,VC_0246,GCF_002098425.1,Mozambique,Human hosts,diarrhea,Clinical sample,Clinical sample,unkwn,2003,1992–2025,unkwn,Contig,8,176073,1993388,47.5,100.0,154,154,154,8,176073,4.185376,99.52999877929688,0.6399999856948853
3962,VC_0247,GCF_002098435.1,Mozambique,Human hosts,diarrhea,Clinical sample,Clinical sample,unkwn,2003,1992–2025,unkwn,Contig,7,235745,1997655,47.5,100.0,113,113,113,7,235745,4.194264,99.62999725341797,0.6399999856948853
3970,VC_0248,GCF_002098445.1,Mozambique,Human hosts,diarrhea,Clinical sample,Clinical sample,unkwn,2003,1992–2025,unkwn,Contig,7,215352,1997462,47.5,100.0,114,114,114,7,215352,4.193944,99.62999725341797,0.6399999856948853
3978,VC_0249,GCF_002098495.1,Mozambique,Human hosts,diarrhea,Clinical sample,Clinical sample,unkwn,2003,1992–2025,unkwn,Contig,6,246645,1916577,47.5,100.0,96,96,96,6,246645,4.035506,99.52999877929688,0.23999999463558197
3986,VC_0250,GCF_002098515.1,Mozambique,Human hosts,diarrhea,Clinical sample,Clinical sample,unkwn,2003,1992–2025,unkwn,Contig,6,246629,1915055,47.5,100.0,101,101,101,6,246629,4.03216,99.52999877929688,0.23999999463558197
3994,VC_0251,GCF_002098525.1,Mozambique,Human hosts,diarrhea,Clinical sample,Clinical sample,unkwn,2003,1992–2025,unkwn,Contig,8,165090,1917448,47.5,100.0,109,109,109,8,165090,4.037351,99.62999725341797,0.23999999463558197
4002,VC_0252,GCF_002098535.1,Mozambique,Human hosts,diarrhea,Clinical sample,Clinical sample,unkwn,2003,1992–2025,unkwn,Contig,6,246625,1981922,47.5,100.0,105,105,105,6,246625,4.162416,99.62999725341797,0.6399999856948853
4010,VC_0253,GCF_002098555.1,Mozambique,Human hosts,diarrhea,Clinical sample,Clinical sample,unkwn,2003,1992–2025,unkwn,Contig,9,166699,1998724,47.5,100.0,118,118,118,9,166699,4.196567,99.62999725341797,0.6399999856948853
4018,VC_0254,GCF_002098595.1,Mozambique,Human hosts,diarrhea,Clinical sample,Clinical sample,unkwn,2003,1992–2025,unkwn,Contig,5,246452,1997490,47.5,100.0,95,95,95,5,246452,4.194205,99.62999725341797,0.6399999856948853
4026,VC_0255,GCF_002098605.1,Mozambique,Human hosts,diarrhea,Clinical sample,Clinical sample,unkwn,2003,1992–2025,unkwn,Contig,7,235737,1915058,47.5,100.0,108,108,108,7,235737,4.032037,99.62999725341797,0.23999999463558197
4034,VC_0256,GCF_002098625.1,Mozambique,Human hosts,diarrhea,Clinical sample,Clinical sample,unkwn,2003,1992–2025,unkwn,Contig,6,274384,1997570,47.5,100.0,92,92,92,6,274384,4.194365,99.62999725341797,0.6399999856948853
4042,VC_0257,GCF_002098655.1,Mozambique,Human hosts,diarrhea,Clinical sample,Clinical sample,unkwn,2003,1992–2025,unkwn,Contig,6,240831,1915821,47.5,100.0,101,101,101,6,240831,4.034073,99.62999725341797,0.23999999463558197
4050,VC_0258,GCF_002098675.1,Mozambique,Human hosts,diarrhea,Clinical sample,Clinical sample,unkwn,2003,1992–2025,unkwn,Contig,7,198208,1917079,47.5,100.0,100,100,100,7,198208,4.036655,99.62999725341797,0.23999999463558197
4058,VC_0259,GCF_002098695.1,Mozambique,Human hosts,diarrhea,Clinical sample,Clinical sample,unkwn,2003,1992–2025,unkwn,Contig,7,235741,1998409,47.5,100.0,124,124,124,7,235741,4.19583,99.62999725341797,0.6399999856948853
4066,VC_0260,GCF_002098705.1,Mozambique,Human hosts,diarrhea,Clinical sample,Clinical sample,unkwn,2010,1992–2025,unkwn,Contig,6,246637,1917289,47.5,100.0,98,98,98,6,246637,4.037201,99.62999725341797,0.23999999463558197
4074,VC_0261,GCF_002098715.1,Mozambique,Human hosts,diarrhea,Clinical sample,Clinical sample,unkwn,2010,1992–2025,unkwn,Contig,8,197527,1912260,47.5,100.0,126,126,126,8,197527,4.02609,99.52999877929688,0.23999999463558197
4082,VC_0262,GCF_002098755.1,Mozambique,Human hosts,diarrhea,Clinical sample,Clinical sample,unkwn,2010,1992–2025,unkwn,Contig,5,299307,1916196,47.5,100.0,90,90,90,5,299307,4.03498,99.62999725341797,0.23999999463558197
4090,VC_0263,GCF_002098765.1,Mozambique,Human hosts,diarrhea,Clinical sample,Clinical sample,unkwn,2003,1992–2025,unkwn,Contig,7,235733,1916267,47.5,100.0,108,108,108,7,235733,4.034875,99.62999725341797,0.23999999463558197
4098,VC_0264,GCF_002098795.1,Mozambique,Human hosts,diarrhea,Clinical sample,Clinical sample,unkwn,2010,1992–2025,unkwn,Contig,7,235721,1915003,47.5,100.0,121,121,121,7,235721,4.031863,99.62999725341797,0.23999999463558197
4106,VC_0265,GCF_002098805.1,Mozambique,Human hosts,diarrhea,Clinical sample,Clinical sample,unkwn,2010,1992–2025,unkwn,Contig,6,246637,1916782,47.5,100.0,93,93,93,6,246637,4.036202,99.62999725341797,0.23999999463558197
4114,VC_0266,GCF_002098835.1,Mozambique,Human hosts,diarrhea,Clinical sample,Clinical sample,unkwn,2003,1992–2025,unkwn,Contig,6,235773,1918667,47.5,100.0,105,105,105,6,235773,4.040221,99.62999725341797,0.23999999463558197
4122,VC_0267,GCF_002098845.1,Mozambique,Human hosts,diarrhea,Clinical sample,Clinical sample,unkwn,unkwn,unkwn,unkwn,Contig,8,198190,1981875,47.5,100.0,112,112,112,8,198190,4.162346,99.62999725341797,0.6399999856948853
4130,VC_0268,GCF_002098875.1,Mozambique,Human hosts,diarrhea,Clinical sample,Clinical sample,unkwn,2003,1992–2025,unkwn,Contig,5,246625,1917932,47.5,100.0,110,110,110,5,246625,4.040112,99.62999725341797,0.23999999463558197
4138,VC_0269,GCF_002098885.1,Mozambique,Human hosts,diarrhea,Clinical sample,Clinical sample,unkwn,2003,1992–2025,unkwn,Contig,6,235757,1916930,47.5,100.0,95,95,95,6,235757,4.036548,99.62999725341797,0.23999999463558197
4146,VC_0270,GCF_002098915.1,Mozambique,Human hosts,diarrhea,Clinical sample,Clinical sample,unkwn,2003,1992–2025,unkwn,Contig,5,299283,1916605,47.5,100.0,95,95,95,5,299283,4.035667,99.62999725341797,0.23999999463558197
4154,VC_0271,GCF_002098935.1,Mozambique,Human hosts,diarrhea,Clinical sample,Clinical sample,unkwn,2002,1992–2025,unkwn,Contig,6,274420,1916096,47.5,100.0,85,85,85,6,274420,4.03464,99.62999725341797,0.23999999463558197
4162,VC_0272,GCF_002098955.1,Mozambique,Human hosts,diarrhea,Clinical sample,Clinical sample,unkwn,2002,1992–2025,unkwn,Contig,7,215343,1917016,47.5,100.0,124,124,124,7,215343,4.036351,99.62999725341797,0.23999999463558197
4170,VC_0273,GCF_002098965.1,Mozambique,Human hosts,diarrhea,Clinical sample,Clinical sample,unkwn,2002,1992–2025,unkwn,Contig,7,235733,1915628,47.5,100.0,109,109,109,7,235733,4.033489,99.62999725341797,0.23999999463558197
4178,VC_0274,GCF_002098995.1,Mozambique,Human hosts,diarrhea,Clinical sample,Clinical sample,unkwn,2002,1992–2025,unkwn,Contig,7,235697,1916713,47.5,100.0,111,111,111,7,235697,4.036015,99.62999725341797,0.23999999463558197
4186,VC_0275,GCF_002099015.1,Mozambique,Human hosts,diarrhea,Clinical sample,Clinical sample,unkwn,2002,1992–2025,unkwn,Contig,6,246625,1917286,47.5,100.0,107,107,107,6,246625,4.036556,99.62999725341797,0.23999999463558197
4194,VC_0276,GCF_002099035.1,Mozambique,Human hosts,diarrhea,Clinical sample,Clinical sample,unkwn,2002,1992–2025,unkwn,Contig,6,235753,1915379,47.5,100.0,101,101,101,6,235753,4.032775,99.62999725341797,0.23999999463558197
4202,VC_0277,GCF_002099055.1,Mozambique,Human hosts,diarrhea,Clinical sample,Clinical sample,unkwn,2002,1992–2025,unkwn,Contig,8,168110,1918023,47.5,100.0,103,103,103,8,168110,4.038651,99.62999725341797,0.23999999463558197
4210,VC_0278,GCF_002099065.1,Mozambique,Human hosts,unkwn,Environmental sample,Environmental sample,unkwn,2002,1992–2025,unkwn,Contig,7,235689,1915368,47.5,100.0,118,118,118,7,235689,4.032716,99.62999725341797,0.23999999463558197
4217,VC_0279,GCF_002099095.1,Mozambique,Human hosts,unkwn,Environmental sample,Environmental sample,unkwn,2002,1992–2025,unkwn,Contig,6,235741,1979968,47.5,100.0,120,120,120,6,235741,4.157755,99.62999725341797,0.6399999856948853
4224,VC_0280,GCF_002099115.1,Mozambique,Human hosts,unkwn,Environmental sample,Environmental sample,unkwn,2005,1992–2025,unkwn,Contig,6,235757,1916382,47.5,100.0,94,94,94,6,235757,4.035087,99.62999725341797,0.23999999463558197
4231,VC_0281,GCF_002099125.1,Mozambique,Human hosts,diarrhea,Clinical sample,Clinical sample,unkwn,2002,1992–2025,unkwn,Contig,6,235749,1915999,47.5,100.0,101,101,101,6,235749,4.03425,99.62999725341797,0.23999999463558197
4239,VC_0282,GCF_002102575.1,Guinea,Human hosts,cholera,Clinical sample,Clinical sample,9.26 N 13.05 W,1986,1973–1991,unkwn,Contig,9,172451,1868340,47.5,48.0,117,117,117,9,172451,3.933642,97.41999816894531,0.25999999046325684
4248,VC_0283,GCF_002114205.1,Ukraine,Human hosts,vibrio infection,Clinical sample,Clinical sample,48.4137 N 33.7028 E,unkwn,unkwn,unkwn,Contig,8,155189,1885729,47.5,48.0,117,117,117,8,155189,3.960877,97.80000305175781,1.6299999952316284
4256,VC_0284,GCF_002196055.1,Russia,Human hosts,vibrio infection,Clinical sample,Clinical sample,43.5992 N 39.7257 E,2004,1992–2025,unkwn,Contig,9,152876,1884680,47.5,48.0,159,159,159,9,152876,3.961379,98.8499984741211,0.8999999761581421
4264,VC_0285,GCF_002196065.1,Russia,Human hosts,vibrio infection,Clinical sample,Clinical sample,47.2313 N 39.7233 E,2005,1992–2025,unkwn,Contig,7,180510,1902895,47.5,48.0,121,121,121,7,180510,4.012469,97.69999694824219,0.2199999988079071
4288,VC_0286,GCF_002196135.1,Ukraine,unkwn,vibrio infection,Environmental sample,Environmental sample,44.2958 N 34.0919 E,2016,1992–2025,unkwn,Contig,8,139355,1954502,47.5,48.0,165,165,165,8,139355,4.115283,98.0199966430664,0.2199999988079071
4297,VC_0287,GCF_002196155.1,Ukraine,Human hosts,vibrio infection,Clinical sample,Clinical sample,47.545 N 37.3258 E,unkwn,unkwn,unkwn,Contig,7,227762,1954232,47.5,48.0,104,104,104,7,227762,4.117933,98.62000274658203,0.23999999463558197
4306,VC_0288,GCF_002196165.1,Ukraine,Human hosts,vibrio infection,Clinical sample,Clinical sample,47.5 N 35.1 E,2016,1992–2025,unkwn,Contig,7,188499,1882827,47.5,48.0,231,231,231,7,188499,3.960426,99.08999633789062,0.7599999904632568
4314,VC_0289,GCF_002196175.1,Ukraine,Human hosts,vibrio infection,Clinical sample,Clinical sample,47.55 N 33.15 E,2016,1992–2025,unkwn,Contig,4,349430,1934012,47.5,48.0,98,98,98,4,349430,4.076049,97.13999938964844,0.23000000417232513
4322,VC_0290,GCF_002196225.1,Ukraine,Human hosts,vibrio infection,Clinical sample,Clinical sample,47.545 N 37.3258 E,2016,1992–2025,unkwn,Contig,7,210510,1887600,47.5,48.0,72,72,72,7,210510,3.971369,98.6500015258789,0.8899999856948853
4340,VC_0291,GCF_002196305.1,Russia,unkwn,vibrio infection,Environmental sample,Environmental sample,43.5992 N 39.7257 E,unkwn,unkwn,unkwn,Contig,8,205818,1895397,47.5,48.0,126,126,126,8,205818,3.984043,96.3499984741211,1.2200000286102295
4367,VC_0292,GCF_002284075.1,USA,unkwn,unkwn,Environmental sample,Environmental sample,41.5414 N 70.6389 W,2009,1992–2025,unkwn,Contig,7,220009,1841981,47.5,102.0,75,75,75,7,220009,3.869397,98.19999694824219,2.2899999618530273
4374,VC_0293,GCF_002284095.1,USA,unkwn,unkwn,Environmental sample,Environmental sample,41.5414 N 70.6389 W,2009,1992–2025,unkwn,Contig,7,210543,1910727,47.5,297.0,72,72,72,7,210543,4.033034,99.30000305175781,1.4900000095367432
4381,VC_0294,GCF_002284115.1,USA,unkwn,unkwn,Environmental sample,Environmental sample,41.5414 N 70.6389 W,2009,1992–2025,unkwn,Scaffold,7,210741,1913333,47.5,366.0,66,67,66,7,210741,4.038901,99.30000305175781,1.4900000095367432
4388,VC_0295,GCF_002284125.1,USA,unkwn,unkwn,Environmental sample,Environmental sample,41.5414 N 70.6389 W,2009,1992–2025,unkwn,Scaffold,31,43926,1865817,47.5,138.0,185,187,185,31,43926,3.926089,98.94000244140625,1.090000033378601
4395,VC_0296,GCF_002284155.1,USA,unkwn,unkwn,Environmental sample,Environmental sample,41.5414 N 70.6389 W,2009,1992–2025,unkwn,Contig,7,200244,1878419,47.5,178.0,75,75,75,7,200244,3.950949,98.38999938964844,2.5799999237060547
4402,VC_0297,GCF_002284175.1,USA,unkwn,unkwn,Environmental sample,Environmental sample,41.5414 N 70.6389 W,2009,1992–2025,unkwn,Scaffold,8,150335,1865476,47.5,134.0,66,67,66,8,150335,3.912172,98.44999694824219,2.8399999141693115
4409,VC_0298,GCF_002284185.1,USA,unkwn,unkwn,Environmental sample,Environmental sample,41.5414 N 70.6389 W,2009,1992–2025,unkwn,Scaffold,11,143218,1881501,47.5,76.0,91,92,91,10,145248,3.957612,97.9800033569336,1.940000057220459
4416,VC_0299,GCF_002284205.1,USA,unkwn,unkwn,Environmental sample,Environmental sample,41.5414 N 70.6389 W,2009,1992–2025,unkwn,Scaffold,21,54485,1919930,47.5,46.0,161,163,161,20,54485,4.036442,98.48999786376953,3.0199999809265137
4423,VC_0300,GCF_002284235.1,USA,unkwn,unkwn,Environmental sample,Environmental sample,41.5414 N 70.6389 W,2009,1992–2025,unkwn,Contig,10,153842,1942026,47.5,137.0,172,172,172,10,153842,4.088901,98.83000183105469,2.5799999237060547
4430,VC_0301,GCF_002284245.1,USA,unkwn,unkwn,Environmental sample,Environmental sample,41.5414 N 70.6389 W,2009,1992–2025,unkwn,Scaffold,7,181085,1875437,47.5,154.0,57,58,57,7,181085,3.934959,98.4800033569336,2.9200000762939453
4444,VC_0302,GCF_002284265.1,USA,unkwn,unkwn,Environmental sample,Environmental sample,41.5414 N 70.6389 W,2009,1992–2025,unkwn,Scaffold,10,124026,1837930,47.5,57.0,87,91,87,10,124026,3.860908,98.38999938964844,2.2699999809265137
4451,VC_0303,GCF_002284315.1,USA,unkwn,unkwn,Environmental sample,Environmental sample,41.5414 N 70.6389 W,2009,1992–2025,unkwn,Scaffold,10,133911,1859718,47.5,48.0,91,95,91,10,133911,3.907548,99.48999786376953,0.6600000262260437
4458,VC_0304,GCF_002284325.1,USA,unkwn,unkwn,Environmental sample,Environmental sample,41.5414 N 70.6389 W,2009,1992–2025,unkwn,Scaffold,7,246196,1867099,47.5,106.0,76,80,76,7,246196,3.927912,99.44999694824219,2.130000114440918
4465,VC_0305,GCF_002284355.1,USA,unkwn,unkwn,Environmental sample,Environmental sample,41.5414 N 70.6389 W,2009,1992–2025,unkwn,Contig,14,94842,1874761,47.5,83.0,117,117,117,14,94842,3.937113,99.22000122070312,2.240000009536743
4472,VC_0306,GCF_002284365.1,USA,unkwn,unkwn,Environmental sample,Environmental sample,41.5414 N 70.6389 W,2009,1992–2025,unkwn,Scaffold,10,128082,1869506,47.5,90.0,90,92,90,10,128082,3.929714,99.63999938964844,1.159999966621399
4479,VC_0307,GCF_002284395.1,USA,unkwn,unkwn,Environmental sample,Environmental sample,41.5414 N 70.6389 W,2009,1992–2025,unkwn,Scaffold,8,174738,1929800,47.5,691.0,68,69,68,8,174738,4.06838,98.70999908447266,3.2300000190734863
4486,VC_0308,GCF_002284415.1,USA,unkwn,unkwn,Environmental sample,Environmental sample,41.5414 N 70.6389 W,2009,1992–2025,unkwn,Scaffold,4,339252,1891133,47.5,292.0,55,56,55,4,339252,3.966741,98.3499984741211,2.9200000762939453
4493,VC_0309,GCF_002284425.1,USA,unkwn,unkwn,Environmental sample,Environmental sample,41.5414 N 70.6389 W,2009,1992–2025,unkwn,Scaffold,19,71205,1940166,47.5,159.0,135,136,135,19,71205,4.082264,98.13999938964844,3.369999885559082
4500,VC_0310,GCF_002284455.1,USA,unkwn,unkwn,Environmental sample,Environmental sample,41.5414 N 70.6389 W,2009,1992–2025,unkwn,Scaffold,31,42485,1870632,47.5,101.0,199,200,199,31,42627,3.94252,97.69999694824219,2.7300000190734863
4507,VC_0311,GCF_002284475.1,USA,unkwn,unkwn,Environmental sample,Environmental sample,41.5414 N 70.6389 W,2009,1992–2025,unkwn,Scaffold,6,210940,1894991,47.5,516.0,50,51,50,6,210940,3.989036,99.29000091552734,1.340000033378601
4514,VC_0312,GCF_002284495.1,USA,unkwn,unkwn,Environmental sample,Environmental sample,41.5414 N 70.6389 W,2009,1992–2025,unkwn,Scaffold,12,119133,1882924,47.5,313.0,121,123,121,12,119133,3.969671,98.16000366210938,2.119999885559082
4521,VC_0313,GCF_002313025.1,South Korea,unkwn,unkwn,Non-Human sample,Others,35.16 N 126.85000000 E,2014,1992–2025,unkwn,Complete Genome,1,3028272,1955329,47.5,266.41,2,2,2,1,3028272,4.095733,98.08000183105469,1.4199999570846558
4528,VC_0314,GCF_002749635.1,Bahrain,Human hosts,cholera,Clinical sample,Clinical sample,unkwn,1978,1973–1991,unkwn,Complete Genome,1,2992571,1930051,47.5,600.0,2,2,2,1,2992571,4.063073,99.62999725341797,0.23999999463558197
4536,VC_0315,GCF_002807705.1,Bangladesh,Human hosts,cholera,Clinical sample,Clinical sample,23.7763 N 90.4000 E,2014,1992–2025,unkwn,Contig,7,178123,1918509,47.5,591.0,82,82,82,7,178123,4.041648,99.52999877929688,0.23999999463558197
4545,VC_0316,GCF_002807725.1,Bangladesh,unkwn,unkwn,Environmental sample,Environmental sample,23.7763 N 90.4000 E,2013,1992–2025,unkwn,Contig,7,215354,1874192,47.5,587.0,77,77,77,7,215354,3.946275,99.5199966430664,0.23999999463558197
4552,VC_0317,GCF_002807735.1,Bangladesh,unkwn,unkwn,Environmental sample,Environmental sample,23.7763 N 90.4000 E,2013,1992–2025,unkwn,Scaffold,8,178126,1918434,47.5,582.0,81,83,81,7,178126,4.042063,99.52999877929688,0.23999999463558197
4559,VC_0318,GCF_002807765.1,Bangladesh,Human hosts,cholera,Clinical sample,Clinical sample,23.7763 N 90.4000 E,2013,1992–2025,unkwn,Scaffold,8,178949,1918728,47.5,353.0,77,79,77,7,180414,4.042676,99.52999877929688,0.23999999463558197
4568,VC_0319,GCF_002807785.1,Bangladesh,Human hosts,cholera,Clinical sample,Clinical sample,23.7763 N 90.4000 E,2014,1992–2025,unkwn,Scaffold,8,178392,1918771,47.5,362.0,83,84,83,8,178392,4.042653,99.5199966430664,0.23999999463558197
4577,VC_0320,GCF_002807805.1,Bangladesh,unkwn,unkwn,Environmental sample,Environmental sample,23.7763 N 90.4000 E,2014,1992–2025,unkwn,Contig,8,178404,1921225,47.5,383.0,84,84,84,8,178404,4.046403,99.52999877929688,0.23999999463558197
4584,VC_0321,GCF_002807825.1,Bangladesh,Human hosts,cholera,Clinical sample,Clinical sample,23.7763 N 90.4000 E,2014,1992–2025,unkwn,Scaffold,8,158725,1919218,47.5,513.0,79,81,79,8,178091,4.043584,99.52999877929688,0.23999999463558197
4593,VC_0322,GCF_002807835.1,Bangladesh,unkwn,unkwn,Environmental sample,Environmental sample,23.7763 N 90.4000 E,2013,1992–2025,unkwn,Scaffold,7,181328,1875533,47.5,531.0,75,78,75,7,215439,3.949769,99.25,0.23999999463558197
4600,VC_0323,GCF_002807865.1,Bangladesh,Human hosts,cholera,Clinical sample,Clinical sample,23.7763 N 90.4000 E,2014,1992–2025,unkwn,Scaffold,7,169833,1877726,47.5,818.0,80,81,80,7,169833,3.954018,99.51000213623047,0.23999999463558197
4609,VC_0324,GCF_002807875.1,Bangladesh,Human hosts,cholera,Clinical sample,Clinical sample,23.7763 N 90.4000 E,2013,1992–2025,unkwn,Scaffold,8,158567,1920110,47.5,402.0,82,84,82,8,178092,4.044638,99.52999877929688,0.23999999463558197
4618,VC_0325,GCF_002807895.1,Bangladesh,Human hosts,cholera,Clinical sample,Clinical sample,23.7763 N 90.4000 E,2014,1992–2025,unkwn,Scaffold,8,178404,1919116,47.5,405.0,79,81,79,8,178404,4.043457,99.52999877929688,0.23999999463558197
4627,VC_0326,GCF_002807925.1,Bangladesh,unkwn,unkwn,Environmental sample,Environmental sample,23.7763 N 90.4000 E,2014,1992–2025,unkwn,Scaffold,7,215439,1911877,47.5,558.0,82,84,82,7,215439,4.02734,99.52999877929688,0.23999999463558197
4634,VC_0327,GCF_002807945.1,Bangladesh,Human hosts,cholera,Clinical sample,Clinical sample,23.7763 N 90.4000 E,2013,1992–2025,unkwn,Scaffold,8,178949,1918716,47.5,430.0,83,84,83,8,178949,4.042529,99.52999877929688,0.23999999463558197
4643,VC_0328,GCF_002807965.1,Bangladesh,Human hosts,cholera,Clinical sample,Clinical sample,23.7763 N 90.4000 E,2013,1992–2025,unkwn,Scaffold,8,178949,1920616,47.5,392.0,81,83,81,7,180414,4.045868,99.52999877929688,0.23999999463558197
4652,VC_0329,GCF_002807975.1,Bangladesh,unkwn,unkwn,Environmental sample,Environmental sample,23.7763 N 90.4000 E,2014,1992–2025,unkwn,Scaffold,8,178015,1917307,47.5,444.0,86,87,86,8,178015,4.039674,99.52999877929688,0.23999999463558197
4659,VC_0330,GCF_002807985.1,Bangladesh,unkwn,unkwn,Environmental sample,Environmental sample,23.7763 N 90.4000 E,2013,1992–2025,unkwn,Scaffold,8,178949,1918542,47.5,431.0,77,79,77,7,180414,4.0423,99.5199966430664,0.23999999463558197
4666,VC_0331,GCF_002808065.1,Bangladesh,Human hosts,cholera,Clinical sample,Clinical sample,23.7763 N 90.4000 E,2013,1992–2025,unkwn,Scaffold,7,215352,1918946,47.5,278.0,78,79,78,7,215352,4.043032,99.52999877929688,0.23999999463558197
4675,VC_0332,GCF_002808075.1,Bangladesh,unkwn,unkwn,Environmental sample,Environmental sample,23.7763 N 90.4000 E,2013,1992–2025,unkwn,Scaffold,8,178126,1918202,47.5,276.0,82,83,82,8,178126,4.041449,99.52999877929688,0.23999999463558197
4682,VC_0333,GCF_002808105.1,Bangladesh,Human hosts,cholera,Clinical sample,Clinical sample,23.7763 N 90.4000 E,2014,1992–2025,unkwn,Scaffold,8,178949,1920283,47.5,438.0,81,82,81,8,178949,4.044553,99.52999877929688,0.23999999463558197
4691,VC_0334,GCF_002808125.1,Bangladesh,unkwn,unkwn,Environmental sample,Environmental sample,23.7763 N 90.4000 E,2014,1992–2025,unkwn,Scaffold,6,215352,1918546,47.5,491.0,79,80,79,6,215352,4.042056,99.52999877929688,0.23999999463558197
4698,VC_0335,GCF_002808145.1,Bangladesh,Human hosts,cholera,Clinical sample,Clinical sample,23.7763 N 90.4000 E,2013,1992–2025,unkwn,Scaffold,6,215439,1918610,47.5,397.0,79,81,79,6,215439,4.042349,99.52999877929688,0.23999999463558197
4707,VC_0336,GCF_002808155.1,Bangladesh,unkwn,unkwn,Environmental sample,Environmental sample,23.7763 N 90.4000 E,2014,1992–2025,unkwn,Scaffold,8,169833,1919642,47.5,501.0,78,81,78,7,178318,4.045052,99.5199966430664,0.23999999463558197
4714,VC_0337,GCF_002808165.1,Bangladesh,Human hosts,cholera,Clinical sample,Clinical sample,23.7763 N 90.4000 E,2013,1992–2025,unkwn,Scaffold,7,178126,1918964,47.5,412.0,79,81,79,6,178126,4.044047,99.52999877929688,0.23999999463558197
4723,VC_0338,GCF_002808205.1,Bangladesh,unkwn,unkwn,Environmental sample,Environmental sample,23.7763 N 90.4000 E,2014,1992–2025,unkwn,Scaffold,8,178407,1919859,47.5,351.0,82,84,82,8,178407,4.044346,99.08999633789062,0.23999999463558197
4730,VC_0339,GCF_002808215.1,Bangladesh,Human hosts,cholera,Clinical sample,Clinical sample,23.7763 N 90.4000 E,2013,1992–2025,unkwn,Contig,8,178125,1918715,47.5,414.0,80,80,80,8,178125,4.042333,99.52999877929688,0.23999999463558197
4739,VC_0340,GCF_002808225.1,Bangladesh,Human hosts,cholera,Clinical sample,Clinical sample,23.7763 N 90.4000 E,2013,1992–2025,unkwn,Scaffold,7,215352,1918509,47.5,283.0,81,82,81,7,215352,4.04173,99.52999877929688,0.23999999463558197
4748,VC_0341,GCF_002808265.1,Bangladesh,Human hosts,cholera,Clinical sample,Clinical sample,23.7763 N 90.4000 E,2013,1992–2025,unkwn,Scaffold,8,176281,1918814,47.5,228.0,81,83,81,8,178318,4.043006,99.52999877929688,0.23999999463558197
4757,VC_0342,GCF_002808275.1,Bangladesh,Human hosts,cholera,Clinical sample,Clinical sample,23.7763 N 90.4000 E,2013,1992–2025,unkwn,Scaffold,7,215439,1918628,47.5,311.0,76,77,76,7,215439,4.042366,99.52999877929688,0.23999999463558197
4766,VC_0343,GCF_002808305.1,Bangladesh,unkwn,unkwn,Environmental sample,Environmental sample,23.7763 N 90.4000 E,2014,1992–2025,unkwn,Scaffold,9,129606,1898441,47.5,454.0,96,98,96,8,135606,3.999339,97.94999694824219,0.23999999463558197
4773,VC_0344,GCF_002808325.1,Bangladesh,unkwn,unkwn,Environmental sample,Environmental sample,23.7763 N 90.4000 E,2013,1992–2025,unkwn,Scaffold,6,222206,1918981,47.5,240.0,75,76,75,6,222206,4.043126,99.52999877929688,0.23999999463558197
4780,VC_0345,GCF_002808345.1,Bangladesh,Human hosts,cholera,Clinical sample,Clinical sample,23.7763 N 90.4000 E,2013,1992–2025,unkwn,Scaffold,7,215352,1917622,47.5,290.0,77,79,77,6,215352,4.040182,99.52999877929688,0.23999999463558197
4789,VC_0346,GCF_002808355.1,Bangladesh,unkwn,unkwn,Environmental sample,Environmental sample,23.7763 N 90.4000 E,2013,1992–2025,unkwn,Scaffold,7,152439,1918629,47.5,455.0,84,85,84,7,158934,4.04239,99.52999877929688,0.23999999463558197
4796,VC_0347,GCF_002808365.1,Bangladesh,unkwn,unkwn,Environmental sample,Environmental sample,23.7763 N 90.4000 E,2013,1992–2025,unkwn,Contig,8,178125,1935018,47.5,489.0,84,84,84,8,178125,4.075565,99.52999877929688,0.23999999463558197
4803,VC_0348,GCF_002808405.1,Bangladesh,unkwn,unkwn,Environmental sample,Environmental sample,23.7763 N 90.4000 E,2013,1992–2025,unkwn,Contig,6,178126,1918856,47.5,511.0,83,83,83,6,178126,4.042531,99.52999877929688,0.23999999463558197
4810,VC_0349,GCF_002808415.1,Bangladesh,Human hosts,cholera,Clinical sample,Clinical sample,23.7763 N 90.4000 E,2013,1992–2025,unkwn,Contig,8,178126,1918936,47.5,423.0,85,85,85,8,178126,4.042872,99.52999877929688,0.23999999463558197
4819,VC_0350,GCF_002808435.1,Bangladesh,Human hosts,cholera,Clinical sample,Clinical sample,23.7763 N 90.4000 E,2013,1992–2025,unkwn,Scaffold,7,180414,1918849,47.5,291.0,77,79,77,6,180414,4.043072,99.52999877929688,0.23999999463558197
4828,VC_0351,GCF_002808465.1,Bangladesh,Human hosts,cholera,Clinical sample,Clinical sample,23.7763 N 90.4000 E,2013,1992–2025,unkwn,Scaffold,7,178258,1918830,47.5,210.0,82,83,82,7,178258,4.042896,99.52999877929688,0.23999999463558197
4837,VC_0352,GCF_002808485.1,Bangladesh,Human hosts,cholera,Clinical sample,Clinical sample,23.7763 N 90.4000 E,2013,1992–2025,unkwn,Contig,7,215352,1918656,47.5,267.0,80,80,80,7,215352,4.041908,99.52999877929688,0.23999999463558197
4846,VC_0353,GCF_002843255.1,Bangladesh,unkwn,unkwn,Environmental sample,Environmental sample,23.8103 N 90.4125 E,2017,1992–2025,unkwn,Contig,15,88886,1972614,47.5,10.0,177,177,177,15,88886,4.145933,98.31999969482422,1.3700000047683716
4852,VC_0354,GCF_002890525.1,Sweden,Human hosts,vibrio infection,Clinical sample,Clinical sample,unkwn,2006,1992–2025,non_O1,Contig,7,196046,1928769,47.5,238.0,39,39,39,7,196046,4.059991,99.12000274658203,0.9800000190734863
4861,VC_0355,GCF_002892855.1,USA,Human hosts,cholera,Clinical sample,Clinical sample,38.34 N 121.29 W,1992,1992–2025,O1_unkwn,Complete Genome,1,3015092,1938949,47.5,121.0,2,2,2,1,3015092,4.085463,99.62999725341797,0.23999999463558197
4872,VC_0356,GCF_002899735.1,India,Human hosts,cholera,Clinical sample,Clinical sample,22.57 N 88.36 E,2014,1992–2025,unkwn,Contig,19,78161,2085064,47.5,50.0,123,123,123,19,78161,4.404109,96.19000244140625,2.890000104904175
4881,VC_0357,GCF_002911455.1,Russia,Human hosts,cholera,unkwn,unkwn,47.238848 N 38.882676 E,1972,1961–1972,O1_unkwn,Scaffold,8,168818,1889337,47.5,30.0,114,148,114,8,176375,3.982623,99.61000061035156,0.23999999463558197
4891,VC_0358,GCF_002918335.1,India,unkwn,unkwn,Environmental sample,Environmental sample,unkwn,1994,1992–2025,non_O1,Scaffold,4,355790,1905627,47.5,79.49,58,59,58,4,355790,4.012364,98.68000030517578,0.23999999463558197
4897,VC_0359,GCF_002918345.1,India,unkwn,unkwn,Environmental sample,Environmental sample,unkwn,1994,1992–2025,non_O1,Scaffold,4,314445,1907388,47.5,54.38,59,60,59,4,314445,4.014421,98.91000366210938,0.2800000011920929
4903,VC_0360,GCF_002997215.1,Peru,Human hosts,unkwn,unkwn,unkwn,unkwn,1992,1992–2025,unkwn,Complete Genome,1,3015093,1938955,47.5,144.0,2,2,2,1,3015093,4.08546,99.62999725341797,0.23999999463558197
4908,VC_0361,GCF_003013485.1,Iraq,Human hosts,cholera,Clinical sample,Clinical sample,33.29380355 N 44.385452 E,1966,1961–1972,unkwn,Contig,5,356098,1919093,47.5,105.0,124,124,124,5,356098,4.045779,99.62999725341797,0.23999999463558197
4916,VC_0362,GCF_003015005.1,Ukraine,Human hosts,vibrio infection,Environmental sample,Environmental sample,47.0951400 N 37.5413100 E,2011,1992–2025,unkwn,Contig,6,198101,1908765,47.5,48.0,97,97,97,6,198101,4.019066,99.3499984741211,0.23999999463558197
4925,VC_0363,GCF_003056705.1,Ukraine,Human hosts,unkwn,Clinical sample,Clinical sample,47.43 N 31.8 E,1995,1992–2025,unkwn,Contig,13,95000,1951528,47.5,48.0,203,203,203,13,95000,4.111774,95.79000091552734,0.38999998569488525
4934,VC_0364,GCF_003056955.1,Russia,Human hosts,unkwn,Environmental sample,Environmental sample,58.0104600 N 56.2501700 E,2003,1992–2025,unkwn,Contig,4,299066,1912965,47.5,48.0,114,114,114,4,299066,4.025851,98.3499984741211,0.23999999463558197
4943,VC_0365,GCF_003056975.1,Russia,unkwn,unkwn,Environmental sample,Environmental sample,46.3077800 N 44.2558300 E,2015,1992–2025,unkwn,Contig,6,198794,1885193,47.5,48.0,123,123,123,6,198794,3.970206,97.83999633789062,0.6899999976158142
4950,VC_0366,GCF_003056995.1,Russia,Human hosts,unkwn,Clinical sample,Clinical sample,55.1540200 N 55.1540200 E,2000,1992–2025,unkwn,Contig,4,247385,1891827,47.5,48.0,83,83,83,4,247385,3.975667,96.9000015258789,1.309999942779541
4959,VC_0367,GCF_003057015.1,Russia,unkwn,unkwn,Environmental sample,Environmental sample,46.3077800 N 44.2558300 E,2014,1992–2025,unkwn,Contig,6,178956,1858814,47.5,48.0,121,121,121,6,178956,3.903289,96.97000122070312,0.8899999856948853
4966,VC_0368,GCF_003057035.1,Russia,unkwn,unkwn,Environmental sample,Environmental sample,46.3077800 N 44.2558300 E,2017,1992–2025,unkwn,Contig,7,207370,1898856,47.5,48.0,101,101,101,7,207370,3.998812,96.81999969482422,1.1299999952316284
4973,VC_0369,GCF_003057055.1,Russia,Human hosts,unkwn,Environmental sample,Environmental sample,46.3077800 N 44.2558300 E,2015,1992–2025,unkwn,Contig,6,180640,1884045,47.5,48.0,125,125,125,6,180640,3.967932,98.56999969482422,0.6200000047683716
4982,VC_0370,GCF_003057075.1,Russia,unkwn,unkwn,Environmental sample,Environmental sample,46.3077800 N 44.2558300 E,2015,1992–2025,unkwn,Contig,7,179555,1883580,47.5,48.0,125,125,125,7,179555,3.966695,97.91000366210938,0.6899999976158142
4989,VC_0371,GCF_003057085.1,Russia,unkwn,unkwn,Environmental sample,Environmental sample,46.3077800 N 44.2558300 E,2015,1992–2025,unkwn,Contig,6,180825,1884714,47.5,48.0,120,120,120,6,180825,3.96921,98.3499984741211,0.6899999976158142
4996,VC_0372,GCF_003057115.1,Russia,unkwn,unkwn,Environmental sample,Environmental sample,46.3077800 N 44.2558300 E,2016,1992–2025,unkwn,Contig,8,210539,1900568,47.5,48.0,113,113,113,8,210539,4.001056,98.8499984741211,0.8899999856948853
5003,VC_0373,GCF_003063785.1,Bangladesh,Human hosts,cholera,Clinical sample,Clinical sample,23.776261 N 90.399785 E,1975,1973–1991,O1_unkwn,Complete Genome,1,2975504,1922536,47.5,351.11,2,2,2,1,2975504,4.047835,99.5999984741211,0.23999999463558197
5023,VC_0374,GCF_003063885.1,USA,unkwn,unkwn,Environmental sample,Environmental sample,36.797380 N 121.788243 W,2004,1992–2025,unkwn,Complete Genome,1,2955400,1925729,47.5,133.0,2,2,2,1,2955400,4.050878,99.4800033569336,2.8399999141693115
5035,VC_0375,GCF_003096135.1,Russia,Human hosts,unkwn,unkwn,unkwn,47.205825 N 39.697406 E,1974,1973–1991,non_O1,Scaffold,9,184546,1896503,47.5,15.0,105,152,105,8,204056,3.997109,99.01000213623047,0.8100000023841858
5044,VC_0376,GCF_003097695.1,USA,Human hosts,cholera,Clinical sample,Clinical sample,38.574345 N 121.486155 W,1992,1992–2025,O1_unkwn,Complete Genome,1,3015094,1938955,47.5,170.0,2,2,2,1,3015094,4.085468,99.5199966430664,0.23999999463558197
5058,VC_0377,GCF_003205555.1,Uganda,Human hosts,cholera,Clinical sample,Clinical sample,0.3309 N 32.5761 E,2015,1992–2025,unkwn,Scaffold,7,198164,1918897,47.5,250.0,119,121,119,7,206733,4.041743,99.55999755859375,0.23999999463558197
5074,VC_0378,GCF_003205565.1,Uganda,Human hosts,cholera,Clinical sample,Clinical sample,0.3309 N 32.5761 E,2015,1992–2025,unkwn,Scaffold,7,215439,1919353,47.5,260.0,114,116,114,7,215439,4.042522,99.62999725341797,0.23999999463558197
5090,VC_0379,GCF_003205635.1,Uganda,Human hosts,cholera,Clinical sample,Clinical sample,0.3309 N 32.5761 E,2016,1992–2025,unkwn,Scaffold,7,215352,1909813,47.5,250.0,110,113,110,7,215352,4.023664,99.62999725341797,0.23999999463558197
5106,VC_0380,GCF_003205655.1,Uganda,Human hosts,cholera,Clinical sample,Clinical sample,0.3309 N 32.5761 E,2015,1992–2025,unkwn,Scaffold,7,215352,1920346,47.5,260.0,122,123,122,7,215352,4.044573,99.62999725341797,0.23999999463558197
5122,VC_0381,GCF_003205675.1,Uganda,Human hosts,cholera,Clinical sample,Clinical sample,0.3309 N 32.5761 E,2015,1992–2025,unkwn,Scaffold,7,215352,1915693,47.5,200.0,105,107,105,7,215352,4.035264,99.5999984741211,0.23999999463558197
5138,VC_0382,GCF_003205685.1,Uganda,Human hosts,cholera,Clinical sample,Clinical sample,0.3309 N 32.5761 E,2014,1992–2025,unkwn,Scaffold,7,235776,1910075,47.5,200.0,104,106,104,7,235776,4.024131,99.62999725341797,0.23999999463558197
5154,VC_0383,GCF_003205705.1,Uganda,Human hosts,cholera,Clinical sample,Clinical sample,0.3309 N 32.5761 E,2014,1992–2025,unkwn,Scaffold,7,231365,1915329,47.5,155.0,94,95,94,7,231365,4.034068,99.5999984741211,0.23999999463558197
5170,VC_0384,GCF_003205735.1,Uganda,Human hosts,cholera,Clinical sample,Clinical sample,0.3309 N 32.5761 E,2015,1992–2025,unkwn,Scaffold,7,215352,1916151,47.5,200.0,112,113,112,7,215352,4.036071,99.56999969482422,0.23999999463558197
5186,VC_0385,GCF_003205755.1,Uganda,Human hosts,cholera,Clinical sample,Clinical sample,0.3309 N 32.5761 E,2014,1992–2025,unkwn,Scaffold,7,215352,1916202,47.5,240.0,106,108,106,7,231473,4.03629,99.5999984741211,0.23999999463558197
5202,VC_0386,GCF_003205765.1,Uganda,Human hosts,cholera,Clinical sample,Clinical sample,0.3309 N 32.5761 E,2016,1992–2025,unkwn,Scaffold,7,215352,1902750,47.5,300.0,103,105,103,7,215352,4.007874,99.62999725341797,0.23999999463558197
5218,VC_0387,GCF_003260135.1,Australia,Human hosts,urinary tract infection,Clinical sample,Clinical sample,34.9285 S 138.6007 E,2017,1992–2025,unkwn,Contig,8,170746,1865418,47.5,35.0,94,94,94,8,170746,3.918371,98.72000122070312,1.8200000524520874
5227,VC_0388,GCF_003312945.1,Brazil,Human hosts,infectious disease,Clinical sample,Clinical sample,23.92 S 46.36 W,2018,1992–2025,unkwn,Contig,8,151145,1897873,47.5,37.0,128,128,128,8,151145,4.001106,97.11000061035156,2.690000057220459
5237,VC_0389,GCF_003347715.1,Bangladesh,unkwn,unkwn,Environmental sample,Environmental sample,unkwn,2013,1992–2025,unkwn,Contig,5,252001,1869182,47.5,237.0,62,62,62,5,252001,3.924379,99.23999786376953,0.9599999785423279
5242,VC_0390,GCF_003347725.1,Bangladesh,unkwn,unkwn,Environmental sample,Environmental sample,unkwn,2013,1992–2025,unkwn,Contig,10,142782,1883220,47.5,115.0,87,87,87,10,142782,3.957791,98.5999984741211,1.649999976158142
5247,VC_0391,GCF_003347755.1,Bangladesh,unkwn,unkwn,Environmental sample,Environmental sample,unkwn,2013,1992–2025,unkwn,Contig,7,187865,1901052,47.5,234.0,68,68,68,7,187865,3.993405,99.19999694824219,1.1399999856948853
5252,VC_0392,GCF_003347775.1,Bangladesh,unkwn,unkwn,Environmental sample,Environmental sample,unkwn,2013,1992–2025,unkwn,Contig,10,163001,1874940,47.5,96.0,95,95,95,10,163001,3.939905,98.63999938964844,2.2899999618530273
5257,VC_0393,GCF_003347785.1,Bangladesh,unkwn,unkwn,Environmental sample,Environmental sample,unkwn,2013,1992–2025,unkwn,Contig,8,178899,1890563,47.5,127.0,81,81,81,8,178899,3.973511,98.55000305175781,1.9299999475479126
5262,VC_0394,GCF_003347815.1,Bangladesh,unkwn,unkwn,Environmental sample,Environmental sample,unkwn,2013,1992–2025,unkwn,Contig,11,125443,1901072,47.5,167.0,103,103,103,11,125443,4.001358,98.72000122070312,3.259999990463257
5267,VC_0395,GCF_003347835.1,Bangladesh,unkwn,unkwn,Environmental sample,Environmental sample,unkwn,2013,1992–2025,unkwn,Contig,7,208172,1862452,47.5,180.0,82,82,82,7,208172,3.916689,98.69999694824219,3.0199999809265137
5272,VC_0396,GCF_003347855.1,Bangladesh,unkwn,unkwn,Environmental sample,Environmental sample,unkwn,2013,1992–2025,unkwn,Contig,8,162961,1836552,47.5,182.0,84,84,84,8,162961,3.855119,98.43000030517578,2.140000104904175
5277,VC_0397,GCF_003347865.1,Bangladesh,unkwn,unkwn,Environmental sample,Environmental sample,unkwn,2013,1992–2025,unkwn,Contig,5,181129,1868956,47.5,185.0,66,66,66,5,181129,3.924202,99.30000305175781,0.9599999785423279
5282,VC_0398,GCF_003347905.1,Bangladesh,unkwn,unkwn,Environmental sample,Environmental sample,unkwn,2013,1992–2025,unkwn,Contig,7,196136,1893570,47.5,218.0,71,71,71,7,196136,3.994829,98.7699966430664,2.990000009536743
5292,VC_0399,GCF_003347935.1,Bangladesh,unkwn,unkwn,Environmental sample,Environmental sample,unkwn,2013,1992–2025,unkwn,Contig,6,258085,1887876,47.5,187.0,78,78,78,6,258085,3.979375,99.08999633789062,1.440000057220459
5297,VC_0400,GCF_003347945.1,Bangladesh,unkwn,unkwn,Environmental sample,Environmental sample,unkwn,2013,1992–2025,unkwn,Contig,6,258085,1953361,47.5,199.0,87,87,87,6,258085,4.12602,99.0,1.690000057220459
5302,VC_0401,GCF_003347995.1,Bangladesh,unkwn,unkwn,Environmental sample,Environmental sample,unkwn,2013,1992–2025,unkwn,Contig,7,247510,1879866,47.5,91.0,71,71,71,7,247510,3.949513,99.19999694824219,1.1799999475479126
5307,VC_0402,GCF_003348015.1,Bangladesh,unkwn,unkwn,Environmental sample,Environmental sample,unkwn,2013,1992–2025,unkwn,Contig,6,237143,1907619,47.5,424.0,61,61,61,6,237143,4.031257,99.12999725341797,1.2999999523162842
5312,VC_0403,GCF_003348035.1,Bangladesh,unkwn,unkwn,Environmental sample,Environmental sample,unkwn,2013,1992–2025,unkwn,Contig,5,287970,1905359,47.5,249.0,72,72,72,5,287970,4.026163,99.12999725341797,1.2999999523162842
5317,VC_0404,GCF_003348055.1,Bangladesh,unkwn,unkwn,Environmental sample,Environmental sample,unkwn,2013,1992–2025,unkwn,Contig,6,253006,1868141,47.5,468.0,73,73,73,6,253006,3.923218,99.4800033569336,1.0099999904632568
5322,VC_0405,GCF_003348065.1,Bangladesh,unkwn,unkwn,Environmental sample,Environmental sample,unkwn,2013,1992–2025,unkwn,Contig,6,195546,1845493,47.5,500.0,70,70,70,6,195546,3.87257,98.97000122070312,0.46000000834465027
5327,VC_0406,GCF_003348095.1,Bangladesh,unkwn,unkwn,Environmental sample,Environmental sample,unkwn,2013,1992–2025,unkwn,Contig,7,181634,1914017,47.5,155.0,58,58,58,7,181634,4.023402,98.75,1.6100000143051147
5332,VC_0407,GCF_003348115.1,Bangladesh,unkwn,unkwn,Environmental sample,Environmental sample,unkwn,2013,1992–2025,unkwn,Contig,7,184352,1847500,47.5,431.0,79,79,79,7,184352,3.877886,98.97000122070312,0.46000000834465027
5337,VC_0408,GCF_003348135.1,Bangladesh,unkwn,unkwn,Environmental sample,Environmental sample,unkwn,2013,1992–2025,unkwn,Contig,8,200200,1883786,47.5,285.0,65,65,65,8,200200,3.958068,99.19999694824219,1.1299999952316284
5342,VC_0409,GCF_003348145.1,Bangladesh,unkwn,unkwn,Environmental sample,Environmental sample,unkwn,2013,1992–2025,unkwn,Contig,4,252373,1919896,47.5,273.0,78,78,78,4,252373,4.053987,99.0,1.4600000381469727
5347,VC_0410,GCF_003348175.1,Bangladesh,unkwn,unkwn,Environmental sample,Environmental sample,unkwn,2013,1992–2025,unkwn,Contig,4,284899,1917972,47.5,121.0,88,88,88,4,284899,4.050726,99.0,1.6699999570846558
5352,VC_0411,GCF_003348195.1,Bangladesh,unkwn,unkwn,Environmental sample,Environmental sample,unkwn,2013,1992–2025,unkwn,Contig,7,231318,1895210,47.5,247.0,65,65,65,7,231318,3.987995,99.61000061035156,0.8700000047683716
5357,VC_0412,GCF_003348215.1,Bangladesh,unkwn,unkwn,Environmental sample,Environmental sample,unkwn,2013,1992–2025,unkwn,Contig,15,99870,1900324,47.5,85.0,118,118,118,15,99870,3.998906,98.72000122070312,2.9700000286102295
5362,VC_0413,GCF_003348235.1,Bangladesh,unkwn,unkwn,Environmental sample,Environmental sample,unkwn,2013,1992–2025,unkwn,Contig,11,121521,1845805,47.5,93.0,91,91,91,11,121521,3.873959,98.79000091552734,2.5
5367,VC_0414,GCF_003348245.1,Bangladesh,unkwn,unkwn,Environmental sample,Environmental sample,unkwn,2013,1992–2025,unkwn,Contig,11,125419,1901113,47.5,215.0,98,98,98,11,125419,4.001005,98.72000122070312,3.259999990463257
5372,VC_0415,GCF_003348265.1,Bangladesh,unkwn,unkwn,Environmental sample,Environmental sample,unkwn,2013,1992–2025,unkwn,Contig,26,45862,1870645,47.5,44.0,188,188,188,26,45862,3.924326,98.55999755859375,1.9800000190734863
5377,VC_0416,GCF_003348295.1,Bangladesh,unkwn,unkwn,Environmental sample,Environmental sample,unkwn,2013,1992–2025,unkwn,Contig,7,199568,1919774,47.5,350.0,81,81,81,7,199568,4.047116,99.04000091552734,1.6699999570846558
5382,VC_0417,GCF_003348305.1,Bangladesh,unkwn,unkwn,Environmental sample,Environmental sample,unkwn,2013,1992–2025,unkwn,Contig,23,63162,1908101,47.5,141.0,232,232,232,23,63162,4.025256,97.1500015258789,4.25
5387,VC_0418,GCF_003348335.1,Bangladesh,unkwn,unkwn,Environmental sample,Environmental sample,unkwn,2013,1992–2025,unkwn,Contig,6,229581,1865995,47.5,143.0,66,66,66,6,229581,3.917332,99.30000305175781,0.9599999785423279
5392,VC_0419,GCF_003348355.1,Bangladesh,unkwn,unkwn,Environmental sample,Environmental sample,unkwn,2013,1992–2025,unkwn,Contig,6,283743,1916453,47.5,163.0,88,88,88,6,283743,4.04622,99.08999633789062,1.5299999713897705
5397,VC_0420,GCF_003348365.1,Bangladesh,unkwn,unkwn,Environmental sample,Environmental sample,unkwn,2013,1992–2025,unkwn,Contig,6,251204,1863364,47.5,211.0,82,82,82,6,251204,3.918439,98.75,3.0199999809265137
5402,VC_0421,GCF_003348395.1,Bangladesh,unkwn,unkwn,Environmental sample,Environmental sample,unkwn,2013,1992–2025,unkwn,Contig,8,199568,1913373,47.5,166.0,88,88,88,8,199568,4.040132,99.08999633789062,1.4600000381469727
5407,VC_0422,GCF_003348405.1,Bangladesh,unkwn,unkwn,Environmental sample,Environmental sample,unkwn,2013,1992–2025,unkwn,Contig,7,182302,1884483,47.5,84.0,79,79,79,7,182302,3.959874,99.0999984741211,1.1299999952316284
5417,VC_0423,GCF_003348445.1,Bangladesh,unkwn,unkwn,Environmental sample,Environmental sample,unkwn,2013,1992–2025,unkwn,Contig,15,94456,1874238,47.5,41.0,121,121,121,15,94456,3.936271,98.5999984741211,1.9700000286102295
5422,VC_0424,GCF_003348465.1,Bangladesh,unkwn,unkwn,Environmental sample,Environmental sample,unkwn,2013,1992–2025,unkwn,Contig,6,250660,1911171,47.5,320.0,69,69,69,6,250660,4.040187,99.12999725341797,1.2899999618530273
5427,VC_0425,GCF_003348485.1,Bangladesh,unkwn,unkwn,Environmental sample,Environmental sample,unkwn,2013,1992–2025,unkwn,Contig,6,253006,1867004,47.5,233.0,69,69,69,6,253006,3.920222,99.58000183105469,1.0099999904632568
5432,VC_0426,GCF_003348515.1,Bangladesh,unkwn,unkwn,Environmental sample,Environmental sample,unkwn,2013,1992–2025,unkwn,Contig,7,185228,1887059,47.5,293.0,87,87,87,7,185228,3.9778,99.08999633789062,1.440000057220459
5437,VC_0427,GCF_003348535.1,Bangladesh,unkwn,unkwn,Environmental sample,Environmental sample,unkwn,2013,1992–2025,unkwn,Contig,6,250983,1900662,47.5,215.0,91,91,91,6,250983,4.004894,99.08999633789062,2.2300000190734863
5442,VC_0428,GCF_003348545.1,Bangladesh,unkwn,unkwn,Environmental sample,Environmental sample,unkwn,2013,1992–2025,unkwn,Contig,5,238872,1893903,47.5,313.0,81,81,81,5,238872,3.992945,98.66000366210938,2.190000057220459
5447,VC_0429,GCF_003348575.1,Bangladesh,unkwn,unkwn,Environmental sample,Environmental sample,unkwn,2013,1992–2025,unkwn,Contig,8,160379,1858329,47.5,297.0,88,88,88,8,160379,3.903982,98.66000366210938,2.069999933242798
5452,VC_0430,GCF_003348585.1,Bangladesh,unkwn,unkwn,Environmental sample,Environmental sample,unkwn,2013,1992–2025,unkwn,Contig,6,186463,1911832,47.5,518.0,71,71,71,6,186463,4.040789,99.04000091552734,1.2999999523162842
5457,VC_0431,GCF_003348595.1,Bangladesh,unkwn,unkwn,Environmental sample,Environmental sample,unkwn,2013,1992–2025,unkwn,Contig,7,199568,1919147,47.5,117.0,93,93,93,7,199568,4.045681,99.04000091552734,1.6699999570846558
5462,VC_0432,GCF_003348635.1,Bangladesh,unkwn,unkwn,Environmental sample,Environmental sample,unkwn,2013,1992–2025,unkwn,Contig,7,210754,1886555,47.5,253.0,60,60,60,7,210754,3.965111,98.52999877929688,1.9900000095367432
5467,VC_0433,GCF_003348655.1,Bangladesh,unkwn,unkwn,Environmental sample,Environmental sample,unkwn,2013,1992–2025,unkwn,Contig,7,233683,1862557,47.5,205.0,56,56,56,7,233683,3.907209,99.31999969482422,1.2899999618530273
5472,VC_0434,GCF_003348665.1,Bangladesh,unkwn,unkwn,Environmental sample,Environmental sample,unkwn,2013,1992–2025,unkwn,Contig,6,258085,1915771,47.5,321.0,80,80,80,6,258085,4.045291,99.04000091552734,1.4600000381469727
5477,VC_0435,GCF_003348675.1,Bangladesh,unkwn,unkwn,Environmental sample,Environmental sample,unkwn,2013,1992–2025,unkwn,Contig,7,223518,1892117,47.5,260.0,63,63,63,7,223518,3.977629,98.44999694824219,1.940000057220459
5482,VC_0436,GCF_003348715.1,Bangladesh,unkwn,unkwn,Environmental sample,Environmental sample,unkwn,2013,1992–2025,unkwn,Contig,6,238902,1859049,47.5,130.0,85,85,85,6,238902,3.90575,98.66000366210938,2.069999933242798
5487,VC_0437,GCF_003348735.1,Bangladesh,unkwn,unkwn,Environmental sample,Environmental sample,unkwn,2013,1992–2025,unkwn,Contig,5,250172,1887508,47.5,300.0,79,79,79,5,250172,3.977349,98.62000274658203,1.7899999618530273
5492,VC_0438,GCF_003348745.1,USA,unkwn,unkwn,Environmental sample,Environmental sample,unkwn,2009,1992–2025,unkwn,Contig,10,126390,1912541,47.5,219.0,90,90,90,10,126390,4.037189,99.2300033569336,1.7699999809265137
5498,VC_0439,GCF_003348755.1,USA,unkwn,unkwn,Environmental sample,Environmental sample,unkwn,2009,1992–2025,unkwn,Contig,21,66001,1874661,47.5,161.0,139,139,139,21,66001,3.939396,98.26000213623047,3.0299999713897705
5510,VC_0440,GCF_003348815.1,USA,unkwn,unkwn,Environmental sample,Environmental sample,unkwn,2009,1992–2025,unkwn,Contig,7,191620,1875161,47.5,188.0,64,64,64,7,191620,3.944921,98.20999908447266,2.180000066757202
5516,VC_0441,GCF_003348825.1,USA,unkwn,unkwn,Environmental sample,Environmental sample,unkwn,2009,1992–2025,unkwn,Contig,6,225075,1876873,47.5,295.0,55,55,55,6,225075,3.938405,98.4800033569336,2.9200000762939453
5522,VC_0442,GCF_003348835.1,USA,unkwn,unkwn,Environmental sample,Environmental sample,unkwn,2009,1992–2025,unkwn,Contig,13,99169,1839080,47.5,73.0,96,96,96,13,99169,3.863418,98.31999969482422,2.490000009536743
5528,VC_0443,GCF_003348875.1,USA,unkwn,unkwn,Environmental sample,Environmental sample,unkwn,2009,1992–2025,unkwn,Contig,7,220009,1841981,47.5,102.0,75,75,75,7,220009,3.869378,98.19999694824219,2.2899999618530273
5534,VC_0444,GCF_003348885.1,USA,unkwn,unkwn,Environmental sample,Environmental sample,unkwn,2009,1992–2025,unkwn,Contig,22,61747,1836000,47.5,86.0,140,140,140,22,61747,3.857569,97.94999694824219,2.7300000190734863
5540,VC_0445,GCF_003348905.1,USA,unkwn,unkwn,Environmental sample,Environmental sample,unkwn,2009,1992–2025,unkwn,Contig,9,172296,1842328,47.5,121.0,78,78,78,9,172296,3.870062,98.19999694824219,2.200000047683716
5546,VC_0446,GCF_003348925.1,USA,unkwn,unkwn,Environmental sample,Environmental sample,unkwn,2009,1992–2025,unkwn,Contig,4,339252,1876414,47.5,299.0,46,46,46,4,339252,3.937078,98.4800033569336,2.9200000762939453
5552,VC_0447,GCF_003348955.1,USA,unkwn,unkwn,Environmental sample,Environmental sample,unkwn,2009,1992–2025,unkwn,Contig,9,138806,1846449,47.5,80.0,94,94,94,9,138806,3.880481,98.19999694824219,2.2899999618530273
5558,VC_0448,GCF_003348965.1,USA,unkwn,unkwn,Environmental sample,Environmental sample,unkwn,2009,1992–2025,unkwn,Contig,9,145231,1833098,47.5,88.0,80,80,80,9,145231,3.850126,98.38999938964844,2.200000047683716
5564,VC_0449,GCF_003348985.1,USA,unkwn,unkwn,Environmental sample,Environmental sample,unkwn,2009,1992–2025,unkwn,Contig,8,154612,1858132,47.5,86.0,71,71,71,8,154612,3.896711,98.05999755859375,1.7699999809265137
5570,VC_0450,GCF_003348995.1,USA,unkwn,unkwn,Environmental sample,Environmental sample,unkwn,2009,1992–2025,unkwn,Contig,9,180489,1850011,47.5,76.0,66,66,66,9,180489,3.88183,98.41000366210938,2.9100000858306885
5576,VC_0451,GCF_008369605.1,USA,unkwn,unkwn,Environmental sample,Environmental sample,40.597900 N 79.997928 W,2017,1992–2025,unkwn,Complete Genome,1,2948589,1962603,47.5,555.0,3,3,3,1,2948589,4.138412,99.5199966430664,1.7000000476837158
5590,VC_0452,GCF_003349035.1,USA,unkwn,unkwn,Environmental sample,Environmental sample,unkwn,2009,1992–2025,unkwn,Contig,11,116888,1875448,47.5,57.0,93,93,93,11,116888,3.944757,98.66999816894531,2.7799999713897705
5596,VC_0453,GCF_003349045.1,USA,unkwn,unkwn,Environmental sample,Environmental sample,unkwn,2009,1992–2025,unkwn,Contig,6,244478,1849992,47.5,262.0,48,48,48,6,244478,3.881362,98.4800033569336,3.200000047683716
5602,VC_0454,GCF_003349055.1,USA,unkwn,unkwn,Environmental sample,Environmental sample,unkwn,2009,1992–2025,unkwn,Contig,5,307471,1879716,47.5,385.0,52,52,52,5,307471,3.945735,98.55000305175781,2.759999990463257
5608,VC_0455,GCF_003349065.1,USA,unkwn,unkwn,Environmental sample,Environmental sample,unkwn,2009,1992–2025,unkwn,Contig,10,117681,1875535,47.5,71.0,83,83,83,10,117681,3.945239,98.30000305175781,2.4100000858306885
5614,VC_0456,GCF_003349115.1,USA,unkwn,unkwn,Environmental sample,Environmental sample,unkwn,2009,1992–2025,unkwn,Contig,27,48462,1861521,47.5,55.0,163,163,163,27,48462,3.90519,98.08000183105469,3.5899999141693115
5620,VC_0457,GCF_003349125.1,USA,unkwn,unkwn,Environmental sample,Environmental sample,unkwn,2009,1992–2025,unkwn,Contig,5,287213,1878420,47.5,251.0,52,52,52,5,287213,3.94135,98.37999725341797,2.9200000762939453
5626,VC_0458,GCF_003349145.1,USA,unkwn,unkwn,Environmental sample,Environmental sample,unkwn,2009,1992–2025,unkwn,Contig,9,169397,1875247,47.5,48.0,86,86,86,9,169397,3.94337,98.01000213623047,1.649999976158142
5644,VC_0459,GCF_003349205.1,USA,unkwn,unkwn,Environmental sample,Environmental sample,unkwn,2009,1992–2025,unkwn,Contig,21,50793,1847087,47.5,32.0,174,174,174,21,50793,3.87701,98.9000015258789,0.9300000071525574
5662,VC_0460,GCF_003349275.1,USA,unkwn,unkwn,Environmental sample,Environmental sample,unkwn,2009,1992–2025,unkwn,Contig,28,47784,1840952,47.5,37.0,215,215,215,28,47784,3.862057,97.12999725341797,1.309999942779541
5674,VC_0461,GCF_003349325.1,USA,unkwn,unkwn,Environmental sample,Environmental sample,unkwn,2009,1992–2025,unkwn,Contig,8,174729,1923313,47.5,181.0,82,82,82,8,174729,4.054009,98.70999908447266,3.0199999809265137
5680,VC_0462,GCF_003349335.1,USA,unkwn,unkwn,Environmental sample,Environmental sample,unkwn,2009,1992–2025,unkwn,Contig,10,128082,1869506,47.5,90.0,90,90,90,10,128082,3.929679,99.63999938964844,1.159999966621399
5686,VC_0463,GCF_003349365.1,USA,unkwn,unkwn,Environmental sample,Environmental sample,unkwn,2009,1992–2025,unkwn,Contig,8,172949,1851193,47.5,198.0,82,82,82,8,172949,3.890143,98.38999938964844,2.2899999618530273
5692,VC_0464,GCF_003349395.1,USA,unkwn,unkwn,Environmental sample,Environmental sample,unkwn,2009,1992–2025,unkwn,Contig,11,135289,1926092,47.5,162.0,89,89,89,11,135289,4.059664,98.63999938964844,3.5199999809265137
5698,VC_0465,GCF_003349405.1,USA,unkwn,unkwn,Environmental sample,Environmental sample,unkwn,2009,1992–2025,unkwn,Contig,7,164788,1906240,47.5,185.0,70,70,70,7,164788,3.996721,98.41999816894531,3.890000104904175
5710,VC_0466,GCF_003349445.1,USA,unkwn,unkwn,Environmental sample,Environmental sample,unkwn,2009,1992–2025,unkwn,Contig,8,174738,1929800,47.5,691.0,68,68,68,8,174738,4.068364,98.70999908447266,3.2300000190734863
5716,VC_0467,GCF_003349475.1,USA,unkwn,unkwn,Environmental sample,Environmental sample,unkwn,2009,1992–2025,unkwn,Contig,5,306895,1843803,47.5,695.0,45,45,45,5,306895,3.868273,98.5199966430664,2.5299999713897705
5722,VC_0468,GCF_003349495.1,USA,unkwn,unkwn,Environmental sample,Environmental sample,unkwn,2009,1992–2025,unkwn,Contig,5,247555,1878687,47.5,274.0,56,56,56,5,247555,3.952738,98.30000305175781,2.180000066757202
5728,VC_0469,GCF_003349525.1,USA,unkwn,unkwn,Environmental sample,Environmental sample,unkwn,2009,1992–2025,unkwn,Contig,13,99845,1860091,47.5,51.0,112,112,112,13,99845,3.902477,98.4800033569336,2.9200000762939453
5734,VC_0470,GCF_003349545.1,USA,unkwn,unkwn,Environmental sample,Environmental sample,unkwn,2009,1992–2025,unkwn,Contig,8,166417,1889696,47.5,68.0,63,63,63,8,166417,3.963402,98.16999816894531,2.859999895095825
5740,VC_0471,GCF_003349575.1,USA,unkwn,unkwn,Environmental sample,Environmental sample,unkwn,2009,1992–2025,unkwn,Contig,9,191646,2009963,47.5,134.0,179,179,179,9,191646,4.243887,99.54000091552734,2.559999942779541
5746,VC_0472,GCF_003349585.1,USA,unkwn,unkwn,Environmental sample,Environmental sample,unkwn,2009,1992–2025,unkwn,Contig,8,190201,1912629,47.5,148.0,73,73,73,8,190201,4.037365,99.30000305175781,1.4900000095367432
5752,VC_0473,GCF_003349615.1,USA,unkwn,unkwn,Environmental sample,Environmental sample,unkwn,2009,1992–2025,unkwn,Contig,12,98396,1833685,47.5,82.0,108,108,108,12,98396,3.844844,98.51000213623047,2.859999895095825
5764,VC_0474,GCF_003349645.1,USA,unkwn,unkwn,Environmental sample,Environmental sample,unkwn,2009,1992–2025,unkwn,Contig,11,103829,1855312,47.5,47.0,102,102,102,11,103829,3.900482,99.38999938964844,2.130000114440918
5782,VC_0475,GCF_003349715.1,USA,unkwn,unkwn,Environmental sample,Environmental sample,unkwn,2009,1992–2025,unkwn,Contig,33,37193,1903257,47.5,40.0,240,240,240,33,37193,4.007203,98.51000213623047,3.2300000190734863
5788,VC_0476,GCF_003349745.1,USA,unkwn,unkwn,Environmental sample,Environmental sample,unkwn,2009,1992–2025,unkwn,Contig,6,247387,1889091,47.5,387.0,61,61,61,6,247387,3.975045,98.66999816894531,2.5799999237060547
5794,VC_0477,GCF_003349755.1,USA,unkwn,unkwn,Environmental sample,Environmental sample,unkwn,2009,1992–2025,unkwn,Contig,9,146412,1866737,47.5,142.0,87,87,87,9,146412,3.916344,98.11000061035156,1.8700000047683716
5800,VC_0478,GCF_003574155.1,unkwn,Human hosts,unkwn,unkwn,unkwn,unkwn,unkwn,unkwn,unkwn,Complete Genome,1,4057041,1927139,47.5,196.55,1,1,1,1,4057041,4.057041,99.55999755859375,0.5299999713897705
5814,VC_0479,GCF_003574775.1,India,Human hosts,unkwn,unkwn,unkwn,unkwn,2017,1992–2025,unkwn,Contig,13,111985,1980232,47.0,2.0,83,83,83,13,111985,4.206676,99.19000244140625,1.8799999952316284
5819,VC_0480,GCF_003585335.1,Bangladesh,unkwn,unkwn,Environmental sample,Environmental sample,23.6850 N 90.3563 E,2010,1992–2025,unkwn,Contig,7,224012,1899391,48.0,30.0,59,59,59,7,224012,3.977562,98.66999816894531,0.4699999988079071
5825,VC_0481,GCF_003585365.1,Bangladesh,unkwn,unkwn,Environmental sample,Environmental sample,23.6850 N 90.3563 E,2012,1992–2025,unkwn,Contig,10,137808,1896361,47.5,30.0,74,74,74,10,137808,3.978359,98.83000183105469,0.7799999713897705
5831,VC_0482,GCF_003585385.1,Bangladesh,unkwn,unkwn,Environmental sample,Environmental sample,23.6850 N 90.3563 E,2015,1992–2025,unkwn,Contig,12,107767,1954933,46.5,30.0,104,104,104,12,107767,4.18435,96.20999908447266,2.309999942779541
5837,VC_0483,GCF_003585405.1,Bangladesh,unkwn,unkwn,Environmental sample,Environmental sample,23.6850 N 90.3563 E,2001,1992–2025,unkwn,Contig,11,116984,1882883,47.5,30.0,98,98,98,11,116984,3.954061,98.98999786376953,0.5199999809265137
5855,VC_0484,GCF_003591575.1,South Korea,Human hosts,food poisoning,Clinical sample,Clinical sample,37.513561 N 126.966468 E,2017,1992–2025,unkwn,Complete Genome,1,3031091,1916519,47.5,310.47,2,2,2,1,3031091,4.026094,98.19000244140625,0.8600000143051147
5864,VC_0485,GCF_003594505.1,Bangladesh,unkwn,unkwn,Environmental sample,Environmental sample,23.6850 N 90.3563 E,2003,1992–2025,unkwn,Contig,14,103782,2011576,47.5,30.0,74,74,74,14,103782,4.215382,97.94000244140625,1.2699999809265137
5870,VC_0486,GCF_003594515.1,Bangladesh,unkwn,unkwn,Environmental sample,Environmental sample,23.6850 N 90.3563 E,2016,1992–2025,unkwn,Contig,10,115356,1889722,47.5,30.0,101,101,101,10,115356,3.969948,99.47000122070312,0.6000000238418579
5876,VC_0487,GCF_003594535.1,Bangladesh,unkwn,unkwn,Environmental sample,Environmental sample,23.6850 N 90.3563 E,2005,1992–2025,unkwn,Contig,9,173803,2004766,47.5,30.0,169,169,169,9,173803,4.212087,98.79000091552734,1.0
5882,VC_0488,GCF_003594565.1,Bangladesh,unkwn,unkwn,Environmental sample,Environmental sample,23.6850 N 90.3563 E,2002,1992–2025,unkwn,Contig,10,143707,1957482,47.5,30.0,88,88,88,10,143707,4.103418,98.93000030517578,0.8700000047683716
5888,VC_0489,GCF_003716365.1,Haiti,unkwn,unkwn,Environmental sample,Environmental sample,unkwn,unkwn,unkwn,unkwn,Scaffold,7,204192,1905438,47.5,60.0,76,85,76,7,204192,4.01814,99.33000183105469,1.8899999856948853
5897,VC_0490,GCF_003716425.1,unkwn,unkwn,unkwn,unkwn,unkwn,unkwn,unkwn,unkwn,unkwn,Contig,1,2946180,1945029,47.5,69.0,2,2,2,1,2946180,4.109474,96.43000030517578,3.6500000953674316
5906,VC_0491,GCF_003716435.1,Haiti,unkwn,unkwn,unkwn,unkwn,unkwn,unkwn,unkwn,unkwn,Contig,1,3073750,1948241,47.5,48.0,2,2,2,1,3073750,4.081455,98.80999755859375,1.4900000095367432
5915,VC_0492,GCF_003716465.1,unkwn,Human hosts,unkwn,unkwn,unkwn,unkwn,unkwn,unkwn,unkwn,Contig,1,2924072,1954534,47.5,55.0,2,2,2,1,2924072,4.117952,95.70999908447266,2.799999952316284
5924,VC_0493,GCF_003716505.1,USA,Human hosts,unkwn,Clinical sample,Clinical sample,unkwn,unkwn,unkwn,unkwn,Contig,1,2883085,1915636,47.5,53.0,2,2,2,1,2883085,4.020471,95.63999938964844,1.0199999809265137
5933,VC_0494,GCF_003716515.1,USA,Human hosts,unkwn,Clinical sample,Clinical sample,unkwn,unkwn,unkwn,unkwn,Contig,1,2927934,1921171,47.5,56.0,2,2,2,1,2927934,4.030666,99.5,0.8999999761581421
5942,VC_0495,GCF_003719755.1,unkwn,unkwn,unkwn,unkwn,unkwn,unkwn,2002,1992–2025,unkwn,Complete Genome,1,3075249,2047064,47.5,30.0,3,3,3,1,3075249,4.293523,99.62999725341797,0.8399999737739563
5947,VC_0496,GCF_004121685.1,Brazil,Human hosts,cholera,Clinical sample,Clinical sample,23.92 S 46.36 W,1994,1992–2025,unkwn,Contig,6,283174,1901539,47.5,50.0,71,71,71,6,283174,4.007713,97.37999725341797,0.23999999463558197
5956,VC_0497,GCF_004121695.1,Brazil,unkwn,unkwn,Environmental sample,Environmental sample,23.55 S 46.63 W,1992,1992–2025,unkwn,Contig,4,355623,1900086,47.5,50.0,76,76,76,4,355623,4.004531,97.30999755859375,0.23999999463558197
5962,VC_0498,GCF_004121735.1,Brazil,Human hosts,cholera,Clinical sample,Clinical sample,23.92 S 46.36 W,1994,1992–2025,unkwn,Contig,5,338637,1900992,47.5,50.0,78,78,78,5,338637,4.006625,98.05999755859375,0.2199999988079071
5971,VC_0499,GCF_004121775.1,Brazil,Human hosts,cholera,Clinical sample,Clinical sample,23.92 S 46.36 W,1994,1992–2025,unkwn,Contig,7,246616,1879450,47.5,50.0,85,85,85,7,246616,3.957156,96.86000061035156,0.25999999046325684
5980,VC_0500,GCF_004121795.1,Brazil,Human hosts,cholera,Clinical sample,Clinical sample,20.47 S 54.62 W,1992,1992–2025,unkwn,Contig,5,310207,1901384,47.5,74.0,81,81,81,5,310207,4.007309,98.19999694824219,0.23999999463558197
5989,VC_0501,GCF_004121805.1,Brazil,Human hosts,cholera,Clinical sample,Clinical sample,25.48 S 49.30 W,1993,1992–2025,unkwn,Contig,6,239287,1902959,47.5,47.0,79,79,79,6,239287,4.010815,98.30000305175781,0.23999999463558197
5998,VC_0502,GCF_004121815.1,Brazil,Human hosts,cholera,Clinical sample,Clinical sample,23.92 S 46.36 W,1994,1992–2025,unkwn,Contig,5,355631,1900580,47.5,56.0,74,74,74,5,355631,4.005592,98.75,0.23999999463558197
6007,VC_0503,GCF_004121835.1,Brazil,Human hosts,cholera,Clinical sample,Clinical sample,23.92 S 46.36 W,1994,1992–2025,unkwn,Contig,5,354833,1901505,47.5,101.0,76,76,76,5,354833,4.007806,98.62000274658203,0.23999999463558197
6016,VC_0504,GCF_004121875.1,Brazil,Human hosts,cholera,Clinical sample,Clinical sample,23.92 S 46.36 W,1994,1992–2025,unkwn,Contig,5,355220,1901568,47.5,85.0,78,78,78,5,355220,4.007879,98.38999938964844,0.2199999988079071
6025,VC_0505,GCF_004121895.1,Brazil,Human hosts,cholera,Clinical sample,Clinical sample,23.55 S 46.63 W,1991,1973–1991,unkwn,Contig,5,354858,1901487,47.5,73.0,76,76,76,5,354858,4.007499,98.56999969482422,0.23999999463558197
6034,VC_0506,GCF_004121905.1,Brazil,Human hosts,cholera,Food,Others,23.55 S 46.63 W,1992,1992–2025,unkwn,Contig,5,310147,1902237,47.5,77.0,79,79,79,5,310147,4.009362,98.70999908447266,0.23999999463558197
6043,VC_0507,GCF_004121915.1,Brazil,unkwn,unkwn,Environmental sample,Environmental sample,23.55 S 46.63 W,1992,1992–2025,unkwn,Contig,5,251566,1901209,47.5,50.0,80,80,80,5,251566,4.007127,98.02999877929688,0.23999999463558197
6049,VC_0508,GCF_004121945.1,Brazil,Human hosts,cholera,Clinical sample,Clinical sample,22.93 S 47.07 W,1993,1992–2025,unkwn,Contig,5,303190,1901479,47.5,75.0,76,76,76,5,303190,4.007585,98.55999755859375,0.23999999463558197
6058,VC_0509,GCF_004121965.1,Brazil,Human hosts,cholera,Clinical sample,Clinical sample,23.92 S 46.36 W,1994,1992–2025,unkwn,Contig,5,354958,1901490,47.5,52.0,80,80,80,5,354958,4.007656,99.11000061035156,0.23999999463558197
6067,VC_0510,GCF_004121995.1,Brazil,Human hosts,cholera,Clinical sample,Clinical sample,23.92 S 46.36 W,1994,1992–2025,unkwn,Contig,5,355160,1901060,47.5,50.0,77,77,77,5,355160,4.006429,97.2699966430664,0.23999999463558197
6076,VC_0511,GCF_004122005.1,Brazil,Human hosts,cholera,Clinical sample,Clinical sample,23.92 S 46.36 W,1993,1992–2025,unkwn,Contig,6,262735,1900927,47.5,50.0,82,82,82,6,262735,4.006145,97.0,0.10000000149011612
6085,VC_0512,GCF_004122015.1,Brazil,Human hosts,cholera,Clinical sample,Clinical sample,23.92 S 46.36 W,1994,1992–2025,unkwn,Contig,5,346310,1901035,47.5,47.0,74,74,74,5,346310,4.006633,98.31999969482422,0.23999999463558197
6094,VC_0513,GCF_004122025.1,Brazil,Human hosts,cholera,Clinical sample,Clinical sample,4.22 S 69.93 W,1991,1973–1991,unkwn,Contig,5,354930,1900823,47.5,50.0,75,75,75,5,354930,4.006229,97.0999984741211,0.23999999463558197
6103,VC_0514,GCF_004123205.1,Brazil,unkwn,unkwn,Environmental sample,Environmental sample,23.55 S 46.63 W,1993,1992–2025,unkwn,Contig,6,201804,1900285,47.5,35.0,83,83,83,6,201804,4.004827,97.81999969482422,0.20999999344348907
6109,VC_0515,GCF_004123215.1,Brazil,Human hosts,cholera,Clinical sample,Clinical sample,23.92 S 46.36 W,1993,1992–2025,unkwn,Contig,5,299261,1900940,47.5,106.0,82,82,82,5,299261,4.006217,99.38999938964844,0.23999999463558197
6118,VC_0516,GCF_004123225.1,Brazil,Human hosts,cholera,Environmental sample,Environmental sample,25.48 S 49.30 W,1992,1992–2025,unkwn,Contig,5,354904,1901056,47.5,50.0,79,79,79,5,354904,4.00654,98.11000061035156,0.23999999463558197
6126,VC_0517,GCF_004309765.1,India,Human hosts,cholera,Clinical sample,Clinical sample,22.5726 N 88.3639 E,2015,1992–2025,O1_Ogawa,Contig,6,235586,1900697,47.5,100.0,43,43,43,6,235586,4.000874,99.61000061035156,0.25
6151,VC_0518,GCF_004309965.1,India,Human hosts,cholera,Clinical sample,Clinical sample,22.5726 N 88.3639 E,2001,1992–2025,non_O1,Contig,3,636425,1898182,47.5,100.0,32,32,32,3,636425,3.994034,99.19000244140625,0.23999999463558197
6176,VC_0519,GCF_004310025.1,India,Human hosts,cholera,Clinical sample,Clinical sample,22.5726 N 88.3639 E,2014,1992–2025,non_O1,Contig,15,92624,2145143,47.0,100.0,105,105,105,15,92624,4.541698,98.5999984741211,3.049999952316284
6201,VC_0520,GCF_004310265.1,India,unkwn,diarrhea,Environmental sample,Environmental sample,22.5726 N 88.3639 E,1980,1973–1991,non_O1,Contig,9,160909,1873295,47.5,100.0,65,65,65,9,160909,3.938689,96.94999694824219,0.4099999964237213
6226,VC_0521,GCF_004328575.1,Russia,unkwn,unkwn,Environmental sample,Environmental sample,47.210762 N 39.701466 E,2016,1992–2025,O1_unkwn,Complete Genome,1,2942340,1927611,47.5,34.0,2,2,2,1,2942340,4.052696,99.45999908447266,0.8999999761581421
6233,VC_0522,GCF_004358215.1,Russia,Human hosts,cholera,Clinical sample,Clinical sample,42.59 N 47.30 E,1970,1961–1972,unkwn,Contig,7,175865,1856106,47.5,100.0,130,130,130,7,175865,3.906916,96.80999755859375,0.23999999463558197
6241,VC_0523,GCF_004358225.1,Azerbaijan,Human hosts,cholera,Clinical sample,Clinical sample,39.11 N 48.20 E,1977,1973–1991,unkwn,Contig,9,164839,1861861,47.5,100.0,120,120,120,9,164839,3.919566,98.81999969482422,0.23999999463558197
6249,VC_0524,GCF_004358245.1,Russia,Human hosts,cholera,Clinical sample,Clinical sample,42.59 N 47.30 E,1993,1992–2025,unkwn,Contig,16,81168,1936731,47.5,100.0,138,138,138,16,81168,4.078639,98.31999969482422,0.2800000011920929
6257,VC_0525,GCF_004358285.1,Russia,Human hosts,cholera,Clinical sample,Clinical sample,46.22 N 39.26 E,1994,1992–2025,unkwn,Contig,23,59274,1931509,47.5,100.0,169,169,169,23,59274,4.068702,97.02999877929688,0.14000000059604645
6265,VC_0526,GCF_004358295.1,Russia,Human hosts,cholera,Clinical sample,Clinical sample,43.51 N 46.43 E,1998,1992–2025,unkwn,Contig,8,215765,1876279,47.5,100.0,55,55,55,8,215765,3.939335,97.41999816894531,0.8399999737739563
6273,VC_0527,GCF_005636015.1,China,Environment,unkwn,unkwn,unkwn,unkwn,2018,1992–2025,unkwn,Scaffold,9,125747,1883450,47.5,100.0,149,150,149,9,125747,3.982175,96.37000274658203,2.390000104904175
6278,VC_0528,GCF_005636045.1,China,Environment,unkwn,unkwn,unkwn,unkwn,2018,1992–2025,unkwn,Scaffold,5,270819,1919719,47.5,100.0,103,105,103,4,270819,4.040292,98.44999694824219,2.049999952316284
6283,VC_0529,GCF_005636065.1,China,Environment,unkwn,unkwn,unkwn,unkwn,2018,1992–2025,unkwn,Scaffold,12,103676,1880937,47.5,100.0,140,141,140,12,103676,3.969379,96.6500015258789,2.0
6288,VC_0530,GCF_005636075.1,China,Environment,unkwn,unkwn,unkwn,unkwn,2018,1992–2025,unkwn,Contig,11,107349,1877157,47.5,100.0,154,154,154,11,107349,3.961443,96.6500015258789,2.009999990463257
6293,VC_0531,GCF_005636115.1,China,Environment,unkwn,unkwn,unkwn,unkwn,2018,1992–2025,unkwn,Contig,4,268770,1903751,47.5,100.0,100,100,100,4,268770,4.005302,98.52999877929688,1.5700000524520874
6298,VC_0532,GCF_005636125.1,China,Environment,unkwn,unkwn,unkwn,unkwn,2018,1992–2025,unkwn,Contig,4,268753,1905716,47.5,100.0,95,95,95,4,268753,4.00938,98.52999877929688,1.5700000524520874
6303,VC_0533,GCF_005636155.1,China,Environment,unkwn,unkwn,unkwn,unkwn,2018,1992–2025,unkwn,Scaffold,5,248481,1904690,47.5,100.0,103,104,103,5,267792,4.007494,98.52999877929688,1.5700000524520874
6308,VC_0534,GCF_005636165.1,China,Environment,unkwn,unkwn,unkwn,unkwn,2018,1992–2025,unkwn,Scaffold,4,267759,1905904,47.5,100.0,99,101,99,4,267759,4.010099,98.52999877929688,1.5700000524520874
6313,VC_0535,GCF_005636175.1,China,Environment,unkwn,unkwn,unkwn,unkwn,2018,1992–2025,unkwn,Scaffold,10,123114,1887732,47.5,100.0,149,150,149,10,123114,3.984061,96.41000366210938,2.5799999237060547
6319,VC_0536,GCF_006802045.1,Austria,Human hosts,unkwn,unkwn,unkwn,47.94 N 16.84 E,2015,1992–2025,unkwn,Contig,12,122849,1932299,47.5,75.0,128,128,128,12,122849,4.061764,99.58000183105469,1.059999942779541
6327,VC_0537,GCF_006802075.1,Austria,Human hosts,unkwn,unkwn,unkwn,47.94 N 16.84 E,2015,1992–2025,unkwn,Contig,6,248270,1937357,47.5,71.0,169,169,169,6,248270,4.090526,98.23999786376953,2.1600000858306885
6335,VC_0538,GCF_006802145.1,Austria,Human hosts,otitis,unkwn,unkwn,47.94 N 16.84 E,2005,1992–2025,unkwn,Contig,8,152015,1902814,47.5,66.0,225,225,225,8,152015,4.014417,98.47000122070312,2.2799999713897705
6343,VC_0539,GCF_006802155.1,Austria,Human hosts,otitis,unkwn,unkwn,47.94 N 16.84 E,2004,1992–2025,unkwn,Contig,6,262329,1951063,47.5,97.0,177,177,177,6,262329,4.118674,98.22000122070312,2.319999933242798
6351,VC_0540,GCF_006802165.1,Austria,Human hosts,unkwn,unkwn,unkwn,47.94 N 16.84 E,2007,1992–2025,unkwn,Contig,6,214872,1934337,47.5,104.0,134,134,134,6,214872,4.085181,97.83999633789062,2.9000000953674316
6359,VC_0541,GCF_006802195.1,Austria,Human hosts,unkwn,unkwn,unkwn,47.94 N 16.84 E,2005,1992–2025,unkwn,Contig,4,277265,1877827,47.5,68.0,85,85,85,4,277265,3.954005,98.62000274658203,1.0299999713897705
6367,VC_0542,GCF_006802205.1,Austria,Human hosts,blood infection,unkwn,unkwn,47.94 N 16.84 E,2005,1992–2025,unkwn,Contig,6,282790,1939657,47.5,109.0,132,132,132,6,282790,4.098942,97.41999816894531,2.299999952316284
6375,VC_0543,GCF_006802245.1,Austria,Human hosts,otitis,unkwn,unkwn,47.94 N 16.84 E,2000,1992–2025,unkwn,Contig,3,557654,1881736,47.5,105.0,80,80,80,3,557654,3.96127,98.62000274658203,1.6399999856948853
6389,VC_0544,GCF_006802275.1,Austria,unkwn,unkwn,Environmental sample,Environmental sample,47.94 N 16.84 E,2012,1992–2025,unkwn,Contig,12,92194,1931709,47.5,49.0,209,209,209,12,92194,4.071887,98.0999984741211,2.890000104904175
6395,VC_0545,GCF_006802285.1,Austria,unkwn,unkwn,Environmental sample,Environmental sample,47.94 N 16.84 E,2012,1992–2025,unkwn,Contig,13,76891,1948807,47.5,53.0,223,223,223,13,76891,4.115528,98.16000366210938,2.859999895095825
6401,VC_0546,GCF_006802295.1,Austria,unkwn,unkwn,Environmental sample,Environmental sample,47.94 N 16.84 E,2012,1992–2025,unkwn,Contig,15,84696,1916851,47.5,52.0,188,188,188,15,84696,4.04008,97.91000366210938,2.4200000762939453
6407,VC_0547,GCF_006802345.1,Austria,unkwn,unkwn,Environmental sample,Environmental sample,47.94 N 16.84 E,2012,1992–2025,unkwn,Contig,8,146229,1890709,47.5,54.0,134,134,134,8,146229,3.978163,98.20999908447266,2.609999895095825
6419,VC_0548,GCF_006802365.1,Austria,unkwn,unkwn,Environmental sample,Environmental sample,47.94 N 16.84 E,2012,1992–2025,unkwn,Contig,12,95626,1953702,47.5,66.0,180,180,180,12,95626,4.120151,97.98999786376953,4.119999885559082
6431,VC_0549,GCF_006802395.1,Austria,unkwn,unkwn,Environmental sample,Environmental sample,47.94 N 16.84 E,2012,1992–2025,unkwn,Contig,12,91634,1925073,47.5,49.0,212,212,212,12,91634,4.063058,98.6500015258789,1.6200000047683716
6437,VC_0550,GCF_006802445.1,Austria,unkwn,unkwn,Environmental sample,Environmental sample,47.94 N 16.84 E,2012,1992–2025,unkwn,Contig,13,83036,1943308,47.5,57.0,195,195,195,13,83036,4.09316,98.58999633789062,2.259999990463257
6449,VC_0551,GCF_006802475.1,Austria,unkwn,unkwn,Environmental sample,Environmental sample,47.94 N 16.84 E,2012,1992–2025,unkwn,Contig,12,84577,1910894,47.5,59.0,223,223,223,12,84577,4.026393,98.16999816894531,2.1700000762939453
6455,VC_0552,GCF_006802485.1,Austria,unkwn,unkwn,Environmental sample,Environmental sample,47.94 N 16.84 E,2012,1992–2025,unkwn,Contig,6,189713,1922840,47.5,91.0,145,145,145,6,189713,4.054469,98.87999725341797,2.059999942779541
6461,VC_0553,GCF_006802495.1,Austria,unkwn,unkwn,Environmental sample,Environmental sample,47.94 N 16.84 E,2012,1992–2025,unkwn,Contig,9,141417,1948428,47.0,86.0,198,198,198,9,141417,4.123724,97.91999816894531,2.240000009536743
6467,VC_0554,GCF_006802545.1,Austria,unkwn,unkwn,Environmental sample,Environmental sample,47.94 N 16.84 E,2012,1992–2025,unkwn,Contig,8,120651,1940749,47.5,41.0,159,159,159,8,120651,4.10202,98.62000274658203,1.8700000047683716
6473,VC_0555,GCF_006802555.1,Austria,unkwn,unkwn,Environmental sample,Environmental sample,47.94 N 16.84 E,2012,1992–2025,unkwn,Contig,9,163326,1929100,47.5,82.0,123,123,123,9,163326,4.075989,98.70999908447266,2.069999933242798
6479,VC_0556,GCF_006802575.1,Austria,unkwn,unkwn,Environmental sample,Environmental sample,47.94 N 16.84 E,2012,1992–2025,unkwn,Contig,11,121527,1925727,47.5,83.0,201,201,201,11,121527,4.066273,97.83000183105469,2.609999895095825
6485,VC_0557,GCF_006802595.1,Austria,unkwn,unkwn,Environmental sample,Environmental sample,47.94 N 16.84 E,2012,1992–2025,unkwn,Contig,9,146528,1914236,47.5,68.0,161,161,161,9,146528,4.031254,98.70999908447266,1.2200000286102295
6491,VC_0558,GCF_006802605.1,Austria,unkwn,unkwn,Environmental sample,Environmental sample,47.94 N 16.84 E,2012,1992–2025,unkwn,Contig,10,140265,1920412,47.5,75.0,229,229,229,10,140265,4.053964,97.80999755859375,2.309999942779541
6497,VC_0559,GCF_006802635.1,Austria,unkwn,unkwn,Environmental sample,Environmental sample,47.94 N 16.84 E,2012,1992–2025,unkwn,Contig,6,198476,1902991,47.5,94.0,135,135,135,6,198476,4.003167,98.5999984741211,1.5800000429153442
6503,VC_0560,GCF_006802655.1,Austria,unkwn,unkwn,Environmental sample,Environmental sample,47.94 N 16.84 E,2012,1992–2025,unkwn,Contig,10,134927,1911050,47.5,62.0,181,181,181,10,134927,4.032888,97.97000122070312,2.5199999809265137
6515,VC_0561,GCF_006802695.1,Austria,unkwn,unkwn,Environmental sample,Environmental sample,47.94 N 16.84 E,2012,1992–2025,unkwn,Contig,5,299140,1888928,47.5,54.0,125,125,125,5,299140,3.977623,97.83000183105469,1.909999966621399
6521,VC_0562,GCF_006802705.1,Austria,unkwn,unkwn,Environmental sample,Environmental sample,47.94 N 16.84 E,2012,1992–2025,unkwn,Contig,6,263240,1955259,47.5,93.0,166,166,166,6,263240,4.122373,98.2699966430664,2.059999942779541
6527,VC_0563,GCF_006802715.1,Austria,unkwn,unkwn,Environmental sample,Environmental sample,47.94 N 16.84 E,2012,1992–2025,unkwn,Contig,7,153521,1910430,47.5,60.0,169,169,169,7,153521,4.029106,98.72000122070312,1.1699999570846558
6533,VC_0564,GCF_006802735.1,Austria,unkwn,unkwn,Environmental sample,Environmental sample,47.94 N 16.84 E,2012,1992–2025,unkwn,Contig,6,181893,1899632,47.5,65.0,113,113,113,6,181893,4.000901,98.69000244140625,1.6799999475479126
6539,VC_0565,GCF_006802785.1,Austria,unkwn,unkwn,Environmental sample,Environmental sample,47.94 N 16.84 E,2012,1992–2025,unkwn,Contig,7,165535,1924549,47.5,110.0,158,158,158,7,165535,4.060364,98.16999816894531,2.1700000762939453
6545,VC_0566,GCF_006802795.1,Austria,unkwn,unkwn,Environmental sample,Environmental sample,47.94 N 16.84 E,2012,1992–2025,unkwn,Contig,14,86950,1964570,47.5,76.0,222,222,222,14,86950,4.14926,98.38999938964844,2.5999999046325684
6551,VC_0567,GCF_006802805.1,Austria,unkwn,unkwn,Non-Human sample,Others,47.94 N 16.84 E,2012,1992–2025,unkwn,Contig,11,101620,1867835,47.5,80.0,141,141,141,11,101620,3.917636,98.72000122070312,1.1699999570846558
6557,VC_0568,GCF_006802815.1,Austria,unkwn,unkwn,Environmental sample,Environmental sample,47.94 N 16.84 E,2012,1992–2025,unkwn,Contig,12,101331,1928513,47.5,65.0,146,146,146,12,101331,4.056563,98.05999755859375,3.440000057220459
6563,VC_0569,GCF_006802865.1,Austria,unkwn,unkwn,Non-Human sample,Others,47.94 N 16.84 E,2012,1992–2025,unkwn,Contig,5,257433,1910317,47.5,74.0,131,131,131,5,257433,4.023016,98.68000030517578,1.5800000429153442
6569,VC_0570,GCF_006802905.1,Austria,unkwn,unkwn,Non-Human sample,Others,47.94 N 16.84 E,2012,1992–2025,unkwn,Contig,12,97370,1906456,47.5,74.0,141,141,141,12,97370,4.005604,99.51000213623047,1.25
6575,VC_0571,GCF_006802915.1,Austria,unkwn,unkwn,Non-Human sample,Others,47.94 N 16.84 E,2012,1992–2025,unkwn,Contig,10,159847,1936357,47.5,55.0,146,146,146,10,159847,4.092216,98.4800033569336,1.840000033378601
6581,VC_0572,GCF_006802925.1,Austria,unkwn,unkwn,Non-Human sample,Others,47.94 N 16.84 E,2012,1992–2025,unkwn,Contig,9,107345,1884612,47.5,73.0,116,116,116,9,107345,3.961648,99.08000183105469,0.7300000190734863
6587,VC_0573,GCF_006802935.1,Austria,unkwn,unkwn,Environmental sample,Environmental sample,47.94 N 16.84 E,2012,1992–2025,unkwn,Contig,12,79976,1908773,47.5,70.0,180,180,180,12,79976,4.020078,97.83000183105469,1.850000023841858
6593,VC_0574,GCF_006802945.1,Austria,unkwn,unkwn,Environmental sample,Environmental sample,47.94 N 16.84 E,2012,1992–2025,unkwn,Contig,16,75885,1964082,47.5,51.0,197,197,197,16,75885,4.14292,99.25,2.059999942779541
6599,VC_0575,GCF_006803005.1,Austria,unkwn,unkwn,Environmental sample,Environmental sample,47.94 N 16.84 E,2011,1992–2025,unkwn,Contig,17,69947,1931572,47.5,65.0,174,174,174,17,69947,4.060989,98.75,1.7000000476837158
6605,VC_0576,GCF_006803015.1,Austria,unkwn,unkwn,Non-Human sample,Others,47.94 N 16.84 E,2011,1992–2025,unkwn,Contig,13,82424,1918159,47.5,72.0,180,180,180,13,82424,4.033883,98.02999877929688,2.930000066757202
6611,VC_0577,GCF_006803025.1,Austria,unkwn,unkwn,Non-Human sample,Others,47.94 N 16.84 E,2011,1992–2025,unkwn,Contig,11,111899,1896041,47.0,54.0,195,195,195,11,111899,4.016726,96.83999633789062,1.6299999952316284
6617,VC_0578,GCF_006803035.1,Austria,unkwn,unkwn,Non-Human sample,Others,47.94 N 16.84 E,2011,1992–2025,unkwn,Contig,15,71311,1828950,47.5,70.0,201,201,201,15,71311,3.870465,96.38999938964844,1.8700000047683716
6623,VC_0579,GCF_006803045.1,Austria,unkwn,unkwn,Non-Human sample,Others,47.94 N 16.84 E,2011,1992–2025,unkwn,Contig,15,88153,1971612,47.5,49.0,228,228,228,15,88153,4.162746,98.05999755859375,3.5399999618530273
6629,VC_0580,GCF_006803105.1,Austria,unkwn,unkwn,Environmental sample,Environmental sample,47.94 N 16.84 E,2011,1992–2025,unkwn,Contig,8,170027,1912804,47.5,64.0,132,132,132,8,170027,4.034758,98.0999984741211,1.9900000095367432
6635,VC_0581,GCF_006803115.1,Austria,unkwn,unkwn,Non-Human sample,Others,47.94 N 16.84 E,2011,1992–2025,unkwn,Contig,20,66085,1898317,47.5,54.0,199,199,199,20,66085,3.99112,99.33999633789062,1.2999999523162842
6641,VC_0582,GCF_006803125.1,Austria,unkwn,unkwn,Environmental sample,Environmental sample,47.94 N 16.84 E,2011,1992–2025,unkwn,Contig,14,85007,1936741,47.5,73.0,163,163,163,14,85007,4.072713,99.37000274658203,1.6799999475479126
6647,VC_0583,GCF_006803135.1,Austria,unkwn,unkwn,Non-Human sample,Others,47.94 N 16.84 E,2011,1992–2025,unkwn,Contig,13,94614,1924131,47.5,59.0,163,163,163,13,94614,4.056298,98.26000213623047,2.2699999809265137
6653,VC_0584,GCF_006803155.1,Austria,unkwn,unkwn,Environmental sample,Environmental sample,47.94 N 16.84 E,2011,1992–2025,unkwn,Contig,10,121729,1855415,47.5,51.0,145,145,145,10,121729,3.897068,99.63999938964844,0.8399999737739563
6659,VC_0585,GCF_007050355.1,Bangladesh,unkwn,unkwn,Environmental sample,Environmental sample,22.3155 N 89.1115 E,2017,1992–2025,unkwn,Contig,5,232250,1914140,47.5,10.0,66,66,66,5,232250,4.029338,98.3499984741211,0.23999999463558197
6665,VC_0586,GCF_007050395.1,Bangladesh,unkwn,unkwn,Environmental sample,Environmental sample,23.633331 N 90.433331 E,2017,1992–2025,unkwn,Contig,6,232250,1914350,47.5,10.0,70,70,70,6,232250,4.029802,98.16000366210938,0.23999999463558197
6671,VC_0587,GCF_007623775.1,unkwn,unkwn,unkwn,unkwn,unkwn,unkwn,unkwn,unkwn,unkwn,Contig,35,36878,1882141,47.5,100.0,231,231,231,35,36878,3.956168,97.98999786376953,0.5299999713897705
6677,VC_0588,GCF_007623785.1,unkwn,unkwn,unkwn,unkwn,unkwn,unkwn,unkwn,unkwn,unkwn,Contig,20,64703,1897051,47.5,100.0,122,122,122,20,64703,3.995958,98.86000061035156,0.47999998927116394
6683,VC_0589,GCF_007623805.1,unkwn,unkwn,unkwn,unkwn,unkwn,unkwn,unkwn,unkwn,unkwn,Contig,27,45661,1881920,47.5,100.0,172,172,172,27,45661,3.965025,99.0,0.5899999737739563
6689,VC_0590,GCF_007623875.1,unkwn,unkwn,unkwn,unkwn,unkwn,unkwn,unkwn,unkwn,unkwn,Contig,29,41203,1902984,47.5,100.0,207,207,207,29,41203,4.0075,98.98999786376953,0.5899999737739563
6695,VC_0591,GCF_007623885.1,unkwn,unkwn,unkwn,unkwn,unkwn,unkwn,unkwn,unkwn,unkwn,Contig,21,63840,1910461,47.5,100.0,119,119,119,21,63840,4.018776,99.54000091552734,0.47999998927116394
6701,VC_0592,GCF_007623905.1,unkwn,unkwn,unkwn,unkwn,unkwn,unkwn,unkwn,unkwn,unkwn,Contig,24,55249,1888361,47.5,100.0,152,152,152,24,55249,3.973898,98.58000183105469,0.47999998927116394
6707,VC_0593,GCF_007623925.1,unkwn,unkwn,unkwn,unkwn,unkwn,unkwn,unkwn,unkwn,unkwn,Contig,26,47297,1880719,47.5,100.0,177,177,177,26,47297,3.952649,98.0999984741211,0.5
6713,VC_0594,GCF_007623935.1,unkwn,unkwn,unkwn,unkwn,unkwn,unkwn,unkwn,unkwn,unkwn,Contig,20,63574,1885300,47.5,100.0,122,122,122,20,63574,3.957935,98.25,0.7200000286102295
6719,VC_0595,GCF_007623975.1,unkwn,unkwn,unkwn,unkwn,unkwn,unkwn,unkwn,unkwn,unkwn,Contig,19,59920,1831237,47.5,100.0,125,125,125,19,59920,3.873735,96.05000305175781,1.149999976158142
6731,VC_0596,GCF_007623995.1,unkwn,unkwn,unkwn,unkwn,unkwn,unkwn,unkwn,unkwn,unkwn,Contig,27,48935,1886680,47.5,100.0,168,168,168,27,48935,3.974293,98.45999908447266,0.5199999809265137
6737,VC_0597,GCF_007624005.1,unkwn,unkwn,unkwn,unkwn,unkwn,unkwn,unkwn,unkwn,unkwn,Contig,24,59254,1874605,47.5,100.0,145,145,145,24,59254,3.9454,98.1500015258789,0.49000000953674316
6743,VC_0598,GCF_007624025.1,unkwn,unkwn,unkwn,unkwn,unkwn,unkwn,unkwn,unkwn,unkwn,Contig,27,48947,1887424,47.5,100.0,156,156,156,27,48947,3.972034,99.11000061035156,0.5699999928474426
6749,VC_0599,GCF_007624075.1,unkwn,unkwn,unkwn,unkwn,unkwn,unkwn,unkwn,unkwn,unkwn,Contig,18,72764,1904913,47.5,100.0,101,101,101,18,72764,4.007123,99.11000061035156,0.47999998927116394
6755,VC_0600,GCF_007624095.1,unkwn,unkwn,unkwn,unkwn,unkwn,unkwn,unkwn,unkwn,unkwn,Contig,28,45678,1905424,47.5,100.0,189,189,189,28,45678,4.008732,98.54000091552734,0.8199999928474426
6761,VC_0601,GCF_007624105.1,unkwn,unkwn,unkwn,unkwn,unkwn,unkwn,unkwn,unkwn,unkwn,Contig,24,52979,1917997,47.5,100.0,151,151,151,24,52979,4.043142,98.33000183105469,0.49000000953674316
6767,VC_0602,GCF_007624125.1,unkwn,unkwn,unkwn,unkwn,unkwn,unkwn,unkwn,unkwn,unkwn,Contig,19,63385,1874662,47.5,100.0,133,133,133,19,63385,3.945349,99.30999755859375,0.47999998927116394
6773,VC_0603,GCF_007624145.1,unkwn,unkwn,unkwn,unkwn,unkwn,unkwn,unkwn,unkwn,unkwn,Contig,24,49608,1837765,47.5,100.0,153,153,153,24,49608,3.888706,96.63999938964844,1.1799999475479126
6779,VC_0604,GCF_007624155.1,unkwn,unkwn,unkwn,unkwn,unkwn,unkwn,unkwn,unkwn,unkwn,Contig,25,45871,1905777,47.5,100.0,160,160,160,25,45871,4.009159,98.9800033569336,0.47999998927116394
6785,VC_0605,GCF_007624195.1,unkwn,unkwn,unkwn,unkwn,unkwn,unkwn,unkwn,unkwn,unkwn,Contig,17,71572,1871862,47.5,100.0,126,126,126,17,71572,3.939853,99.0,0.47999998927116394
6791,VC_0606,GCF_007624205.1,unkwn,unkwn,unkwn,unkwn,unkwn,unkwn,unkwn,unkwn,unkwn,Contig,22,63388,1902931,47.5,100.0,135,135,135,22,63388,4.003614,98.9800033569336,0.4099999964237213
6797,VC_0607,GCF_007624215.1,unkwn,unkwn,unkwn,unkwn,unkwn,unkwn,unkwn,unkwn,unkwn,Contig,22,56636,1872190,47.5,100.0,143,143,143,22,56636,3.940587,99.12000274658203,0.5099999904632568
6803,VC_0608,GCF_007624255.1,unkwn,unkwn,unkwn,unkwn,unkwn,unkwn,unkwn,unkwn,unkwn,Contig,21,63830,1908193,47.5,100.0,132,132,132,21,63830,4.013746,99.22000122070312,0.4000000059604645
6809,VC_0609,GCF_007624285.1,unkwn,unkwn,unkwn,unkwn,unkwn,unkwn,unkwn,unkwn,unkwn,Contig,28,48854,1906504,47.5,100.0,186,186,186,28,48854,4.012177,98.30000305175781,0.5099999904632568
6815,VC_0610,GCF_007624295.1,unkwn,unkwn,unkwn,unkwn,unkwn,unkwn,unkwn,unkwn,unkwn,Contig,31,40583,1901770,47.5,100.0,179,179,179,31,40583,4.001624,99.33999633789062,0.550000011920929
6821,VC_0611,GCF_007624305.1,unkwn,unkwn,unkwn,unkwn,unkwn,unkwn,unkwn,unkwn,unkwn,Contig,23,60636,1906837,47.5,100.0,134,134,134,23,60636,4.011431,98.73999786376953,0.5099999904632568
6827,VC_0612,GCF_007624355.1,unkwn,unkwn,unkwn,unkwn,unkwn,unkwn,unkwn,unkwn,unkwn,Contig,6,249566,1892801,47.5,100.0,52,52,52,6,249566,3.982088,99.62999725341797,0.23999999463558197
6833,VC_0613,GCF_007624365.1,unkwn,unkwn,unkwn,unkwn,unkwn,unkwn,unkwn,unkwn,unkwn,Contig,23,56656,1904045,47.5,100.0,137,137,137,23,56656,4.005947,98.98999786376953,0.47999998927116394
6839,VC_0614,GCF_007624385.1,unkwn,unkwn,unkwn,unkwn,unkwn,unkwn,unkwn,unkwn,unkwn,Contig,24,54122,1884402,47.5,100.0,154,154,154,24,54122,3.969747,98.63999938964844,0.47999998927116394
6845,VC_0615,GCF_007624405.1,unkwn,unkwn,unkwn,unkwn,unkwn,unkwn,unkwn,unkwn,unkwn,Contig,21,55112,2021902,47.0,100.0,173,173,173,21,55112,4.293797,99.05000305175781,2.799999952316284
6851,VC_0616,GCF_007624415.1,unkwn,unkwn,unkwn,unkwn,unkwn,unkwn,unkwn,unkwn,unkwn,Contig,21,64425,1876511,47.5,100.0,146,146,146,21,64425,3.949143,99.12999725341797,0.5
6857,VC_0617,GCF_007624435.1,unkwn,unkwn,unkwn,unkwn,unkwn,unkwn,unkwn,unkwn,unkwn,Contig,18,74067,1879699,47.5,100.0,144,144,144,18,74067,3.946701,98.52999877929688,0.8100000023841858
6863,VC_0618,GCF_007624475.1,unkwn,unkwn,unkwn,unkwn,unkwn,unkwn,unkwn,unkwn,unkwn,Contig,23,53620,1881387,47.5,100.0,150,150,150,23,53620,3.958807,98.52999877929688,0.49000000953674316
6869,VC_0619,GCF_007624485.1,unkwn,unkwn,unkwn,unkwn,unkwn,unkwn,unkwn,unkwn,unkwn,Contig,25,52972,1877021,47.5,100.0,148,148,148,25,52972,3.950269,98.91999816894531,0.47999998927116394
6875,VC_0620,GCF_007624515.1,unkwn,unkwn,unkwn,unkwn,unkwn,unkwn,unkwn,unkwn,unkwn,Contig,30,43242,1995360,47.5,100.0,188,188,188,30,43242,4.18713,98.30999755859375,0.8999999761581421
6881,VC_0621,GCF_007624535.1,unkwn,unkwn,unkwn,unkwn,unkwn,unkwn,unkwn,unkwn,unkwn,Contig,23,54112,1875415,47.5,100.0,147,147,147,23,54112,3.94705,99.33999633789062,0.3499999940395355
6887,VC_0622,GCF_007624555.1,unkwn,unkwn,unkwn,unkwn,unkwn,unkwn,unkwn,unkwn,unkwn,Contig,16,74477,1880718,47.5,100.0,104,104,104,16,74477,3.956996,99.11000061035156,0.47999998927116394
6893,VC_0623,GCF_007624565.1,unkwn,unkwn,unkwn,unkwn,unkwn,unkwn,unkwn,unkwn,unkwn,Contig,24,56465,1878430,47.5,100.0,137,137,137,24,56465,3.953096,98.4000015258789,0.49000000953674316
6899,VC_0624,GCF_007624575.1,unkwn,unkwn,unkwn,unkwn,unkwn,unkwn,unkwn,unkwn,unkwn,Contig,17,76182,1877581,47.5,100.0,112,112,112,17,76182,3.951167,98.58999633789062,0.3400000035762787
6905,VC_0625,GCF_007624615.1,unkwn,unkwn,unkwn,unkwn,unkwn,unkwn,unkwn,unkwn,unkwn,Contig,16,80661,1873069,47.5,100.0,103,103,103,16,80661,3.941596,99.43000030517578,0.3100000023841858
6911,VC_0626,GCF_007624625.1,unkwn,unkwn,unkwn,unkwn,unkwn,unkwn,unkwn,unkwn,unkwn,Contig,21,62174,1873710,47.5,100.0,139,139,139,21,62174,3.943621,98.29000091552734,0.5199999809265137
6917,VC_0627,GCF_007624635.1,unkwn,unkwn,unkwn,unkwn,unkwn,unkwn,unkwn,unkwn,unkwn,Contig,24,55090,1883728,47.5,100.0,144,144,144,24,55090,3.963981,98.62999725341797,0.36000001430511475
6923,VC_0628,GCF_007624655.1,unkwn,unkwn,unkwn,unkwn,unkwn,unkwn,unkwn,unkwn,unkwn,Contig,17,71803,1870664,47.5,100.0,125,125,125,17,71803,3.937379,99.01000213623047,0.49000000953674316
6929,VC_0629,GCF_007624675.1,unkwn,unkwn,unkwn,unkwn,unkwn,unkwn,unkwn,unkwn,unkwn,Contig,23,58860,1874242,47.5,100.0,148,148,148,23,58860,3.945053,99.19999694824219,0.3400000035762787
6935,VC_0630,GCF_007624715.1,unkwn,unkwn,unkwn,unkwn,unkwn,unkwn,unkwn,unkwn,unkwn,Contig,21,59255,1876393,47.5,100.0,139,139,139,21,59255,3.950877,99.30000305175781,0.5400000214576721
6941,VC_0631,GCF_007624735.1,unkwn,unkwn,unkwn,unkwn,unkwn,unkwn,unkwn,unkwn,unkwn,Contig,17,68813,1891778,47.5,100.0,121,121,121,17,68813,3.982385,99.18000030517578,0.4099999964237213
6947,VC_0632,GCF_007624755.1,unkwn,unkwn,unkwn,unkwn,unkwn,unkwn,unkwn,unkwn,unkwn,Contig,25,51108,1892404,47.5,100.0,180,180,180,25,51108,3.983814,99.12000274658203,0.5199999809265137
6953,VC_0633,GCF_007624765.1,unkwn,unkwn,unkwn,unkwn,unkwn,unkwn,unkwn,unkwn,unkwn,Contig,21,63498,1876679,47.5,100.0,137,137,137,21,63498,3.949409,99.54000091552734,0.47999998927116394
6959,VC_0634,GCF_007624775.1,unkwn,unkwn,unkwn,unkwn,unkwn,unkwn,unkwn,unkwn,unkwn,Contig,15,79644,1892386,47.5,100.0,111,111,111,15,79644,3.982423,99.44000244140625,0.17000000178813934
6965,VC_0635,GCF_007624785.1,unkwn,unkwn,unkwn,unkwn,unkwn,unkwn,unkwn,unkwn,unkwn,Contig,26,45681,1893898,47.5,100.0,171,171,171,26,45681,3.985942,99.25,0.4399999976158142
6971,VC_0636,GCF_007624835.1,unkwn,unkwn,unkwn,unkwn,unkwn,unkwn,unkwn,unkwn,unkwn,Contig,24,57434,1992995,47.5,100.0,154,154,154,24,57434,4.180157,98.1500015258789,0.8399999737739563
6977,VC_0637,GCF_007624845.1,unkwn,unkwn,unkwn,unkwn,unkwn,unkwn,unkwn,unkwn,unkwn,Contig,17,72727,1989486,47.5,100.0,149,149,149,17,72727,4.172503,98.27999877929688,0.949999988079071
6983,VC_0638,GCF_007624875.1,unkwn,unkwn,unkwn,unkwn,unkwn,unkwn,unkwn,unkwn,unkwn,Contig,23,56454,1916950,47.5,100.0,144,144,144,23,56454,4.034612,99.01000213623047,0.5899999737739563
6989,VC_0639,GCF_007624895.1,unkwn,unkwn,unkwn,unkwn,unkwn,unkwn,unkwn,unkwn,unkwn,Contig,27,49865,2004691,47.5,100.0,171,171,171,27,49865,4.203947,97.98999786376953,1.0
6995,VC_0640,GCF_007624905.1,unkwn,unkwn,unkwn,unkwn,unkwn,unkwn,unkwn,unkwn,unkwn,Contig,20,64534,1999764,47.5,100.0,138,138,138,20,64534,4.199646,99.11000061035156,1.0099999904632568
7001,VC_0641,GCF_007624925.1,unkwn,unkwn,unkwn,unkwn,unkwn,unkwn,unkwn,unkwn,unkwn,Contig,20,63388,2017897,47.5,100.0,146,146,146,20,63388,4.238562,99.0999984741211,0.9599999785423279
7007,VC_0642,GCF_007624935.1,unkwn,unkwn,unkwn,unkwn,unkwn,unkwn,unkwn,unkwn,unkwn,Contig,23,64777,2024886,47.5,100.0,144,144,144,23,64777,4.252893,98.30999755859375,0.9599999785423279
7013,VC_0643,GCF_007624975.1,unkwn,unkwn,unkwn,unkwn,unkwn,unkwn,unkwn,unkwn,unkwn,Contig,24,56647,2000264,47.5,100.0,162,162,162,24,56647,4.200601,98.5999984741211,0.8799999952316284
7019,VC_0644,GCF_007624995.1,unkwn,unkwn,unkwn,unkwn,unkwn,unkwn,unkwn,unkwn,unkwn,Contig,18,63393,1875360,47.5,100.0,123,123,123,18,63393,3.948425,98.54000091552734,0.3499999940395355
7025,VC_0645,GCF_008083215.1,unkwn,unkwn,unkwn,unkwn,unkwn,unkwn,unkwn,unkwn,unkwn,Scaffold,12,116557,1923355,47.5,100.0,57,98,57,7,194260,4.052517,98.06999969482422,1.840000033378601
7031,VC_0646,GCF_008083225.1,unkwn,unkwn,unkwn,unkwn,unkwn,unkwn,unkwn,unkwn,unkwn,Contig,14,118503,1843000,47.5,100.0,101,101,101,14,118503,3.867316,99.63999938964844,0.30000001192092896
7037,VC_0647,GCF_008083245.1,unkwn,unkwn,unkwn,unkwn,unkwn,unkwn,unkwn,unkwn,unkwn,Scaffold,12,111798,1919935,47.5,100.0,69,106,69,6,258966,4.024683,98.70999908447266,1.0299999713897705
7043,VC_0648,GCF_008083255.1,unkwn,unkwn,unkwn,unkwn,unkwn,unkwn,unkwn,unkwn,unkwn,Scaffold,11,103574,1878789,47.0,100.0,82,132,82,5,264811,3.994485,96.13999938964844,3.069999933242798
7049,VC_0649,GCF_008083315.1,unkwn,unkwn,unkwn,unkwn,unkwn,unkwn,unkwn,unkwn,unkwn,Scaffold,13,104009,1901490,47.5,100.0,58,115,58,6,229433,4.006115,99.3499984741211,1.440000057220459
7055,VC_0650,GCF_008083325.1,unkwn,unkwn,unkwn,unkwn,unkwn,unkwn,unkwn,unkwn,unkwn,Scaffold,19,64807,1913451,47.5,100.0,67,117,67,7,221472,4.032315,97.86000061035156,1.8200000524520874
7061,VC_0651,GCF_008083335.1,unkwn,unkwn,unkwn,unkwn,unkwn,unkwn,unkwn,unkwn,unkwn,Scaffold,16,74287,1855440,47.5,100.0,57,120,57,7,195237,3.901729,99.4000015258789,1.2400000095367432
7067,VC_0652,GCF_008083355.1,unkwn,unkwn,unkwn,unkwn,unkwn,unkwn,unkwn,unkwn,unkwn,Scaffold,14,102562,1883236,47.5,100.0,80,122,80,8,188669,3.954792,99.2300033569336,0.6399999856948853
7073,VC_0653,GCF_008083365.1,unkwn,unkwn,unkwn,unkwn,unkwn,unkwn,unkwn,unkwn,unkwn,Scaffold,11,117901,1885420,47.5,100.0,55,107,55,4,442481,3.966797,98.19000244140625,1.159999966621399
7079,VC_0654,GCF_008083415.1,unkwn,unkwn,unkwn,unkwn,unkwn,unkwn,unkwn,unkwn,unkwn,Scaffold,12,130411,2020358,47.0,100.0,38,104,38,3,655572,4.309508,98.98999786376953,2.5799999237060547
7085,VC_0655,GCF_008083425.1,unkwn,unkwn,unkwn,unkwn,unkwn,unkwn,unkwn,unkwn,unkwn,Scaffold,12,95720,1912211,47.5,100.0,52,112,52,3,582592,4.03839,99.4000015258789,1.7200000286102295
7091,VC_0656,GCF_008083445.1,unkwn,unkwn,unkwn,unkwn,unkwn,unkwn,unkwn,unkwn,unkwn,Scaffold,17,84030,1851699,47.5,100.0,77,133,77,8,154075,3.886972,98.8499984741211,0.7200000286102295
7097,VC_0657,GCF_008083455.1,unkwn,unkwn,unkwn,unkwn,unkwn,unkwn,unkwn,unkwn,unkwn,Scaffold,16,78917,1854960,47.5,100.0,54,105,54,7,200653,3.898963,99.20999908447266,0.3499999940395355
7103,VC_0658,GCF_008083515.1,unkwn,unkwn,unkwn,unkwn,unkwn,unkwn,unkwn,unkwn,unkwn,Contig,12,95711,1839985,47.5,100.0,102,102,102,12,95711,3.862719,98.94000244140625,0.3100000023841858
7109,VC_0659,GCF_008083545.1,unkwn,unkwn,unkwn,unkwn,unkwn,unkwn,unkwn,unkwn,unkwn,Scaffold,22,66018,1882888,47.5,100.0,52,141,52,6,208174,3.955456,99.29000091552734,0.8299999833106995
7115,VC_0660,GCF_008083575.1,unkwn,unkwn,unkwn,unkwn,unkwn,unkwn,unkwn,unkwn,unkwn,Scaffold,16,66135,1839260,48.0,100.0,46,119,46,4,388447,3.857464,98.13999938964844,0.3799999952316284
7121,VC_0661,GCF_008083585.1,unkwn,unkwn,unkwn,unkwn,unkwn,unkwn,unkwn,unkwn,unkwn,Scaffold,15,75652,1865791,47.0,100.0,58,120,58,6,312651,3.959156,97.08000183105469,1.0199999809265137
7127,VC_0662,GCF_008083615.1,unkwn,unkwn,unkwn,unkwn,unkwn,unkwn,unkwn,unkwn,unkwn,Scaffold,9,135270,1883700,47.5,100.0,33,75,33,4,328899,3.965278,98.73999786376953,0.5799999833106995
7133,VC_0663,GCF_008083635.1,unkwn,unkwn,unkwn,unkwn,unkwn,unkwn,unkwn,unkwn,unkwn,Scaffold,13,106227,1972881,47.0,100.0,46,98,46,4,374479,4.184973,99.56999969482422,1.5099999904632568
7139,VC_0664,GCF_008083645.1,unkwn,unkwn,unkwn,unkwn,unkwn,unkwn,unkwn,unkwn,unkwn,Scaffold,14,105655,1938154,47.5,100.0,59,101,59,7,168393,4.081023,99.63999938964844,1.1299999952316284
7145,VC_0665,GCF_008083665.1,unkwn,unkwn,unkwn,unkwn,unkwn,unkwn,unkwn,unkwn,unkwn,Scaffold,9,129882,1845286,47.5,100.0,44,105,44,5,324685,3.906288,96.4000015258789,1.25
7151,VC_0666,GCF_008083685.1,unkwn,unkwn,unkwn,unkwn,unkwn,unkwn,unkwn,unkwn,unkwn,Scaffold,11,142439,1882729,47.5,100.0,47,108,47,4,372122,3.982497,96.94000244140625,1.4500000476837158
7157,VC_0667,GCF_008083715.1,unkwn,unkwn,unkwn,unkwn,unkwn,unkwn,unkwn,unkwn,unkwn,Scaffold,14,91095,1926739,47.5,100.0,42,118,42,4,469621,4.060472,98.52999877929688,2.680000066757202
7163,VC_0668,GCF_008083735.1,unkwn,unkwn,unkwn,unkwn,unkwn,unkwn,unkwn,unkwn,unkwn,Scaffold,10,123362,1890534,47.5,100.0,30,106,30,3,408436,3.986339,99.58000183105469,0.9800000190734863
7169,VC_0669,GCF_008083755.1,unkwn,unkwn,unkwn,unkwn,unkwn,unkwn,unkwn,unkwn,unkwn,Scaffold,12,109614,1883508,47.0,100.0,59,103,59,6,233616,3.992976,96.75,1.4700000286102295
7175,VC_0670,GCF_008083785.1,unkwn,unkwn,unkwn,unkwn,unkwn,unkwn,unkwn,unkwn,unkwn,Scaffold,11,120367,1934572,47.5,100.0,58,111,58,4,232043,4.079453,98.98999786376953,1.340000033378601
7181,VC_0671,GCF_008083835.1,unkwn,unkwn,unkwn,unkwn,unkwn,unkwn,unkwn,unkwn,unkwn,Scaffold,18,68929,2011941,47.0,100.0,94,137,94,10,138927,4.289317,98.86000061035156,1.7300000190734863
7187,VC_0672,GCF_008083865.1,unkwn,unkwn,unkwn,unkwn,unkwn,unkwn,unkwn,unkwn,unkwn,Scaffold,9,141892,1941771,47.5,100.0,31,65,31,3,626588,4.101034,99.08000183105469,0.800000011920929
7193,VC_0673,GCF_008083875.1,unkwn,unkwn,unkwn,unkwn,unkwn,unkwn,unkwn,unkwn,unkwn,Scaffold,13,85968,1915990,47.5,100.0,68,147,68,6,233517,4.049056,98.5199966430664,2.5199999809265137
7199,VC_0674,GCF_008083915.1,unkwn,unkwn,unkwn,unkwn,unkwn,unkwn,unkwn,unkwn,unkwn,Scaffold,9,139921,1976717,47.0,100.0,33,80,33,3,699823,4.199502,99.01000213623047,1.2100000381469727
7205,VC_0675,GCF_008083925.1,unkwn,unkwn,unkwn,unkwn,unkwn,unkwn,unkwn,unkwn,unkwn,Scaffold,13,106261,1874144,47.5,100.0,44,107,44,5,237949,3.93974,99.04000091552734,0.6100000143051147
7211,VC_0676,GCF_008083955.1,unkwn,unkwn,unkwn,unkwn,unkwn,unkwn,unkwn,unkwn,unkwn,Scaffold,22,59477,1861344,47.5,100.0,40,132,40,5,230453,3.905597,98.43000030517578,1.1200000047683716
7217,VC_0677,GCF_008083975.1,unkwn,unkwn,unkwn,unkwn,unkwn,unkwn,unkwn,unkwn,unkwn,Scaffold,12,110946,1917514,47.5,100.0,57,122,57,6,237401,4.04381,99.41000366210938,1.9700000286102295
7223,VC_0678,GCF_008083995.1,unkwn,unkwn,unkwn,unkwn,unkwn,unkwn,unkwn,unkwn,unkwn,Scaffold,14,100982,1824963,47.5,100.0,63,86,63,10,134766,3.825888,98.33000183105469,0.7699999809265137
7229,VC_0679,GCF_008084025.1,unkwn,unkwn,unkwn,unkwn,unkwn,unkwn,unkwn,unkwn,unkwn,Scaffold,15,88171,1928434,47.5,100.0,73,149,73,9,142165,4.06333,98.68000030517578,0.8399999737739563
7235,VC_0680,GCF_008084055.1,unkwn,unkwn,unkwn,unkwn,unkwn,unkwn,unkwn,unkwn,unkwn,Scaffold,14,95517,1896617,47.5,100.0,50,89,50,8,169932,3.991138,99.01000213623047,2.2799999713897705
7241,VC_0681,GCF_008084075.1,unkwn,unkwn,unkwn,unkwn,unkwn,unkwn,unkwn,unkwn,unkwn,Scaffold,10,146581,1880076,47.5,100.0,44,104,44,3,660544,3.98373,96.63999938964844,1.5099999904632568
7247,VC_0682,GCF_008084235.1,unkwn,unkwn,unkwn,unkwn,unkwn,unkwn,unkwn,unkwn,unkwn,Scaffold,14,101977,1888963,47.5,100.0,55,107,55,7,197011,3.96191,98.38999938964844,1.2599999904632568
7253,VC_0683,GCF_008084295.1,unkwn,unkwn,unkwn,unkwn,unkwn,unkwn,unkwn,unkwn,unkwn,Scaffold,18,61720,1839982,47.5,100.0,75,119,75,11,124322,3.866655,98.93000030517578,0.33000001311302185
7259,VC_0684,GCF_008084305.1,unkwn,unkwn,unkwn,unkwn,unkwn,unkwn,unkwn,unkwn,unkwn,Scaffold,11,109898,1856254,47.5,100.0,60,98,60,5,210944,3.891466,97.5199966430664,1.0
7265,VC_0685,GCF_008084315.1,unkwn,unkwn,unkwn,unkwn,unkwn,unkwn,unkwn,unkwn,unkwn,Scaffold,17,80596,1934819,47.5,100.0,79,145,79,10,148950,4.077773,98.8499984741211,2.3299999237060547
7271,VC_0686,GCF_008084325.1,unkwn,unkwn,unkwn,unkwn,unkwn,unkwn,unkwn,unkwn,unkwn,Scaffold,9,134762,1935851,47.0,100.0,79,123,79,4,263190,4.123231,96.48999786376953,3.7799999713897705
7277,VC_0687,GCF_008084375.1,unkwn,unkwn,unkwn,unkwn,unkwn,unkwn,unkwn,unkwn,unkwn,Scaffold,22,57953,1937737,47.5,100.0,46,150,46,5,247875,4.079302,98.79000091552734,1.399999976158142
7283,VC_0688,GCF_008084395.1,unkwn,unkwn,unkwn,unkwn,unkwn,unkwn,unkwn,unkwn,unkwn,Scaffold,9,137624,1829813,47.5,100.0,38,85,38,5,256108,3.839881,98.2300033569336,1.0499999523162842
7289,VC_0689,GCF_008084425.1,unkwn,unkwn,unkwn,unkwn,unkwn,unkwn,unkwn,unkwn,unkwn,Scaffold,8,165484,1840363,47.5,100.0,38,70,38,3,673220,3.864501,99.18000030517578,0.5899999737739563
7295,VC_0690,GCF_008084455.1,unkwn,unkwn,unkwn,unkwn,unkwn,unkwn,unkwn,unkwn,unkwn,Scaffold,15,80675,1948084,47.5,100.0,69,130,69,9,160951,4.112056,98.4800033569336,1.2000000476837158
7301,VC_0691,GCF_008084465.1,unkwn,unkwn,unkwn,unkwn,unkwn,unkwn,unkwn,unkwn,unkwn,Scaffold,10,105404,1841123,47.5,100.0,49,97,49,5,237083,3.859605,98.5,0.9700000286102295
7307,VC_0692,GCF_008084495.1,unkwn,unkwn,unkwn,unkwn,unkwn,unkwn,unkwn,unkwn,unkwn,Scaffold,10,139028,1912227,47.5,100.0,48,101,48,3,558846,4.03534,99.33000183105469,0.23999999463558197
7313,VC_0693,GCF_008084505.1,unkwn,unkwn,unkwn,unkwn,unkwn,unkwn,unkwn,unkwn,unkwn,Scaffold,12,107129,1826083,48.0,100.0,36,91,36,5,260694,3.828692,98.87000274658203,0.4000000059604645
7319,VC_0694,GCF_008084525.1,unkwn,unkwn,unkwn,unkwn,unkwn,unkwn,unkwn,unkwn,unkwn,Scaffold,11,112731,1841749,48.0,100.0,50,76,50,7,192946,3.856609,99.1500015258789,0.3199999928474426
7325,VC_0695,GCF_008084545.1,unkwn,unkwn,unkwn,unkwn,unkwn,unkwn,unkwn,unkwn,unkwn,Scaffold,12,105662,1846730,47.5,100.0,64,105,64,6,236959,3.876242,98.72000122070312,0.5899999737739563
7331,VC_0696,GCF_008084565.1,unkwn,unkwn,unkwn,unkwn,unkwn,unkwn,unkwn,unkwn,unkwn,Scaffold,9,139350,1889739,47.5,100.0,34,85,34,4,328807,3.979654,99.2300033569336,1.0
7337,VC_0697,GCF_008084595.1,unkwn,unkwn,unkwn,unkwn,unkwn,unkwn,unkwn,unkwn,unkwn,Scaffold,10,110708,1812656,47.5,100.0,67,111,67,6,241397,3.836387,96.23999786376953,1.6200000047683716
7343,VC_0698,GCF_008084605.1,unkwn,unkwn,unkwn,unkwn,unkwn,unkwn,unkwn,unkwn,unkwn,Scaffold,16,79321,1902131,47.5,100.0,46,120,46,5,232304,3.999381,98.77999877929688,0.9900000095367432
7349,VC_0699,GCF_008084635.1,unkwn,unkwn,unkwn,unkwn,unkwn,unkwn,unkwn,unkwn,unkwn,Scaffold,18,76093,1855152,47.5,100.0,53,104,53,8,179442,3.895321,99.62000274658203,0.49000000953674316
7355,VC_0700,GCF_008084645.1,unkwn,unkwn,unkwn,unkwn,unkwn,unkwn,unkwn,unkwn,unkwn,Scaffold,12,117128,1922078,47.5,100.0,31,85,31,4,384808,4.063362,99.47000122070312,1.4600000381469727
7361,VC_0701,GCF_008084655.1,unkwn,unkwn,unkwn,unkwn,unkwn,unkwn,unkwn,unkwn,unkwn,Scaffold,11,141387,1864978,48.0,100.0,33,81,33,3,393800,3.909733,98.75,1.0199999809265137
7367,VC_0702,GCF_008084695.1,unkwn,unkwn,unkwn,unkwn,unkwn,unkwn,unkwn,unkwn,unkwn,Scaffold,17,81002,1894312,47.5,100.0,74,117,74,10,146310,3.978304,98.69000244140625,0.7599999904632568
7373,VC_0703,GCF_008084705.1,unkwn,unkwn,unkwn,unkwn,unkwn,unkwn,unkwn,unkwn,unkwn,Scaffold,11,134050,1921454,47.5,100.0,56,117,56,5,255335,4.045934,99.18000030517578,1.149999976158142
7379,VC_0704,GCF_008084755.1,unkwn,unkwn,unkwn,unkwn,unkwn,unkwn,unkwn,unkwn,unkwn,Scaffold,19,62766,1839570,47.5,100.0,42,153,42,5,265626,3.872537,98.1500015258789,1.6100000143051147
7391,VC_0705,GCF_008084815.1,unkwn,unkwn,unkwn,unkwn,unkwn,unkwn,unkwn,unkwn,unkwn,Scaffold,24,62670,1918351,47.5,100.0,52,173,52,5,298361,4.055053,98.95999908447266,0.8899999856948853
7397,VC_0706,GCF_008084825.1,unkwn,unkwn,unkwn,unkwn,unkwn,unkwn,unkwn,unkwn,unkwn,Scaffold,11,115310,1890848,47.5,100.0,49,90,49,6,258164,3.973217,98.26000213623047,3.049999952316284
7403,VC_0707,GCF_008084835.1,unkwn,unkwn,unkwn,unkwn,unkwn,unkwn,unkwn,unkwn,unkwn,Scaffold,11,121275,1900884,47.0,100.0,96,146,96,6,176794,4.044613,96.08000183105469,3.700000047683716
7409,VC_0708,GCF_008084855.1,unkwn,unkwn,unkwn,unkwn,unkwn,unkwn,unkwn,unkwn,unkwn,Scaffold,16,82456,1917259,47.5,100.0,78,165,78,6,202161,4.043572,98.58999633789062,2.7100000381469727
7415,VC_0709,GCF_008085465.1,unkwn,unkwn,unkwn,unkwn,unkwn,unkwn,unkwn,unkwn,unkwn,Scaffold,15,87730,1841222,47.5,100.0,59,107,59,10,145152,3.860854,98.27999877929688,0.5699999928474426
7421,VC_0710,GCF_008085485.1,unkwn,unkwn,unkwn,unkwn,unkwn,unkwn,unkwn,unkwn,unkwn,Scaffold,17,75798,1912008,47.5,100.0,81,139,81,9,128382,4.021212,99.16000366210938,1.159999966621399
7427,VC_0711,GCF_008085495.1,unkwn,unkwn,unkwn,unkwn,unkwn,unkwn,unkwn,unkwn,unkwn,Scaffold,11,121645,1846085,47.5,100.0,61,100,61,6,236965,3.874356,98.72000122070312,0.5899999737739563
7433,VC_0712,GCF_008085525.1,unkwn,unkwn,unkwn,unkwn,unkwn,unkwn,unkwn,unkwn,unkwn,Scaffold,13,97867,1823585,48.0,100.0,51,94,51,7,192368,3.823405,98.93000030517578,0.5600000023841858
7439,VC_0713,GCF_008085535.1,unkwn,unkwn,unkwn,unkwn,unkwn,unkwn,unkwn,unkwn,unkwn,Scaffold,14,93251,1907808,47.5,100.0,44,110,44,4,273364,4.017759,98.43000030517578,1.149999976158142
7445,VC_0714,GCF_008085575.1,unkwn,unkwn,unkwn,unkwn,unkwn,unkwn,unkwn,unkwn,unkwn,Scaffold,12,125714,1890875,47.5,100.0,43,109,43,6,268358,3.983837,99.36000061035156,1.5299999713897705
7451,VC_0715,GCF_008085585.1,unkwn,unkwn,unkwn,unkwn,unkwn,unkwn,unkwn,unkwn,unkwn,Scaffold,26,48426,1863385,47.5,100.0,88,204,88,6,237616,3.920583,98.63999938964844,0.9800000190734863
7457,VC_0716,GCF_008085615.1,unkwn,unkwn,unkwn,unkwn,unkwn,unkwn,unkwn,unkwn,unkwn,Scaffold,28,45266,1938371,47.5,100.0,93,199,93,10,112162,4.081948,98.9000015258789,2.0799999237060547
7469,VC_0717,GCF_008085635.1,unkwn,unkwn,unkwn,unkwn,unkwn,unkwn,unkwn,unkwn,unkwn,Scaffold,29,42227,1894262,47.5,100.0,48,188,48,4,278547,3.997199,98.38999938964844,2.9600000381469727
7475,VC_0718,GCF_008085675.1,unkwn,unkwn,unkwn,unkwn,unkwn,unkwn,unkwn,unkwn,unkwn,Scaffold,26,51130,1883378,47.5,100.0,44,156,44,3,475103,3.974444,99.0,2.0399999618530273
7481,VC_0719,GCF_008087115.1,South Korea,Human hosts,unkwn,unkwn,unkwn,unkwn,2016,1992–2025,unkwn,Contig,3,636791,1884409,47.5,182.0,76,76,76,3,636791,3.969995,99.25,0.36000001430511475
7486,VC_0720,GCF_008087125.1,South Korea,Human hosts,unkwn,unkwn,unkwn,unkwn,2016,1992–2025,unkwn,Contig,4,377211,1878915,47.5,209.0,84,84,84,4,377211,3.958379,99.25,0.30000001192092896
7491,VC_0721,GCF_008087145.1,South Korea,Human hosts,unkwn,unkwn,unkwn,unkwn,2016,1992–2025,unkwn,Contig,4,377211,1878709,47.5,188.0,84,84,84,4,377211,3.957889,99.25,0.30000001192092896
7496,VC_0722,GCF_008087195.1,South Korea,Human hosts,unkwn,unkwn,unkwn,unkwn,2016,1992–2025,unkwn,Contig,3,636791,1878634,47.5,155.0,57,57,57,3,636791,3.957973,99.25,0.30000001192092896
7501,VC_0723,GCF_008269325.1,Russia,Human hosts,cholera,Environmental sample,Environmental sample,46.19 N 44.16 E,2018,1992–2025,unkwn,Contig,5,268718,1874523,47.5,96.8,105,105,105,5,268718,3.943844,95.66999816894531,0.8700000047683716
7509,VC_0724,GCF_008269335.1,Russia,Human hosts,cholera,Environmental sample,Environmental sample,46.19 N 44.16 E,2009,1992–2025,unkwn,Contig,7,187173,1870752,47.5,96.9,128,128,128,7,187173,3.935565,97.45999908447266,0.9200000166893005
7517,VC_0725,GCF_008269345.1,Russia,Human hosts,cholera,Environmental sample,Environmental sample,46.19 N 44.16 E,2018,1992–2025,unkwn,Contig,8,166220,1901542,47.5,97.9,62,62,62,8,166220,3.988544,97.68000030517578,2.0399999618530273
7525,VC_0726,GCF_008269355.1,Russia,Human hosts,cholera,Environmental sample,Environmental sample,46.19 N 44.16 E,2011,1992–2025,unkwn,Contig,7,180739,1905660,47.5,76.9,91,91,91,7,180739,4.012964,98.13999938964844,0.699999988079071
7533,VC_0727,GCF_008269365.1,Russia,Human hosts,cholera,Environmental sample,Environmental sample,46.19 N 44.16 E,2018,1992–2025,unkwn,Contig,6,218043,1888780,47.5,87.2,120,120,120,6,218043,3.970425,98.19999694824219,0.8399999737739563
7541,VC_0728,GCF_008269455.1,Russia,Human hosts,cholera,Environmental sample,Environmental sample,46.19 N 44.16 E,2010,1992–2025,unkwn,Contig,6,284955,1870608,47.5,86.5,91,91,91,6,284955,3.931197,96.08000183105469,0.8600000143051147
7549,VC_0729,GCF_008269465.1,Russia,Human hosts,cholera,Environmental sample,Environmental sample,46.19 N 44.16 E,2011,1992–2025,unkwn,Contig,6,217761,1860554,47.5,76.8,92,92,92,6,217761,3.912499,98.5,0.5799999833106995
7557,VC_0730,GCF_008271195.1,Russia,Human hosts,cholera,Environmental sample,Environmental sample,46.19 N 44.16 E,2009,1992–2025,unkwn,Contig,8,200611,1884186,47.5,98.6,64,64,64,8,200611,3.965315,98.77999877929688,0.8899999856948853
7565,VC_0731,GCF_008271265.1,Russia,Human hosts,cholera,Environmental sample,Environmental sample,46.19 N 44.16 E,2011,1992–2025,unkwn,Contig,7,176046,1877441,47.5,99.8,103,103,103,7,176046,3.952506,99.05000305175781,0.6600000262260437
7573,VC_0732,GCF_008271325.1,Russia,Human hosts,cholera,Environmental sample,Environmental sample,46.19 N 44.16 E,2012,1992–2025,unkwn,Contig,6,199220,1905289,47.5,97.6,93,93,93,6,199220,4.011874,97.45999908447266,0.699999988079071
7581,VC_0733,GCF_008369465.1,Germany,unkwn,unkwn,Non-Human sample,Others,unkwn,2019,1992–2025,unkwn,Contig,3,688697,1933793,47.5,20.0,69,69,69,3,688697,4.076756,98.80000305175781,2.5399999618530273
7593,VC_0734,GCF_008369485.1,Germany,unkwn,unkwn,Non-Human sample,Others,unkwn,2019,1992–2025,unkwn,Contig,3,688697,1939159,47.5,20.0,65,65,65,3,688697,4.089034,98.80000305175781,2.5399999618530273
7605,VC_0735,GCF_008369505.1,Germany,unkwn,unkwn,Non-Human sample,Others,unkwn,2019,1992–2025,unkwn,Contig,4,324219,1939528,47.5,20.0,73,73,73,4,324219,4.08973,98.80000305175781,2.5399999618530273
7617,VC_0736,GCF_008369525.1,Germany,unkwn,unkwn,Non-Human sample,Others,unkwn,2019,1992–2025,unkwn,Contig,3,688696,1939500,47.5,20.0,62,62,62,3,688696,4.089668,98.80000305175781,2.5799999237060547
7629,VC_0737,GCF_008369565.1,Germany,unkwn,unkwn,Non-Human sample,Others,unkwn,2019,1992–2025,unkwn,Contig,4,318246,1939011,47.5,20.0,66,66,66,4,318246,4.088449,98.80000305175781,2.5399999618530273
7641,VC_0738,GCF_008369585.1,Germany,unkwn,unkwn,Non-Human sample,Others,unkwn,2019,1992–2025,unkwn,Contig,4,318246,1938811,47.5,20.0,74,74,74,4,318246,4.088105,98.80000305175781,2.5799999237060547
7653,VC_0739,GCF_008369865.1,Germany,unkwn,unkwn,Non-Human sample,Others,unkwn,2019,1992–2025,unkwn,Contig,4,318246,1939432,47.5,20.0,68,68,68,4,318246,4.089403,98.80000305175781,2.5399999618530273
7665,VC_0740,GCF_008369875.1,Germany,unkwn,unkwn,Non-Human sample,Others,unkwn,2019,1992–2025,unkwn,Contig,4,318246,1939340,47.5,20.0,75,75,75,4,318246,4.089048,98.80000305175781,2.5399999618530273
7677,VC_0741,GCF_008370415.1,Russia,unkwn,unkwn,Environmental sample,Environmental sample,46.19 N 44.16 E,2012,1992–2025,unkwn,Contig,7,215849,1889980,47.5,99.4,54,54,54,7,215849,3.977537,98.58999633789062,1.7000000476837158
7685,VC_0742,GCF_008370425.1,Russia,unkwn,unkwn,Environmental sample,Environmental sample,46.19 N 44.16 E,2012,1992–2025,unkwn,Contig,8,163571,1913563,47.5,97.0,136,136,136,8,163571,4.030475,97.02999877929688,1.6299999952316284
7693,VC_0743,GCF_008370435.1,Russia,unkwn,unkwn,Environmental sample,Environmental sample,46.19 N 44.16 E,2011,1992–2025,unkwn,Contig,6,217132,1866687,47.5,97.8,114,114,114,6,217132,3.92237,98.41999816894531,0.8600000143051147
7701,VC_0744,GCF_008370445.1,Russia,unkwn,unkwn,Environmental sample,Environmental sample,46.19 N 44.16 E,2013,1992–2025,unkwn,Contig,7,175253,1932323,47.5,97.4,90,90,90,7,175253,4.07203,96.19000244140625,1.2200000286102295
7709,VC_0745,GCF_008370515.1,Russia,unkwn,unkwn,Environmental sample,Environmental sample,46.19 N 44.16 E,2013,1992–2025,unkwn,Contig,5,217974,1869276,47.5,99.4,94,94,94,5,217974,3.931301,98.2699966430664,0.5799999833106995
7717,VC_0746,GCF_008370525.1,Russia,unkwn,unkwn,Environmental sample,Environmental sample,46.19 N 44.16 E,2013,1992–2025,unkwn,Contig,7,178946,1864789,47.5,97.3,114,114,114,7,178946,3.92104,96.98999786376953,0.5799999833106995
7725,VC_0747,GCF_008370535.1,Russia,unkwn,unkwn,Environmental sample,Environmental sample,46.19 N 44.16 E,2012,1992–2025,unkwn,Contig,6,229532,1904479,47.5,86.9,88,88,88,6,229532,4.010016,98.44999694824219,0.699999988079071
7733,VC_0748,GCF_008370545.1,Russia,unkwn,unkwn,Environmental sample,Environmental sample,46.19 N 44.16 E,2012,1992–2025,unkwn,Contig,7,199155,1902429,47.5,97.3,101,101,101,7,199155,4.005838,96.77999877929688,0.699999988079071
7741,VC_0749,GCF_009653605.1,Chile,Human hosts,diarrhea,Clinical sample,Clinical sample,33.43 S 70.642 W,2018,1992–2025,non_O1,Contig,9,172779,1939180,47.5,30.0,166,166,166,9,172779,4.071762,98.91000366210938,1.5199999809265137
7750,VC_0750,GCF_009653685.1,Russia,Human hosts,cholera,Clinical sample,Clinical sample,43.13 N 131.90 E,1999,1992–2025,unkwn,Scaffold,4,246545,1943409,47.5,103.0,88,92,88,4,351930,4.089515,99.52999877929688,0.23999999463558197
7758,VC_0751,GCF_009653705.1,Russia,Human hosts,cholera,Clinical sample,Clinical sample,43.13 N 131.90 E,1999,1992–2025,unkwn,Scaffold,4,246682,1940995,47.5,137.0,84,88,84,4,351932,4.084387,99.02999877929688,0.23999999463558197
7766,VC_0752,GCF_009653715.1,Russia,unkwn,unkwn,Environmental sample,Environmental sample,43.13 N 131.90 E,1999,1992–2025,unkwn,Scaffold,10,103380,1935349,47.5,38.0,146,148,146,10,103380,4.073691,98.54000091552734,0.23999999463558197
7774,VC_0753,GCF_009653755.1,Russia,Human hosts,cholera,Clinical sample,Clinical sample,46.96 N 142.73 E,1999,1992–2025,unkwn,Scaffold,6,246731,1959007,47.5,109.0,90,93,90,6,246731,4.130829,99.33000183105469,0.23999999463558197
7782,VC_0754,GCF_009653765.1,Russia,unkwn,unkwn,Environmental sample,Environmental sample,46.96 N 142.73 E,1999,1992–2025,unkwn,Scaffold,7,199481,1926203,47.5,50.0,107,110,107,6,246540,4.054806,99.33000183105469,0.2199999988079071
7790,VC_0755,GCF_009728205.1,Russia,unkwn,cholera,unkwn,unkwn,unkwn,1994,1992–2025,unkwn,Contig,12,100156,1899698,47.5,100.0,124,124,124,12,100156,4.004361,98.33999633789062,0.23999999463558197
7798,VC_0756,GCF_009728225.1,Russia,Human hosts,cholera,unkwn,unkwn,unkwn,1987,1973–1991,unkwn,Contig,19,59267,1843421,47.5,100.0,167,167,167,19,59267,3.877025,98.33000183105469,0.2199999988079071
7806,VC_0757,GCF_009728255.1,Russia,Human hosts,cholera,unkwn,unkwn,unkwn,unkwn,unkwn,unkwn,Contig,8,197753,1926744,47.5,100.0,102,102,102,8,197753,4.058864,95.43000030517578,0.2199999988079071
7814,VC_0758,GCF_009728285.1,Azerbaijan,Human hosts,cholera,unkwn,unkwn,unkwn,1989,1973–1991,unkwn,Contig,26,47825,1820851,47.5,100.0,204,204,204,26,47825,3.826882,98.18000030517578,0.23999999463558197
7822,VC_0759,GCF_009728295.1,Azerbaijan,Human hosts,cholera,unkwn,unkwn,unkwn,1989,1973–1991,unkwn,Contig,12,102598,1856850,47.5,100.0,124,124,124,12,102598,3.907443,98.43000030517578,0.23999999463558197
7830,VC_0760,GCF_009728325.1,Azerbaijan,Human hosts,cholera,unkwn,unkwn,unkwn,1991,1973–1991,unkwn,Contig,9,144061,1864133,47.5,100.0,88,88,88,9,144061,3.924071,99.05000305175781,0.23999999463558197
7838,VC_0761,GCF_009728345.1,Russia,Human hosts,cholera,unkwn,unkwn,unkwn,1994,1992–2025,unkwn,Contig,14,94582,1911862,47.5,100.0,144,144,144,14,94582,4.031067,97.9000015258789,0.23999999463558197
7846,VC_0762,GCF_009728365.1,Russia,Human hosts,cholera,unkwn,unkwn,unkwn,1970,1961–1972,unkwn,Contig,10,136463,1852796,47.5,100.0,123,123,123,10,136463,3.899244,98.16000366210938,0.2199999988079071
7854,VC_0763,GCF_009728375.1,Russia,Human hosts,cholera,unkwn,unkwn,unkwn,1994,1992–2025,unkwn,Contig,7,167923,1946075,47.5,100.0,91,91,91,7,167923,4.103351,98.63999938964844,0.23999999463558197
7862,VC_0764,GCF_009728405.1,Russia,Human hosts,cholera,unkwn,unkwn,unkwn,1980,1973–1991,unkwn,Contig,9,139570,1874975,47.5,100.0,125,125,125,9,139570,3.945425,98.05000305175781,0.23999999463558197
7870,VC_0765,GCF_009728415.1,Russia,Human hosts,cholera,unkwn,unkwn,unkwn,1994,1992–2025,unkwn,Contig,7,201828,1883351,47.5,100.0,58,58,58,7,201828,3.964537,98.88999938964844,0.8399999737739563
7878,VC_0766,GCF_009728435.1,Russia,Human hosts,cholera,unkwn,unkwn,unkwn,1973,1973–1991,unkwn,Contig,17,65521,1847884,47.5,100.0,163,163,163,17,65521,3.889548,97.19000244140625,0.23999999463558197
7886,VC_0767,GCF_009728505.1,Azerbaijan,Human hosts,cholera,unkwn,unkwn,unkwn,1985,1973–1991,unkwn,Contig,9,180802,1878142,47.5,100.0,128,128,128,9,180802,3.953109,97.47000122070312,0.2199999988079071
7894,VC_0768,GCF_009728525.1,Russia,Human hosts,cholera,unkwn,unkwn,unkwn,1990,1973–1991,unkwn,Contig,14,81192,1850712,47.5,100.0,136,136,136,14,81192,3.893896,98.37999725341797,0.23999999463558197
7902,VC_0769,GCF_009762895.1,USA,unkwn,unkwn,Clinical sample,Clinical sample,unkwn,2008,1992–2025,unkwn,Complete Genome,1,3101042,1960161,47.5,99.13,2,2,2,1,3101042,4.126541,99.51000213623047,0.9900000095367432
7920,VC_0770,GCF_009762915.1,USA,unkwn,unkwn,Clinical sample,Clinical sample,unkwn,2015,1992–2025,unkwn,Complete Genome,1,2883085,1915636,47.5,85.25,2,2,2,1,2883085,4.020471,95.72000122070312,0.949999988079071
7928,VC_0771,GCF_009762945.1,unkwn,unkwn,unkwn,unkwn,unkwn,unkwn,unkwn,unkwn,unkwn,Complete Genome,1,3057992,1949642,47.5,137.6,2,2,2,1,3057992,4.109315,99.22000122070312,0.8399999737739563
7936,VC_0772,GCF_009762965.1,unkwn,unkwn,unkwn,unkwn,unkwn,unkwn,unkwn,unkwn,unkwn,Complete Genome,1,2924072,1954534,47.5,66.66,2,2,2,1,2924072,4.117952,95.77999877929688,2.799999952316284
7944,VC_0773,GCF_009762985.1,USA,unkwn,unkwn,Clinical sample,Clinical sample,unkwn,2008,1992–2025,unkwn,Complete Genome,1,2969890,1929571,47.5,124.62,2,2,2,1,2969890,4.05646,98.76000213623047,0.23999999463558197
7952,VC_0774,GCF_009763045.1,USA,unkwn,unkwn,unkwn,unkwn,unkwn,unkwn,unkwn,unkwn,Complete Genome,1,3065919,1960505,47.5,120.22,2,2,2,1,3065919,4.12904,99.16999816894531,1.100000023841858
7970,VC_0775,GCF_009763065.1,USA,unkwn,unkwn,Clinical sample,Clinical sample,unkwn,2015,1992–2025,unkwn,Complete Genome,1,2927934,1921171,47.5,126.0,2,2,2,1,2927934,4.030666,99.5,0.8999999761581421
7978,VC_0776,GCF_009763665.1,Haiti,unkwn,unkwn,unkwn,unkwn,unkwn,unkwn,unkwn,unkwn,Complete Genome,1,3073750,1948241,47.5,97.47,2,2,2,1,3073750,4.081455,98.87999725341797,1.4900000095367432
7986,VC_0777,GCF_009763825.1,Japan,unkwn,unkwn,unkwn,unkwn,unkwn,unkwn,unkwn,unkwn,Complete Genome,1,3082401,1964545,47.5,76.31,2,2,2,1,3082401,4.133129,97.80999755859375,0.23999999463558197
7994,VC_0778,GCF_009799825.1,Democratic Republic of the Congo,Human hosts,cholera,Clinical sample,Clinical sample,0.21 N 29.43 E,2015,1992–2025,unkwn,Complete Genome,1,2983109,1923654,47.5,350.0,2,2,2,1,2983109,4.042783,98.7699966430664,0.23999999463558197
8002,VC_0779,GCF_009898195.1,Brazil,unkwn,unkwn,Environmental sample,Environmental sample,23.80 S 45.40 W,2018,1992–2025,unkwn,Contig,4,348061,1857244,47.5,76.0,140,140,140,4,348061,3.930618,96.5199966430664,1.4199999570846558
8008,VC_0780,GCF_009898205.1,Brazil,unkwn,unkwn,Environmental sample,Environmental sample,23.96 S 46.33 W,2018,1992–2025,unkwn,Contig,4,338923,1843830,47.5,64.0,118,118,118,4,338923,3.897781,96.20999908447266,1.2699999809265137
8014,VC_0781,GCF_009899525.1,Brazil,unkwn,unkwn,Environmental sample,Environmental sample,22.90 S 47.06 W,2018,1992–2025,unkwn,Contig,9,177644,1872210,47.5,116.0,101,101,101,9,177644,3.92608,97.72000122070312,0.6899999976158142
8020,VC_0782,GCF_009899555.1,Brazil,unkwn,unkwn,Environmental sample,Environmental sample,22.90 S 47.06 W,2018,1992–2025,unkwn,Contig,8,194495,1869673,47.5,44.0,99,99,99,8,194495,3.920992,97.37000274658203,0.6899999976158142
8026,VC_0783,GCF_009899585.1,Brazil,unkwn,unkwn,Environmental sample,Environmental sample,23.10 S 47.71 W,2018,1992–2025,unkwn,Contig,6,238014,1889342,47.5,104.0,114,114,114,6,238014,3.971833,97.81999969482422,1.7200000286102295
8032,VC_0784,GCF_010686605.1,Iraq,Human hosts,cholera,unkwn,unkwn,32.473518 N 44.426737 E,2017,1992–2025,unkwn,Contig,6,289375,1881642,47.5,200.0,48,48,48,6,289375,3.957774,99.27999877929688,1.5299999713897705
8052,VC_0785,GCF_011074895.1,China,Human hosts,cholera,Clinical sample,Clinical sample,39.92 N 116.46 E,2018,1992–2025,unkwn,Scaffold,14,100967,1912211,47.5,70.0,129,130,129,14,100967,4.02316,99.33999633789062,0.23999999463558197
8060,VC_0786,GCF_012275105.1,Haiti,unkwn,unkwn,unkwn,unkwn,unkwn,unkwn,unkwn,unkwn,Chromosome,1,3018307,1960311,47.5,124.52,2,2,2,1,3018407,4.130471,99.33000183105469,1.5
8068,VC_0787,GCF_012911575.1,Zimbabwe,Human hosts,cholera,Clinical sample,Clinical sample,17.824858 S 31.053028 E,2018,1992–2025,unkwn,Contig,1,2096180,1931869,47.5,1.0,25,25,25,1,2096180,4.064748,99.62999725341797,0.23999999463558197
8076,VC_0788,GCF_012972715.1,Russia,Human hosts,cholera,unkwn,unkwn,unkwn,1993,1992–2025,unkwn,Contig,16,81168,1936731,47.5,100.0,138,138,138,16,81168,4.078639,98.31999969482422,0.2800000011920929
8084,VC_0789,GCF_013110925.1,Bangladesh,unkwn,unkwn,Environmental sample,Environmental sample,unkwn,2016,1992–2025,unkwn,Scaffold,13,88167,1931576,47.5,107.0,126,132,126,13,88167,4.068464,98.4800033569336,2.5
8094,VC_0790,GCF_013110955.1,Bangladesh,unkwn,unkwn,Environmental sample,Environmental sample,unkwn,2016,1992–2025,unkwn,Scaffold,14,85353,1902837,47.5,98.0,115,120,115,14,85353,3.995159,99.01000213623047,1.3300000429153442
8104,VC_0791,GCF_013110975.1,Bangladesh,unkwn,unkwn,Environmental sample,Environmental sample,unkwn,2016,1992–2025,unkwn,Scaffold,13,92387,1915269,47.5,101.0,100,103,100,13,92387,4.02454,98.62999725341797,1.5099999904632568
8114,VC_0792,GCF_013110985.1,Bangladesh,unkwn,unkwn,Environmental sample,Environmental sample,unkwn,2015,1992–2025,unkwn,Scaffold,11,126835,1926753,47.5,105.0,79,82,79,11,126835,4.05622,99.4800033569336,0.23999999463558197
8124,VC_0793,GCF_013110995.1,Bangladesh,unkwn,unkwn,Environmental sample,Environmental sample,unkwn,2015,1992–2025,unkwn,Scaffold,8,135384,1931640,47.5,106.0,83,87,83,8,135384,4.068628,99.52999877929688,0.23999999463558197
8134,VC_0794,GCF_013111005.1,Bangladesh,unkwn,unkwn,Environmental sample,Environmental sample,unkwn,2015,1992–2025,unkwn,Scaffold,13,108713,1931876,47.5,106.0,101,104,101,13,108713,4.067703,99.52999877929688,0.23999999463558197
8144,VC_0795,GCF_013111025.1,Bangladesh,unkwn,unkwn,Environmental sample,Environmental sample,unkwn,2015,1992–2025,unkwn,Scaffold,9,126836,1929984,47.5,104.0,87,89,87,9,126836,4.064934,99.5199966430664,0.23999999463558197
8154,VC_0796,GCF_013111075.1,Bangladesh,unkwn,unkwn,Environmental sample,Environmental sample,unkwn,2015,1992–2025,unkwn,Scaffold,11,114933,1905739,47.5,105.0,83,84,83,11,114933,4.010403,99.52999877929688,0.23999999463558197
8164,VC_0797,GCF_013111085.1,Bangladesh,unkwn,unkwn,Environmental sample,Environmental sample,unkwn,2015,1992–2025,unkwn,Scaffold,9,135383,1909371,47.5,101.0,72,77,72,9,135383,4.019461,99.44000244140625,0.23999999463558197
8174,VC_0798,GCF_013111095.1,Bangladesh,unkwn,unkwn,Environmental sample,Environmental sample,unkwn,2015,1992–2025,unkwn,Contig,10,152431,1909646,47.5,101.0,75,75,75,10,152431,4.019357,99.52999877929688,0.23999999463558197
8184,VC_0799,GCF_013111105.1,Bangladesh,unkwn,unkwn,Environmental sample,Environmental sample,unkwn,2015,1992–2025,unkwn,Scaffold,11,78318,1918906,47.5,103.0,133,137,133,11,78318,4.040897,98.47000122070312,2.2100000381469727
8194,VC_0800,GCF_013111125.1,Bangladesh,unkwn,unkwn,Environmental sample,Environmental sample,unkwn,2015,1992–2025,unkwn,Scaffold,9,151511,1914382,47.5,101.0,77,79,77,9,151511,4.032102,99.52999877929688,0.23999999463558197
8204,VC_0801,GCF_013111175.1,Bangladesh,unkwn,unkwn,Environmental sample,Environmental sample,unkwn,2015,1992–2025,unkwn,Scaffold,11,122517,1875296,47.5,98.0,89,91,89,11,122517,3.93619,98.97000122070312,0.7900000214576721
8214,VC_0802,GCF_013111195.1,Bangladesh,unkwn,unkwn,Environmental sample,Environmental sample,unkwn,2015,1992–2025,unkwn,Scaffold,7,165276,1912355,47.5,101.0,83,85,83,7,165276,4.020053,98.83999633789062,1.9600000381469727
8224,VC_0803,GCF_013111215.1,Bangladesh,unkwn,unkwn,Environmental sample,Environmental sample,unkwn,2015,1992–2025,unkwn,Scaffold,10,102251,1865555,47.5,98.0,68,74,68,10,102251,3.907801,99.04000091552734,1.940000057220459
8234,VC_0804,GCF_013111245.1,Bangladesh,unkwn,unkwn,Environmental sample,Environmental sample,unkwn,2015,1992–2025,unkwn,Contig,10,112763,1862536,47.5,99.0,83,83,83,10,112763,3.911017,98.68000030517578,0.6600000262260437
8244,VC_0805,GCF_013111275.1,Bangladesh,unkwn,unkwn,Environmental sample,Environmental sample,unkwn,2015,1992–2025,unkwn,Scaffold,14,88348,1955509,47.5,102.0,116,122,116,14,88348,4.117803,98.48999786376953,1.649999976158142
8254,VC_0806,GCF_013111295.1,Bangladesh,unkwn,unkwn,Environmental sample,Environmental sample,unkwn,2015,1992–2025,unkwn,Scaffold,10,128412,1886826,47.5,99.0,93,97,93,10,128412,3.9596,99.31999969482422,1.0099999904632568
8264,VC_0807,GCF_013111305.1,Haiti,unkwn,unkwn,Environmental sample,Environmental sample,unkwn,2012,1992–2025,unkwn,Scaffold,6,216344,1871307,47.5,128.0,81,85,81,6,216344,3.94106,99.4800033569336,0.23999999463558197
8269,VC_0808,GCF_013111315.1,Haiti,unkwn,unkwn,Environmental sample,Environmental sample,unkwn,2012,1992–2025,unkwn,Scaffold,6,248140,1905165,47.5,102.0,74,81,74,6,248140,4.017004,99.33000183105469,1.8899999856948853
8274,VC_0809,GCF_013111355.1,Haiti,unkwn,unkwn,Environmental sample,Environmental sample,unkwn,2012,1992–2025,unkwn,Scaffold,5,328050,1902799,47.5,107.0,75,78,75,5,328050,4.010769,99.26000213623047,1.840000033378601
8279,VC_0810,GCF_013111375.1,Haiti,unkwn,unkwn,Environmental sample,Environmental sample,unkwn,2011,1992–2025,unkwn,Scaffold,7,191648,1903817,47.5,107.0,77,84,77,6,248140,4.012408,99.2300033569336,1.840000033378601
8284,VC_0811,GCF_013111385.1,Haiti,unkwn,unkwn,Environmental sample,Environmental sample,unkwn,2012,1992–2025,unkwn,Scaffold,9,158255,1872048,47.5,102.0,83,92,83,8,158255,3.942227,99.56999969482422,0.23999999463558197
8289,VC_0812,GCF_013111395.1,Haiti,unkwn,unkwn,Environmental sample,Environmental sample,unkwn,2012,1992–2025,unkwn,Scaffold,7,248138,1905933,47.5,131.0,68,72,68,7,248138,4.018026,99.30999755859375,1.840000033378601
8294,VC_0813,GCF_013111435.1,Haiti,unkwn,unkwn,Environmental sample,Environmental sample,unkwn,2011,1992–2025,unkwn,Contig,7,191488,1880213,47.5,108.0,88,88,88,7,191488,3.957314,99.33000183105469,1.840000033378601
8299,VC_0814,GCF_013111455.1,Haiti,unkwn,unkwn,Environmental sample,Environmental sample,unkwn,2012,1992–2025,unkwn,Scaffold,6,248138,1905255,47.5,127.0,70,76,70,6,248138,4.017637,98.97000122070312,1.8899999856948853
8304,VC_0815,GCF_013111465.1,Haiti,unkwn,unkwn,Environmental sample,Environmental sample,unkwn,2011,1992–2025,unkwn,Scaffold,6,253581,1905042,47.5,119.0,80,81,80,6,253581,4.014804,99.2300033569336,1.840000033378601
8309,VC_0816,GCF_013111495.1,Haiti,unkwn,unkwn,Environmental sample,Environmental sample,unkwn,2012,1992–2025,unkwn,Contig,11,140292,1851668,47.5,98.0,106,106,106,11,140292,3.895416,99.58000183105469,0.27000001072883606
8314,VC_0817,GCF_013111515.1,Haiti,unkwn,unkwn,Environmental sample,Environmental sample,unkwn,2012,1992–2025,unkwn,Scaffold,8,150672,1823779,48.0,127.0,55,63,55,8,150672,3.80999,98.73999786376953,0.3199999928474426
8319,VC_0818,GCF_013111535.1,Bangladesh,unkwn,unkwn,Environmental sample,Environmental sample,unkwn,unkwn,unkwn,unkwn,Scaffold,8,197653,1872083,47.5,226.0,61,62,61,8,197653,3.935164,99.29000091552734,1.4900000095367432
8324,VC_0819,GCF_013111545.1,Mexico,Human hosts,unkwn,unkwn,unkwn,unkwn,2001,1992–2025,unkwn,Contig,10,126028,1846458,47.5,64.0,92,92,92,10,126028,3.880147,99.25,0.23999999463558197
8329,VC_0820,GCF_013111575.1,Mexico,Human hosts,unkwn,unkwn,unkwn,unkwn,2001,1992–2025,unkwn,Scaffold,8,180833,1858227,47.5,129.0,74,76,74,8,180833,3.906485,99.19999694824219,0.23999999463558197
8334,VC_0821,GCF_013111585.1,Mexico,Human hosts,unkwn,unkwn,unkwn,unkwn,2000,1992–2025,unkwn,Scaffold,9,166764,1833211,48.0,65.0,65,66,65,9,166764,3.836143,98.9800033569336,0.8700000047683716
8339,VC_0822,GCF_013111605.1,Mexico,Human hosts,unkwn,unkwn,unkwn,unkwn,2001,1992–2025,unkwn,Scaffold,13,100249,1914987,47.5,108.0,98,99,98,13,100249,4.020714,98.5,0.7799999713897705
8344,VC_0823,GCF_013111635.1,Mexico,Human hosts,unkwn,unkwn,unkwn,unkwn,2001,1992–2025,unkwn,Contig,11,118928,1894561,47.5,79.0,104,104,104,11,118928,3.983119,98.52999877929688,0.6899999976158142
8349,VC_0824,GCF_013111655.1,Mexico,Human hosts,unkwn,unkwn,unkwn,unkwn,2000,1992–2025,unkwn,Contig,8,175117,1846069,47.5,117.0,79,79,79,8,175117,3.870311,98.5999984741211,0.4099999964237213
8354,VC_0825,GCF_013111675.1,Mexico,Human hosts,unkwn,unkwn,unkwn,unkwn,2000,1992–2025,unkwn,Scaffold,9,172156,1844802,47.5,124.0,71,72,71,9,172156,3.867303,98.73999786376953,0.6700000166893005
8359,VC_0826,GCF_013111685.1,Mexico,Human hosts,unkwn,unkwn,unkwn,unkwn,2006,1992–2025,unkwn,Contig,10,150951,1885780,47.5,107.0,81,81,81,10,150951,3.962874,98.81999969482422,0.6399999856948853
8364,VC_0827,GCF_013111695.1,Mexico,Human hosts,unkwn,unkwn,unkwn,unkwn,1997,1992–2025,unkwn,Contig,10,126090,1854342,47.5,98.0,86,86,86,10,126090,3.897647,99.29000091552734,0.23999999463558197
8369,VC_0828,GCF_013111735.1,Mexico,Human hosts,unkwn,unkwn,unkwn,unkwn,2004,1992–2025,unkwn,Scaffold,8,189714,1874945,47.5,204.0,70,71,70,8,189714,3.941037,99.29000091552734,0.28999999165534973
8374,VC_0829,GCF_013111745.1,Mexico,Human hosts,unkwn,unkwn,unkwn,unkwn,2004,1992–2025,unkwn,Scaffold,9,155046,1859035,47.5,63.0,121,123,121,9,155046,3.901603,99.29000091552734,0.38999998569488525
8379,VC_0830,GCF_013111775.1,Mexico,Human hosts,unkwn,unkwn,unkwn,unkwn,1997,1992–2025,unkwn,Scaffold,13,85608,1874547,47.5,40.0,114,115,114,13,85608,3.945785,99.61000061035156,0.3499999940395355
8384,VC_0831,GCF_013111795.1,Haiti,unkwn,unkwn,Environmental sample,Environmental sample,unkwn,2012,1992–2025,unkwn,Scaffold,7,177583,1877558,47.5,112.0,74,77,74,7,177583,3.956458,99.4800033569336,0.23999999463558197
8389,VC_0832,GCF_013111805.1,Mexico,Human hosts,unkwn,unkwn,unkwn,unkwn,2002,1992–2025,unkwn,Contig,11,122731,1808351,47.5,116.0,76,76,76,11,122731,3.791619,98.52999877929688,0.4300000071525574
8394,VC_0833,GCF_013111825.1,Mexico,Human hosts,unkwn,unkwn,unkwn,unkwn,2002,1992–2025,unkwn,Contig,12,113938,1897379,47.5,144.0,75,75,75,12,113938,3.992652,99.72000122070312,0.5699999928474426
8399,VC_0834,GCF_013111855.1,Mexico,Human hosts,unkwn,unkwn,unkwn,unkwn,2003,1992–2025,unkwn,Contig,11,126579,1921928,47.5,218.0,76,76,76,11,126579,4.047941,99.41000366210938,0.7699999809265137
8404,VC_0835,GCF_013111875.1,Mexico,Human hosts,unkwn,unkwn,unkwn,unkwn,2001,1992–2025,unkwn,Scaffold,21,60692,1896760,47.5,60.0,146,148,146,21,62248,3.978436,98.80999755859375,0.8399999737739563
8409,VC_0836,GCF_013111885.1,Mexico,unkwn,unkwn,Environmental sample,Environmental sample,unkwn,2001,1992–2025,unkwn,Scaffold,15,75649,1852802,47.5,40.0,144,146,144,15,75649,3.889247,98.16999816894531,0.3400000035762787
8414,VC_0837,GCF_013111915.1,Mexico,Human hosts,unkwn,unkwn,unkwn,unkwn,1991,1973–1991,unkwn,Contig,10,134182,1848849,47.5,71.0,88,88,88,10,134182,3.885041,99.11000061035156,0.23999999463558197
8419,VC_0838,GCF_013111935.1,Mexico,Human hosts,unkwn,unkwn,unkwn,unkwn,2001,1992–2025,unkwn,Contig,17,70016,1859869,47.5,221.0,114,114,114,17,70016,3.902555,97.05000305175781,0.75
8424,VC_0839,GCF_013111945.1,Bangladesh,unkwn,unkwn,Environmental sample,Environmental sample,unkwn,2016,1992–2025,unkwn,Scaffold,11,123147,1931429,47.5,85.0,92,96,92,11,123147,4.067082,99.52999877929688,0.3400000035762787
8429,VC_0840,GCF_013111965.1,Haiti,unkwn,unkwn,Environmental sample,Environmental sample,unkwn,2012,1992–2025,unkwn,Scaffold,9,157387,1869110,47.5,79.0,80,95,80,8,157950,3.936602,99.58000183105469,0.23999999463558197
8434,VC_0841,GCF_013111975.1,Haiti,unkwn,unkwn,Environmental sample,Environmental sample,unkwn,2011,1992–2025,unkwn,Scaffold,7,204192,1905438,47.5,89.0,76,80,76,7,204192,4.017168,99.33000183105469,1.8899999856948853
8439,VC_0842,GCF_013357605.1,USA,unkwn,unkwn,Environmental sample,Environmental sample,unkwn,2004,1992–2025,unkwn,Complete Genome,1,3033188,1933920,47.5,291.7,2,2,2,1,3033188,4.062055,98.11000061035156,0.6399999856948853
8453,VC_0843,GCF_013357625.1,USA,unkwn,unkwn,Environmental sample,Environmental sample,unkwn,2004,1992–2025,unkwn,Complete Genome,1,2954462,1957841,47.5,186.0,2,2,2,1,2954462,4.127605,99.51000213623047,4.110000133514404
8467,VC_0844,GCF_013357645.1,USA,unkwn,unkwn,Environmental sample,Environmental sample,unkwn,2004,1992–2025,unkwn,Complete Genome,1,2947299,1919427,47.5,336.0,2,2,2,1,2947299,4.033575,99.63999938964844,3.2200000286102295
8481,VC_0845,GCF_013357665.1,USA,unkwn,unkwn,Environmental sample,Environmental sample,unkwn,2004,1992–2025,unkwn,Complete Genome,1,2947270,1904816,47.5,245.0,2,2,2,1,2947270,3.996878,98.54000091552734,1.440000057220459
8495,VC_0846,GCF_013357685.1,USA,unkwn,unkwn,Environmental sample,Environmental sample,unkwn,2004,1992–2025,unkwn,Complete Genome,1,2829740,1913834,47.5,225.0,2,2,2,1,2829740,4.024946,98.37999725341797,2.7300000190734863
8509,VC_0847,GCF_013357725.1,USA,unkwn,unkwn,Environmental sample,Environmental sample,unkwn,2004,1992–2025,unkwn,Complete Genome,1,2900064,1921621,47.5,175.0,2,2,2,1,2900064,4.043567,99.0999984741211,3.049999952316284
8523,VC_0848,GCF_013357745.1,USA,unkwn,unkwn,Environmental sample,Environmental sample,unkwn,2004,1992–2025,unkwn,Complete Genome,1,2947818,1982740,47.5,154.0,2,2,2,1,2947818,4.177459,98.52999877929688,3.380000114440918
8537,VC_0849,GCF_013357765.1,USA,unkwn,unkwn,Environmental sample,Environmental sample,unkwn,2004,1992–2025,unkwn,Complete Genome,1,2868038,1943131,47.5,217.0,2,2,2,1,2868038,4.085089,98.25,2.1500000953674316
8551,VC_0850,GCF_013357785.1,USA,unkwn,unkwn,Environmental sample,Environmental sample,unkwn,2004,1992–2025,unkwn,Complete Genome,1,2967360,2107786,47.0,192.0,3,3,3,1,2967360,4.475976,98.18000030517578,4.659999847412109
8565,VC_0851,GCF_013357805.1,USA,unkwn,unkwn,Environmental sample,Environmental sample,unkwn,2004,1992–2025,unkwn,Complete Genome,1,2967793,2108059,47.0,223.0,3,3,3,1,2967793,4.476429,97.29000091552734,4.909999847412109
8579,VC_0852,GCF_013357825.1,USA,unkwn,unkwn,Environmental sample,Environmental sample,unkwn,2004,1992–2025,unkwn,Complete Genome,1,3000460,2028379,47.5,194.0,3,3,3,1,3000460,4.280991,97.63999938964844,3.7799999713897705
8593,VC_0853,GCF_013357845.1,USA,unkwn,unkwn,Environmental sample,Environmental sample,unkwn,2004,1992–2025,unkwn,Complete Genome,1,3004584,2057902,47.5,245.0,4,4,4,1,3004584,4.347631,97.63999938964844,3.7100000381469727
8607,VC_0854,GCF_013357865.1,USA,unkwn,unkwn,Environmental sample,Environmental sample,unkwn,2004,1992–2025,unkwn,Complete Genome,1,3010605,1982141,47.5,268.0,2,2,2,1,3010605,4.177306,97.37999725341797,3.559999942779541
8621,VC_0855,GCF_013357885.1,USA,unkwn,unkwn,Environmental sample,Environmental sample,unkwn,2004,1992–2025,unkwn,Complete Genome,1,3020084,1984225,47.5,201.0,2,2,2,1,3020084,4.179782,99.41000366210938,2.799999952316284
8635,VC_0856,GCF_013462495.1,China,Human hosts,diarrhea,unkwn,unkwn,unkwn,2001,1992–2025,unkwn,Complete Genome,1,3039067,2020041,47.5,100.0,3,3,3,1,3039067,4.236364,97.77999877929688,0.6100000143051147
8645,VC_0857,GCF_014116745.1,USA,unkwn,unkwn,Clinical sample,Clinical sample,unkwn,2016,1992–2025,unkwn,Scaffold,13,91606,1892124,47.5,72.0,118,119,118,13,91606,3.974984,98.44000244140625,1.600000023841858
8650,VC_0858,GCF_014281135.1,China,unkwn,unkwn,Non-Human sample,Others,41 N 108.54 E,2017,1992–2025,unkwn,Contig,5,258393,1935912,47.5,100.0,63,63,63,5,258393,4.078052,98.56999969482422,2.559999942779541
8656,VC_0859,GCF_014489005.1,Russia,Human hosts,cholera,unkwn,unkwn,42.124722 N 48.062222 E,1994,1992–2025,unkwn,Contig,8,139356,1949444,47.5,100.0,99,99,99,8,139356,4.107863,97.62000274658203,0.23000000417232513
8664,VC_0860,GCF_014489035.1,Russia,Human hosts,cholera,unkwn,unkwn,42.983333 N 47.5 E,1993,1992–2025,unkwn,Contig,6,217057,1938408,47.5,100.0,77,77,77,6,217057,4.087287,98.51000213623047,0.23999999463558197
8672,VC_0861,GCF_014489045.1,Russia,Human hosts,cholera,unkwn,unkwn,43.1 N 46.883333 E,1994,1992–2025,unkwn,Contig,11,115093,1922217,47.5,100.0,112,112,112,11,115093,4.047773,98.7300033569336,0.23000000417232513
8680,VC_0862,GCF_014489095.1,Russia,Human hosts,cholera,unkwn,unkwn,41.895849 N 48.347558 E,1998,1992–2025,unkwn,Contig,6,210245,1948586,47.5,100.0,93,93,93,6,210245,4.10568,98.66999816894531,0.23999999463558197
8688,VC_0863,GCF_014489135.1,Russia,Human hosts,cholera,unkwn,unkwn,43.1 N 46.883333 E,1994,1992–2025,unkwn,Contig,4,225156,1943667,47.5,100.0,67,67,67,4,225156,4.093692,98.73999786376953,0.23999999463558197
8696,VC_0864,GCF_014489145.1,Russia,Environment,cholera,unkwn,unkwn,43.585278 N 39.720278 E,2015,1992–2025,unkwn,Contig,8,210285,1922214,47.5,100.0,55,55,55,8,210285,4.049045,95.7300033569336,1.0299999713897705
8704,VC_0865,GCF_014489315.1,Ukraine,Human hosts,cholera,unkwn,unkwn,47.130556 N 37.563889 E,2011,1992–2025,unkwn,Contig,8,200093,1930461,47.5,100.0,78,78,78,8,200093,4.068647,98.69999694824219,0.23999999463558197
8712,VC_0866,GCF_014525175.1,USA,unkwn,unkwn,unkwn,unkwn,unkwn,unkwn,unkwn,unkwn,Contig,1,2712882,1936319,47.5,68.44,3,3,3,1,2712882,4.078962,97.04000091552734,1.4199999570846558
8721,VC_0867,GCF_014634265.1,Japan,Non Human,diseased,unkwn,unkwn,unkwn,1977,1973–1991,unkwn,Contig,5,220119,1900964,47.5,440.0,39,39,39,5,220119,3.997943,96.98999786376953,1.8600000143051147
8739,VC_0868,GCF_014634285.1,Japan,Non Human,diseased,unkwn,unkwn,unkwn,1977,1973–1991,unkwn,Contig,4,253760,1875630,47.5,584.0,33,33,33,4,253760,3.943674,95.66000366210938,1.8600000143051147
8757,VC_0869,GCF_014634305.1,Japan,Non Human,diseased,unkwn,unkwn,unkwn,1977,1973–1991,unkwn,Contig,5,220119,1900013,47.5,513.0,35,35,35,5,220119,3.995952,97.0999984741211,1.8600000143051147
8775,VC_0870,GCF_014634325.1,Japan,Non Human,diseased,unkwn,unkwn,unkwn,1977,1973–1991,unkwn,Contig,5,220119,1899238,47.5,457.0,36,36,36,5,220119,3.994056,97.01000213623047,1.840000033378601
8793,VC_0871,GCF_014634345.1,Japan,Non Human,healthy,unkwn,unkwn,unkwn,1979,1973–1991,unkwn,Contig,5,176839,1898742,47.5,273.0,41,41,41,5,176839,3.993506,97.11000061035156,1.8600000143051147
8811,VC_0872,GCF_014634365.1,Japan,Non Human,healthy,unkwn,unkwn,unkwn,1979,1973–1991,unkwn,Contig,5,200878,1900235,47.5,324.0,45,45,45,5,200878,3.996508,97.12999725341797,1.8600000143051147
8829,VC_0873,GCF_014634385.1,Japan,Non Human,diseased,unkwn,unkwn,unkwn,1987,1973–1991,unkwn,Contig,6,207200,1900286,47.5,543.0,49,49,49,6,207200,3.99981,97.55999755859375,1.7799999713897705
8847,VC_0874,GCF_014634405.1,Japan,Non Human,diseased,unkwn,unkwn,unkwn,1987,1973–1991,unkwn,Contig,6,221849,1901398,47.5,380.0,45,45,45,6,221849,4.001797,97.56999969482422,1.75
8865,VC_0875,GCF_014634425.1,Japan,Non Human,diseased,unkwn,unkwn,unkwn,1987,1973–1991,unkwn,Contig,6,217926,1901001,47.5,429.0,46,46,46,6,217926,4.000866,97.58000183105469,1.7799999713897705
8883,VC_0876,GCF_014634445.1,Japan,Non Human,diseased,unkwn,unkwn,unkwn,1987,1973–1991,unkwn,Contig,6,217926,1901122,47.5,415.0,49,49,49,6,217926,4.001282,97.58999633789062,1.8799999952316284
8901,VC_0877,GCF_014634465.1,Japan,Non Human,diseased,unkwn,unkwn,unkwn,1987,1973–1991,unkwn,Contig,7,207200,1900277,47.5,464.0,47,47,47,7,207200,3.9999,97.58999633789062,1.7799999713897705
8919,VC_0878,GCF_014634485.1,Japan,Non Human,diseased,unkwn,unkwn,unkwn,1987,1973–1991,unkwn,Contig,7,207200,1900359,47.5,293.0,47,47,47,7,207200,4.000018,97.58999633789062,1.7799999713897705
8937,VC_0879,GCF_014634565.1,Japan,Non Human,dead,unkwn,unkwn,unkwn,1990,1973–1991,unkwn,Contig,7,207200,1900417,47.5,295.0,47,47,47,7,207200,4.000146,97.55000305175781,1.7599999904632568
8955,VC_0880,GCF_014634625.1,Japan,Non Human,diseased,unkwn,unkwn,unkwn,1990,1973–1991,unkwn,Contig,6,217925,1901224,47.5,356.0,46,46,46,6,217925,4.001454,97.61000061035156,1.7799999713897705
8973,VC_0881,GCF_014634645.1,Japan,Non Human,diseased,unkwn,unkwn,unkwn,1990,1973–1991,unkwn,Contig,6,207200,1898506,47.5,355.0,48,48,48,6,207200,3.996345,97.4000015258789,1.7799999713897705
8991,VC_0882,GCF_014634665.1,Japan,Non Human,diseased,unkwn,unkwn,unkwn,1990,1973–1991,unkwn,Contig,6,217936,1901128,47.5,465.0,46,46,46,6,217936,4.001282,97.5999984741211,1.7799999713897705
9009,VC_0883,GCF_014634685.1,Japan,Non Human,diseased,unkwn,unkwn,unkwn,1990,1973–1991,unkwn,Contig,5,221821,1901253,47.5,1611.0,43,43,43,5,221821,4.001512,97.61000061035156,1.7799999713897705
9027,VC_0884,GCF_014654495.1,Qatar,Human hosts,unkwn,Clinical sample,Clinical sample,25.28 N 51.53 E,2017,1992–2025,unkwn,Scaffold,6,170543,1912717,47.5,850.0,84,88,84,6,180171,4.027045,98.58000183105469,0.23999999463558197
9043,VC_0885,GCF_014654565.1,Qatar,Human hosts,unkwn,Clinical sample,Clinical sample,25.28 N 51.53 E,2017,1992–2025,unkwn,Scaffold,4,328603,1869881,47.5,650.0,60,63,60,3,529619,3.935466,97.94999694824219,3.009999990463257
9059,VC_0886,GCF_014654575.1,Qatar,Human hosts,unkwn,Clinical sample,Clinical sample,25.28 N 51.53 E,2017,1992–2025,unkwn,Scaffold,10,141180,1918855,47.5,180.0,101,103,101,9,141878,4.042369,97.66000366210938,0.25
9075,VC_0887,GCF_014654625.1,Qatar,Human hosts,unkwn,Clinical sample,Clinical sample,25.28 N 51.53 E,2017,1992–2025,unkwn,Scaffold,6,170527,1917678,47.5,320.0,72,74,72,6,170527,4.03982,95.95999908447266,0.23000000417232513
9091,VC_0888,GCF_014654645.1,Qatar,Human hosts,unkwn,Clinical sample,Clinical sample,25.28 N 51.53 E,2016,1992–2025,unkwn,Scaffold,10,122900,1917992,47.5,120.0,99,101,99,10,122900,4.040646,95.55999755859375,0.20000000298023224
9107,VC_0889,GCF_015168795.1,China,Human hosts,diarrhea,Clinical sample,Clinical sample,unkwn,2016,1992–2025,unkwn,Complete Genome,1,3040054,1980208,47.5,10.0,4,4,4,1,3040054,4.16119,99.62999725341797,1.3600000143051147
9116,VC_0890,GCF_015686715.1,China,Human hosts,diarrhea,Clinical sample,Clinical sample,31.86 N 117.27 E,2016,1992–2025,unkwn,Scaffold,6,255465,1943774,47.5,300.0,76,78,76,6,255465,4.086039,99.62999725341797,1.3600000143051147
9124,VC_0891,GCF_015686735.1,China,Human hosts,diarrhea,Clinical sample,Clinical sample,31.86 N 117.27 E,2016,1992–2025,unkwn,Scaffold,6,255279,1943307,47.5,180.0,77,79,77,6,255279,4.085113,99.62999725341797,1.3600000143051147
9132,VC_0892,GCF_015686745.1,China,Human hosts,diarrhea,Clinical sample,Clinical sample,31.86 N 117.27 E,2016,1992–2025,unkwn,Scaffold,6,255279,1943709,47.5,282.0,72,74,72,6,255279,4.086017,99.62999725341797,1.3600000143051147
9140,VC_0893,GCF_015686775.1,China,Human hosts,diarrhea,Clinical sample,Clinical sample,31.86 N 117.27 E,2016,1992–2025,unkwn,Scaffold,5,255279,1944974,47.5,296.0,74,76,74,5,255279,4.08828,99.62999725341797,1.3600000143051147
9148,VC_0894,GCF_015686785.1,China,Human hosts,diarrhea,Clinical sample,Clinical sample,31.86 N 117.27 E,2016,1992–2025,unkwn,Contig,7,235882,1943300,47.5,110.0,75,75,75,7,235882,4.08487,99.62999725341797,1.3600000143051147
9156,VC_0895,GCF_015686815.1,China,Human hosts,diarrhea,Clinical sample,Clinical sample,31.86 N 117.27 E,2016,1992–2025,unkwn,Scaffold,6,255279,1944434,47.5,300.0,76,77,76,6,255279,4.08711,99.62999725341797,1.3600000143051147
9164,VC_0896,GCF_015686835.1,China,Human hosts,diarrhea,Clinical sample,Clinical sample,31.86 N 117.27 E,2016,1992–2025,unkwn,Scaffold,6,255465,1944247,47.5,400.0,75,77,75,6,255465,4.086998,99.62999725341797,1.3600000143051147
9172,VC_0897,GCF_015830025.1,Brazil,unkwn,unkwn,Environmental sample,Environmental sample,23.96 S 46.33 W,2018,1992–2025,unkwn,Contig,7,175326,1866555,47.5,57.0,82,82,82,7,175326,3.915034,95.41999816894531,0.36000001430511475
9178,VC_0898,GCF_016103055.1,Russia,unkwn,cholera,Environmental sample,Environmental sample,42.983333 N 47.5 E,1996,1992–2025,unkwn,Contig,8,210277,1947324,47.5,100.0,97,97,97,8,210277,4.102753,97.94000244140625,0.23999999463558197
9186,VC_0899,GCF_016103065.1,Russia,Human hosts,cholera,unkwn,unkwn,42.983333 N 47.5 E,1993,1992–2025,unkwn,Contig,5,247061,1954075,47.5,65.0,58,58,58,5,247061,4.117844,97.58000183105469,0.23999999463558197
9194,VC_0900,GCF_016456575.1,China,unkwn,unkwn,Food,Others,22.55 N 114.09 E,2019,1992–2025,unkwn,Contig,7,163719,1915411,47.5,10.0,229,229,229,7,163719,4.02863,99.05999755859375,1.190000057220459
9236,VC_0901,GCF_016456735.1,China,unkwn,unkwn,Food,Others,22.55 N 114.09 E,2019,1992–2025,unkwn,Contig,7,200370,1925634,47.5,10.0,181,181,181,7,200370,4.043645,98.9000015258789,0.9399999976158142
9356,VC_0902,GCF_016457155.1,China,unkwn,unkwn,Food,Others,22.55 N 114.09 E,2019,1992–2025,unkwn,Contig,4,269801,1874372,47.5,10.0,221,221,221,4,269801,3.934094,99.3499984741211,1.190000057220459
9374,VC_0903,GCF_017426745.1,USA,unkwn,unkwn,Environmental sample,Environmental sample,25.883583 N 97.476273 W,2008,1992–2025,unkwn,Contig,7,189346,1953261,47.5,60.0,88,88,88,7,189346,4.119702,98.33999633789062,1.4700000286102295
9386,VC_0904,GCF_017426765.1,USA,unkwn,unkwn,Environmental sample,Environmental sample,25.883583 N 97.476273 W,2008,1992–2025,unkwn,Contig,11,123726,1952345,47.5,60.0,107,107,107,11,123726,4.118072,98.33999633789062,1.899999976158142
9398,VC_0905,GCF_017426785.1,USA,unkwn,unkwn,Environmental sample,Environmental sample,25.883583 N 97.476273 W,2008,1992–2025,unkwn,Contig,4,231987,1949733,47.5,60.0,85,85,85,4,231987,4.113495,98.19999694824219,2.25
9410,VC_0906,GCF_017426815.1,USA,unkwn,unkwn,Environmental sample,Environmental sample,25.883583 N 97.476273 W,2008,1992–2025,unkwn,Contig,15,79342,1950495,47.5,60.0,118,118,118,15,79342,4.114718,98.33999633789062,1.4700000286102295
9422,VC_0907,GCF_017426825.1,USA,unkwn,unkwn,Environmental sample,Environmental sample,25.883583 N 97.476273 W,2008,1992–2025,unkwn,Contig,10,150335,1953647,47.5,60.0,99,99,99,10,150335,4.120548,98.33999633789062,1.5399999618530273
9434,VC_0908,GCF_017426845.1,USA,unkwn,unkwn,Environmental sample,Environmental sample,25.883583 N 97.476273 W,2008,1992–2025,unkwn,Contig,9,164794,1953184,47.5,60.0,97,97,97,9,164794,4.119886,98.33999633789062,1.5700000524520874
9446,VC_0909,GCF_017426885.1,USA,unkwn,unkwn,Environmental sample,Environmental sample,25.883583 N 97.476273 W,2008,1992–2025,unkwn,Contig,8,160631,1954426,47.5,60.0,92,92,92,8,160631,4.122195,98.33999633789062,1.4800000190734863
9458,VC_0910,GCF_017426905.1,USA,unkwn,unkwn,Environmental sample,Environmental sample,25.956747 N 97.146822 W,2008,1992–2025,unkwn,Contig,6,197524,1951706,47.5,60.0,71,71,71,6,197524,4.115192,98.58000183105469,3.2100000381469727
9470,VC_0911,GCF_017426915.1,USA,unkwn,unkwn,Environmental sample,Environmental sample,25.956747 N 97.146822 W,2008,1992–2025,unkwn,Contig,6,200733,1919156,47.5,60.0,113,113,113,6,200733,4.04391,97.72000122070312,2.9600000381469727
9482,VC_0912,GCF_017426945.1,USA,unkwn,unkwn,Environmental sample,Environmental sample,25.956747 N 97.146822 W,2008,1992–2025,unkwn,Contig,11,137521,1944342,47.5,60.0,95,95,95,11,137521,4.10091,97.95999908447266,3.309999942779541
9494,VC_0913,GCF_017426965.1,USA,unkwn,unkwn,Environmental sample,Environmental sample,25.956747 N 97.146822 W,2008,1992–2025,unkwn,Contig,7,205170,1902756,47.5,60.0,67,67,67,7,205170,4.005821,98.76000213623047,2.819999933242798
9506,VC_0914,GCF_017426985.1,USA,unkwn,unkwn,Environmental sample,Environmental sample,25.956747 N 97.146822 W,2008,1992–2025,unkwn,Contig,5,269860,1918294,47.5,60.0,78,78,78,5,269860,4.031163,98.69999694824219,2.2799999713897705
9518,VC_0915,GCF_017427005.1,USA,unkwn,unkwn,Environmental sample,Environmental sample,25.956747 N 97.146822 W,2008,1992–2025,unkwn,Contig,8,186400,1953114,47.5,60.0,83,83,83,8,186400,4.110306,98.7300033569336,3.180000066757202
9530,VC_0916,GCF_017814615.1,China,Human hosts,vibrio infection,Clinical sample,Clinical sample,26.08 N 119.28 E,2020,1992–2025,unkwn,Scaffold,8,193266,1952437,47.5,100.0,59,62,59,7,195102,4.117664,99.12999725341797,0.6399999856948853
9538,VC_0917,GCF_017948285.1,Peru,Human hosts,unkwn,unkwn,unkwn,unkwn,1992,1992–2025,O1_Inaba,Complete Genome,1,3016351,1939499,47.5,632.0,2,2,2,1,3016351,4.086722,99.62999725341797,0.23999999463558197
9550,VC_0918,GCF_018310255.1,China,unkwn,unkwn,Food,Others,30.18 N 120.15 E,2020,1992–2025,unkwn,Contig,4,246527,1929579,47.5,196.0,126,126,126,4,246527,4.067441,99.29000091552734,0.4099999964237213
9556,VC_0919,GCF_018398015.1,Tanzania,Human hosts,cholera,Clinical sample,Clinical sample,4.8819766 S 29.6153597 E,2017,1992–2025,unkwn,Contig,5,303299,1934338,47.5,200.0,138,138,138,5,303299,4.072403,99.58999633789062,0.25999999046325684
9564,VC_0920,GCF_018398025.1,Tanzania,Human hosts,cholera,Clinical sample,Clinical sample,2.5034071 S 32.9007276 E,2016,1992–2025,unkwn,Contig,5,318887,1931799,47.5,200.0,171,171,171,5,318887,4.06719,99.62999725341797,0.3799999952316284
9572,VC_0921,GCF_018398035.1,Tanzania,Human hosts,cholera,Clinical sample,Clinical sample,6.172943 S 35.7031099 E,2016,1992–2025,unkwn,Contig,4,350768,1937302,47.5,200.0,207,207,207,4,350768,4.078584,99.62999725341797,0.8500000238418579
9580,VC_0922,GCF_018398045.1,Tanzania,Human hosts,cholera,Clinical sample,Clinical sample,6.7695712 S 39.1142053 E,2017,1992–2025,unkwn,Contig,4,350736,1932581,47.5,200.0,199,199,199,4,350736,4.070364,99.62999725341797,0.4399999976158142
9596,VC_0923,GCF_018398115.1,Tanzania,Human hosts,cholera,Clinical sample,Clinical sample,6.7695712 S 39.1142053 E,2017,1992–2025,unkwn,Contig,5,299331,1924948,47.5,200.0,136,136,136,5,299331,4.0549,99.62999725341797,0.3799999952316284
9604,VC_0924,GCF_018398135.1,Tanzania,Human hosts,cholera,Clinical sample,Clinical sample,8.9052093 S 33.38241 E,2017,1992–2025,unkwn,Contig,5,322871,1925057,47.5,200.0,133,133,133,5,322871,4.056526,99.62999725341797,0.23999999463558197
9620,VC_0925,GCF_018398195.1,Tanzania,Human hosts,cholera,Clinical sample,Clinical sample,10.4984402 S 35.2204579 E,2017,1992–2025,unkwn,Contig,5,322856,1919371,47.5,200.0,105,105,105,5,322856,4.043968,99.62999725341797,0.28999999165534973
9628,VC_0926,GCF_018398205.1,Tanzania,Human hosts,cholera,Clinical sample,Clinical sample,6.7695712 S 39.1142053 E,2016,1992–2025,unkwn,Contig,4,350736,1928503,47.5,200.0,161,161,161,4,350736,4.063305,99.62999725341797,0.36000001430511475
9636,VC_0927,GCF_018398235.1,Tanzania,Human hosts,cholera,Clinical sample,Clinical sample,7.1778034 S 37.7318499 E,2017,1992–2025,unkwn,Contig,5,303260,1943209,47.5,200.0,205,205,205,5,303260,4.091474,99.58999633789062,0.4099999964237213
9644,VC_0928,GCF_018398255.1,Tanzania,Human hosts,cholera,Clinical sample,Clinical sample,6.7695712 S 39.1142053 E,2017,1992–2025,unkwn,Contig,4,350736,1931750,47.5,200.0,211,211,211,4,350736,4.073734,99.69000244140625,0.23999999463558197
9660,VC_0929,GCF_018916535.1,Tanzania,Human hosts,cholera,Clinical sample,Clinical sample,1.4999999 S 34.5412452 E,2016,1992–2025,unkwn,Contig,5,299343,1934478,47.5,200.0,193,193,193,5,299343,4.073703,99.62999725341797,0.27000001072883606
9692,VC_0930,GCF_018920385.1,Bangladesh,unkwn,unkwn,Environmental sample,Environmental sample,unkwn,2017,1992–2025,unkwn,Scaffold,11,116361,1868000,47.5,18.5,65,66,65,11,121850,3.935348,96.44999694824219,0.1599999964237213
9704,VC_0931,GCF_018920425.1,Bangladesh,unkwn,unkwn,Environmental sample,Environmental sample,unkwn,2016,1992–2025,unkwn,Scaffold,9,128037,1857324,47.5,12.0,58,60,58,9,128037,3.894935,98.22000122070312,0.4699999988079071
9710,VC_0932,GCF_019092625.1,China,Non Human,unkwn,unkwn,unkwn,unkwn,2018,1992–2025,unkwn,Contig,6,246246,1858773,47.0,100.0,80,80,80,6,246246,3.948014,96.87000274658203,2.0199999809265137
9716,VC_0933,GCF_019092665.1,China,Non Human,unkwn,unkwn,unkwn,unkwn,2018,1992–2025,unkwn,Scaffold,6,246108,1805844,47.5,100.0,22,23,22,6,246108,3.821441,96.58000183105469,2.0
9722,VC_0934,GCF_019092705.1,China,Non Human,unkwn,unkwn,unkwn,unkwn,2018,1992–2025,unkwn,Scaffold,4,327394,1874743,47.0,100.0,76,77,76,4,327394,3.981494,95.9000015258789,2.4600000381469727
9728,VC_0935,GCF_019092725.1,China,Non Human,unkwn,unkwn,unkwn,unkwn,2018,1992–2025,unkwn,Contig,6,246108,1832557,47.0,100.0,22,22,22,6,246108,3.903944,96.55999755859375,1.7200000286102295
9734,VC_0936,GCF_019092735.1,China,Non Human,unkwn,unkwn,unkwn,unkwn,2018,1992–2025,unkwn,Contig,6,246119,1851049,47.0,100.0,23,23,23,6,246119,3.957547,96.55999755859375,1.7200000286102295
9740,VC_0937,GCF_019092765.1,China,Non Human,unkwn,unkwn,unkwn,unkwn,2018,1992–2025,unkwn,Scaffold,4,327394,1872779,47.0,100.0,75,76,75,4,327394,3.976918,95.9000015258789,2.4600000381469727
9746,VC_0938,GCF_019092825.1,China,Non Human,unkwn,unkwn,unkwn,unkwn,2018,1992–2025,unkwn,Scaffold,4,285376,1855494,47.0,100.0,82,84,82,4,285376,3.932761,96.30000305175781,2.309999942779541
9752,VC_0939,GCF_019092835.1,China,Non Human,unkwn,unkwn,unkwn,unkwn,2018,1992–2025,unkwn,Scaffold,4,284948,1856623,47.0,100.0,80,84,80,4,284948,3.935179,96.30000305175781,2.309999942779541
9758,VC_0940,GCF_019092945.1,China,Non Human,unkwn,unkwn,unkwn,unkwn,2018,1992–2025,unkwn,Contig,3,545896,1844186,47.0,100.0,26,26,26,3,545896,3.919141,96.12999725341797,2.059999942779541
9764,VC_0941,GCF_019092965.1,China,Non Human,unkwn,unkwn,unkwn,unkwn,2018,1992–2025,unkwn,Scaffold,5,237032,1864803,47.0,100.0,79,85,79,4,252844,3.954859,96.30000305175781,2.4100000858306885
9770,VC_0942,GCF_019092975.1,China,Non Human,unkwn,unkwn,unkwn,unkwn,2018,1992–2025,unkwn,Contig,4,326728,1866920,47.0,100.0,97,97,97,4,326728,3.96055,96.30000305175781,2.2200000286102295
9776,VC_0943,GCF_019093005.1,China,Non Human,unkwn,unkwn,unkwn,unkwn,2017,1992–2025,unkwn,Contig,5,258393,1935912,47.5,100.0,63,63,63,5,258393,4.078052,98.56999969482422,2.559999942779541
9782,VC_0944,GCF_019093025.1,China,Non Human,unkwn,unkwn,unkwn,unkwn,2018,1992–2025,unkwn,Scaffold,6,246086,1864770,47.0,100.0,89,90,89,5,253475,3.962584,95.9000015258789,2.0799999237060547
9788,VC_0945,GCF_019093035.1,China,Non Human,unkwn,unkwn,unkwn,unkwn,2018,1992–2025,unkwn,Contig,4,326962,1845703,47.0,100.0,50,50,50,4,326962,3.910454,95.9800033569336,2.1500000953674316
9794,VC_0946,GCF_019093085.1,China,Non Human,unkwn,unkwn,unkwn,unkwn,2018,1992–2025,unkwn,Scaffold,4,330324,1834472,47.5,100.0,47,51,47,4,330324,3.879572,96.12000274658203,2.430000066757202
9800,VC_0947,GCF_019093095.1,China,Non Human,unkwn,unkwn,unkwn,unkwn,2018,1992–2025,unkwn,Scaffold,3,367136,1841434,47.5,100.0,59,62,59,3,367136,3.894584,96.12000274658203,2.5299999713897705
9806,VC_0948,GCF_019093125.1,China,Non Human,unkwn,unkwn,unkwn,unkwn,2018,1992–2025,unkwn,Scaffold,4,326768,1851007,47.0,100.0,83,84,83,4,326768,3.926283,95.81999969482422,2.25
9812,VC_0949,GCF_019093145.1,China,Non Human,unkwn,unkwn,unkwn,unkwn,2018,1992–2025,unkwn,Contig,4,357643,1843156,47.0,100.0,89,89,89,4,357643,3.90408,96.0999984741211,2.109999895095825
9818,VC_0950,GCF_019093165.1,China,Non Human,unkwn,unkwn,unkwn,unkwn,2018,1992–2025,unkwn,Scaffold,4,326297,1826423,47.5,100.0,71,72,71,4,326297,3.862744,96.12000274658203,2.509999990463257
9824,VC_0951,GCF_019093175.1,China,Non Human,unkwn,unkwn,unkwn,unkwn,2018,1992–2025,unkwn,Scaffold,4,284960,1854902,47.0,100.0,81,83,81,4,284960,3.931265,96.30000305175781,2.309999942779541
9830,VC_0952,GCF_019093205.1,China,Non Human,unkwn,unkwn,unkwn,unkwn,2018,1992–2025,unkwn,Scaffold,5,326935,1852476,47.0,100.0,88,89,88,4,357643,3.924407,96.0999984741211,3.259999990463257
9854,VC_0953,GCF_019273675.1,Thailand,unkwn,unkwn,Clinical sample,Clinical sample,Not applicable,unkwn,unkwn,unkwn,Chromosome,20,62090,1753892,48.0,85.697,2,246,2,1,3149584,4.236368,98.58999633789062,0.38999998569488525
9860,VC_0954,GCF_019350595.1,Brazil,Human hosts,cholera,Clinical sample,Clinical sample,23.55 S 46.63 W,1994,1992–2025,unkwn,Contig,5,299258,1902455,47.5,64.0,82,82,82,5,299258,4.009688,97.79000091552734,0.23999999463558197
9869,VC_0955,GCF_019350605.1,Brazil,Human hosts,cholera,Clinical sample,Clinical sample,23.92 S 46.36 W,1994,1992–2025,unkwn,Contig,7,180976,1898526,47.5,48.0,97,97,97,7,180976,4.00069,98.12000274658203,0.23999999463558197
9878,VC_0956,GCF_019350615.1,Brazil,Human hosts,cholera,Clinical sample,Clinical sample,23.33 S 46.37 W,1994,1992–2025,unkwn,Contig,5,354922,1899531,47.5,59.0,75,75,75,5,354922,4.003478,97.52999877929688,0.23999999463558197
9887,VC_0957,GCF_019350655.1,Brazil,Human hosts,cholera,Clinical sample,Clinical sample,23.92 S 46.36 W,1994,1992–2025,unkwn,Contig,5,346300,1901229,47.5,79.0,75,75,75,5,346300,4.006955,98.2300033569336,0.23999999463558197
9896,VC_0958,GCF_019350675.1,Brazil,Human hosts,cholera,Clinical sample,Clinical sample,23.92 S 46.36 W,1994,1992–2025,unkwn,Contig,4,392929,1901421,47.5,67.0,77,77,77,4,392929,4.007394,98.7300033569336,0.23999999463558197
9905,VC_0959,GCF_019350695.1,Brazil,Human hosts,cholera,Clinical sample,Clinical sample,23.92 S 46.36 W,1994,1992–2025,unkwn,Contig,4,358040,1900205,47.5,54.0,74,74,74,4,358040,4.004899,97.61000061035156,0.23999999463558197
9914,VC_0960,GCF_019350715.1,Brazil,Human hosts,cholera,Clinical sample,Clinical sample,23.92 S 46.36 W,1994,1992–2025,unkwn,Contig,4,399575,1901144,47.5,69.0,70,70,70,4,399575,4.006426,97.81999969482422,0.23999999463558197
9923,VC_0961,GCF_019350735.1,Brazil,Human hosts,cholera,Clinical sample,Clinical sample,23.92 S 46.36 W,1994,1992–2025,unkwn,Contig,5,246447,1898825,47.5,53.0,75,75,75,5,246447,4.001754,96.7699966430664,0.2199999988079071
9932,VC_0962,GCF_019350755.1,Brazil,Human hosts,cholera,Clinical sample,Clinical sample,23.92 S 46.36 W,1994,1992–2025,unkwn,Contig,4,399579,1901004,47.5,75.0,74,74,74,4,399579,4.006419,98.61000061035156,0.2199999988079071
9941,VC_0963,GCF_019350775.1,Brazil,Human hosts,cholera,Clinical sample,Clinical sample,23.92 S 46.36 W,1994,1992–2025,unkwn,Contig,4,360854,1902322,47.5,72.0,76,76,76,4,360854,4.009344,99.0199966430664,0.2199999988079071
9950,VC_0964,GCF_019350795.1,Brazil,Human hosts,cholera,Clinical sample,Clinical sample,23.92 S 46.36 W,1994,1992–2025,unkwn,Contig,5,246701,1901890,47.5,84.0,76,76,76,5,246701,4.008097,97.37000274658203,0.23999999463558197
9959,VC_0965,GCF_019350805.1,Brazil,Human hosts,cholera,Clinical sample,Clinical sample,23.92 S 46.36 W,1994,1992–2025,unkwn,Contig,5,299256,1901157,47.5,46.0,78,78,78,5,299256,4.006838,96.7699966430664,0.2199999988079071
9968,VC_0966,GCF_019350825.1,Brazil,Human hosts,cholera,Clinical sample,Clinical sample,23.92 S 46.36 W,1994,1992–2025,unkwn,Contig,5,350396,1898603,47.5,92.0,77,77,77,5,350396,4.001113,98.41999816894531,0.2199999988079071
9977,VC_0967,GCF_019350855.1,Brazil,Human hosts,cholera,Clinical sample,Clinical sample,23.92 S 46.36 W,1994,1992–2025,unkwn,Contig,5,299257,1901069,47.5,75.0,79,79,79,5,299257,4.006418,97.5,0.23999999463558197
9986,VC_0968,GCF_019350875.1,Brazil,Human hosts,cholera,Clinical sample,Clinical sample,23.92 S 46.36 W,1994,1992–2025,unkwn,Contig,5,280624,1891455,47.5,69.0,73,73,73,5,280624,3.985038,98.61000061035156,0.23999999463558197
9995,VC_0969,GCF_019350895.1,Brazil,Human hosts,cholera,Clinical sample,Clinical sample,23.92 S 46.36 W,1994,1992–2025,unkwn,Contig,5,355135,1900938,47.5,70.0,76,76,76,5,355135,4.006415,98.44000244140625,0.14000000059604645
10004,VC_0970,GCF_019400755.1,Brazil,unkwn,unkwn,Environmental sample,Environmental sample,23.96 S 46.33 W,2018,1992–2025,unkwn,Contig,9,140898,1850957,47.5,60.0,93,93,93,9,140898,3.883076,98.1500015258789,0.5899999737739563
10010,VC_0971,GCF_019400765.1,Brazil,unkwn,unkwn,Environmental sample,Environmental sample,22.90 S 47.06 W,2019,1992–2025,unkwn,Contig,11,109666,1875382,47.5,65.0,120,120,120,11,109666,3.948106,97.5199966430664,1.3300000429153442
10016,VC_0972,GCF_019400805.1,Brazil,unkwn,unkwn,Environmental sample,Environmental sample,23.55 S 46.63 W,2018,1992–2025,unkwn,Contig,7,206065,1904942,47.5,58.0,110,110,110,7,206065,3.994584,95.87000274658203,2.130000114440918
10022,VC_0973,GCF_019400815.1,Brazil,unkwn,unkwn,Environmental sample,Environmental sample,23.80 S 45.40 W,2018,1992–2025,unkwn,Contig,5,339777,1858935,47.0,76.0,141,141,141,5,339777,3.934515,96.1500015258789,1.409999966621399
10028,VC_0974,GCF_019448125.1,unkwn,unkwn,unkwn,unkwn,unkwn,unkwn,1975,1973–1991,unkwn,Contig,6,246422,1876621,47.5,1.0,92,92,92,6,246422,3.951632,98.37000274658203,0.4699999988079071
10034,VC_0975,GCF_019458445.1,unkwn,unkwn,unkwn,unkwn,unkwn,unkwn,unkwn,unkwn,unkwn,Complete Genome,1,3007795,1927742,47.5,1.0,2,2,2,1,3007795,4.056848,98.4800033569336,0.23999999463558197
10040,VC_0976,GCF_019458465.1,unkwn,unkwn,unkwn,Non-Human sample,Others,unkwn,unkwn,unkwn,unkwn,Complete Genome,1,3145023,2034209,47.5,1.0,3,3,3,1,3145023,4.276486,99.3499984741211,1.25
10046,VC_0977,GCF_019704235.1,India,unkwn,unkwn,unkwn,unkwn,unkwn,2010,1992–2025,unkwn,Complete Genome,1,3047641,1950780,47.5,105.0,2,2,2,1,3047641,4.108356,96.2300033569336,0.2199999988079071
10058,VC_0978,GCF_019704255.1,India,unkwn,unkwn,unkwn,unkwn,unkwn,2011,1992–2025,unkwn,Complete Genome,1,3026055,1940612,47.5,92.0,2,2,2,1,3026055,4.088014,96.52999877929688,0.23999999463558197
10070,VC_0979,GCF_019780445.1,Brazil,Human hosts,blood infection,Clinical sample,Clinical sample,22.56 S 47.40 W,2018,1992–2025,unkwn,Contig,5,244957,1847827,47.5,117.0,83,83,83,5,244957,3.901967,96.13999938964844,2.3299999237060547
10080,VC_0980,GCF_019780645.1,Brazil,Human hosts,blood infection,Clinical sample,Clinical sample,23.03 S 45.56 W,2019,1992–2025,unkwn,Contig,5,248061,1906688,47.5,90.0,78,78,78,5,248061,3.999302,98.9000015258789,1.3200000524520874
10090,VC_0981,GCF_019793275.1,Vietnam,unkwn,unkwn,Food,Others,unkwn,2016,1992–2025,unkwn,Contig,7,206565,2122196,47.5,172.0,82,82,82,7,206565,4.480491,99.4000015258789,2.2300000190734863
10102,VC_0982,GCF_020103235.1,China,Non Human,unkwn,unkwn,unkwn,unkwn,2018,1992–2025,unkwn,Scaffold,4,285388,1858266,47.0,100.0,89,91,89,4,285388,3.939755,96.30000305175781,2.309999942779541
10108,VC_0983,GCF_021014515.1,Germany,unkwn,unkwn,Non-Human sample,Others,unkwn,2012,1992–2025,unkwn,Contig,15,92584,1940679,47.5,30.0,156,156,156,15,92584,4.084922,97.0999984741211,2.8299999237060547
10114,VC_0984,GCF_021014545.1,Germany,unkwn,unkwn,Non-Human sample,Others,unkwn,2013,1992–2025,unkwn,Contig,15,91017,1940571,47.5,30.0,150,150,150,15,91017,4.084524,96.93000030517578,2.7699999809265137
10120,VC_0985,GCF_021014565.1,Germany,unkwn,unkwn,Clinical sample,Clinical sample,unkwn,2016,1992–2025,unkwn,Contig,7,208847,1950698,47.5,30.0,99,99,99,7,208847,4.117309,99.18000030517578,2.0399999618530273
10126,VC_0986,GCF_021014585.1,Germany,unkwn,unkwn,Clinical sample,Clinical sample,unkwn,2010,1992–2025,unkwn,Contig,7,195493,1876772,47.5,30.0,121,121,121,7,195493,3.941253,98.98999786376953,1.9600000381469727
10132,VC_0987,GCF_021014605.1,Germany,unkwn,unkwn,Clinical sample,Clinical sample,unkwn,1995,1992–2025,unkwn,Contig,12,104568,1902883,47.5,30.0,167,167,167,12,104568,3.994678,99.02999877929688,1.940000057220459
10138,VC_0988,GCF_021014625.1,Germany,unkwn,unkwn,Clinical sample,Clinical sample,unkwn,1995,1992–2025,unkwn,Contig,13,86200,1834214,47.5,30.0,161,161,161,13,86200,3.849167,96.70999908447266,1.399999976158142
10144,VC_0989,GCF_021014645.1,Germany,unkwn,unkwn,Clinical sample,Clinical sample,unkwn,1999,1992–2025,unkwn,Contig,10,109559,1894927,47.5,30.0,101,101,101,10,109559,3.986607,98.62000274658203,3.0
10150,VC_0990,GCF_021014655.1,Germany,unkwn,unkwn,Clinical sample,Clinical sample,unkwn,2012,1992–2025,unkwn,Contig,7,188609,1907270,47.5,30.0,114,114,114,7,188609,4.004351,99.02999877929688,1.940000057220459
10156,VC_0991,GCF_021014685.1,Germany,unkwn,unkwn,Environmental sample,Environmental sample,unkwn,2012,1992–2025,unkwn,Contig,5,207679,1899053,47.5,30.0,116,116,116,5,207679,3.994931,99.05999755859375,1.3799999952316284
10162,VC_0992,GCF_021014705.1,Germany,unkwn,unkwn,Environmental sample,Environmental sample,unkwn,2012,1992–2025,unkwn,Contig,5,275809,1904038,47.5,30.0,109,109,109,5,275809,4.009279,99.02999877929688,1.8200000524520874
10168,VC_0993,GCF_021014725.1,Germany,unkwn,unkwn,Environmental sample,Environmental sample,unkwn,2013,1992–2025,unkwn,Contig,5,261198,1866448,47.5,30.0,60,60,60,5,261198,3.91621,99.05999755859375,1.3799999952316284
10174,VC_0994,GCF_021014745.1,Germany,unkwn,unkwn,Environmental sample,Environmental sample,unkwn,2013,1992–2025,unkwn,Contig,5,275774,1869657,47.5,30.0,99,99,99,5,275774,3.938481,97.05000305175781,1.7999999523162842
10180,VC_0995,GCF_021014765.1,Germany,unkwn,unkwn,Environmental sample,Environmental sample,unkwn,2013,1992–2025,unkwn,Contig,5,242469,1916704,47.5,30.0,110,110,110,5,242469,4.037068,98.88999938964844,1.690000057220459
10186,VC_0996,GCF_021014785.1,Germany,unkwn,unkwn,Environmental sample,Environmental sample,unkwn,2013,1992–2025,unkwn,Contig,6,259196,1889670,47.5,30.0,114,114,114,6,259196,3.973663,99.02999877929688,1.940000057220459
10192,VC_0997,GCF_021014805.1,Germany,unkwn,unkwn,Environmental sample,Environmental sample,unkwn,2011,1992–2025,unkwn,Contig,5,238059,1896860,47.5,30.0,117,117,117,5,238059,3.989403,99.02999877929688,1.9700000286102295
10198,VC_0998,GCF_021014825.1,Germany,unkwn,unkwn,Food,Others,unkwn,2011,1992–2025,unkwn,Contig,12,123712,1910924,47.5,20.0,146,146,146,12,123712,4.012494,98.26000213623047,3.059999942779541
10204,VC_0999,GCF_021014845.1,Germany,Human hosts,unkwn,Clinical sample,Clinical sample,unkwn,2017,1992–2025,unkwn,Contig,9,119121,1895772,47.5,15.0,166,166,166,9,119121,3.988274,98.5199966430664,1.5499999523162842
10211,VC_1000,GCF_021014865.1,Germany,unkwn,unkwn,Environmental sample,Environmental sample,unkwn,2012,1992–2025,unkwn,Contig,4,326038,1894156,47.5,30.0,49,49,49,4,326038,3.988505,99.70999908447266,0.9200000166893005
10217,VC_1001,GCF_021014875.1,Germany,unkwn,unkwn,Food,Others,unkwn,2012,1992–2025,unkwn,Contig,6,219208,1880325,47.5,15.0,124,124,124,6,219208,3.948912,98.70999908447266,1.9800000190734863
10223,VC_1002,GCF_021166875.1,Russia,Human hosts,otitis,Clinical sample,Clinical sample,55.159902 N 61.402554 E,2020,1992–2025,non_O1,Contig,5,246807,1893229,47.5,31.0,134,134,134,5,246807,3.987464,99.51000213623047,2.9600000381469727
10232,VC_1003,GCF_021166895.1,Russia,Human hosts,otitis,Clinical sample,Clinical sample,55.753220 N 37.622513 E,2019,1992–2025,non_O1,Contig,5,300737,1924494,47.5,37.0,223,223,223,5,300737,4.057077,98.72000122070312,2.299999952316284
10241,VC_1004,GCF_021166915.1,Russia,Human hosts,otitis,Clinical sample,Clinical sample,55.159902 N 61.402554 E,2020,1992–2025,non_O1,Contig,6,248226,1908258,47.5,28.0,166,166,166,6,248226,4.012554,98.12000274658203,1.7999999523162842
10250,VC_1005,GCF_021166935.1,Russia,Human hosts,otitis,Clinical sample,Clinical sample,55.753220 N 37.622513 E,2019,1992–2025,non_O1,Contig,6,221413,1913940,47.5,27.0,163,163,163,6,221413,4.022193,99.41999816894531,2.2699999809265137
10259,VC_1006,GCF_021166955.1,Russia,Human hosts,otitis,Clinical sample,Clinical sample,55.753220 N 37.622513 E,2019,1992–2025,non_O1,Contig,5,342546,1915545,47.5,21.0,210,210,210,5,342546,4.034486,98.26000213623047,1.840000033378601
10268,VC_1007,GCF_021166975.1,Russia,Human hosts,otitis,Clinical sample,Clinical sample,55.753220 N 37.622513 E,2018,1992–2025,non_O1,Contig,7,179127,1968282,47.5,33.0,228,228,228,7,179127,4.156659,98.94000244140625,2.9000000953674316
10286,VC_1008,GCF_021167035.1,Russia,Human hosts,otitis,Clinical sample,Clinical sample,55.159902 N 61.402554 E,2017,1992–2025,non_O1,Contig,8,183052,1867904,47.5,27.0,127,127,127,8,183052,3.938041,97.43000030517578,2.380000114440918
10295,VC_1009,GCF_021228575.1,China,Human hosts,blood infection,Clinical sample,Clinical sample,unkwn,2021,1992–2025,unkwn,Contig,6,230636,1917731,47.5,100.0,95,95,95,6,230636,4.032143,99.25,1.1399999856948853
10303,VC_1010,GCF_021431865.1,USA,unkwn,unkwn,Environmental sample,Environmental sample,unkwn,2020,1992–2025,unkwn,Complete Genome,1,2994890,1919120,47.5,80.0,2,2,2,1,2994890,4.040818,99.38999938964844,0.20999999344348907
10308,VC_1011,GCF_021431945.1,China,Non Human,unkwn,Clinical sample,Clinical sample,unkwn,2018,1992–2025,unkwn,Complete Genome,1,3079090,2027978,47.5,100.0,3,3,3,1,3079090,4.282243,99.27999877929688,1.1200000047683716
10314,VC_1012,GCF_022758165.1,China,Human hosts,unkwn,Clinical sample,Clinical sample,unkwn,2022,1992–2025,unkwn,Contig,4,380564,1914854,47.5,100.0,42,42,42,4,380564,4.032676,99.16999816894531,2.3499999046325684
10326,VC_1013,GCF_023169825.1,Japan,unkwn,unkwn,unkwn,unkwn,unkwn,2013,1992–2025,unkwn,Complete Genome,1,3070648,1971572,47.5,585.0,2,2,2,1,3070648,4.143436,96.04000091552734,1.2200000286102295
10339,VC_1014,GCF_023488285.1,USA,Human hosts,gastroenteritis,Clinical sample,Clinical sample,42.3362 N 71.1067 W,2022,1992–2025,unkwn,Contig,4,286315,1978220,47.5,59.0,103,103,103,4,286315,4.171447,99.43000030517578,1.0299999713897705
10348,VC_1015,GCF_024105835.1,Algeria,unkwn,unkwn,Environmental sample,Environmental sample,unkwn,2018,1992–2025,unkwn,Contig,7,172960,1903932,47.5,90.0,162,162,162,7,172960,4.002022,99.26000213623047,1.8700000047683716
10362,VC_1016,GCF_024105855.1,Algeria,unkwn,unkwn,Environmental sample,Environmental sample,unkwn,2018,1992–2025,unkwn,Contig,9,174453,1926899,47.5,112.0,206,206,206,9,174453,4.044298,99.22000122070312,1.5399999618530273
10376,VC_1017,GCF_024359565.1,India,unkwn,unkwn,Environmental sample,Environmental sample,unkwn,2020,1992–2025,unkwn,Contig,1,2907130,1875842,47.5,440.0,4,4,4,1,2907130,3.947129,99.63999938964844,0.6600000262260437
10386,VC_1018,GCF_024495625.1,South Korea,unkwn,unkwn,Environmental sample,Environmental sample,37 N 128 E,2021,1992–2025,unkwn,Contig,7,231764,1903730,47.5,20.781,91,91,91,7,231764,4.005842,99.0999984741211,0.23999999463558197
10392,VC_1019,GCF_024495705.1,South Korea,unkwn,unkwn,Environmental sample,Environmental sample,37 N 128 E,2021,1992–2025,unkwn,Contig,8,143596,1862393,47.5,324.223,99,99,99,8,143596,3.917187,98.9000015258789,0.8600000143051147
10398,VC_1020,GCF_024723875.1,Australia,Human hosts,cholera,Clinical sample,Clinical sample,22.5752 S 144.0848 E,2022,1992–2025,unkwn,Contig,17,77137,1899197,47.5,82.48,176,176,176,17,77137,3.98903,99.55999755859375,0.23999999463558197
10414,VC_1021,GCF_024734685.1,Australia,Human hosts,cholera,Clinical sample,Clinical sample,31.2532 S 146.9211 E,2022,1992–2025,unkwn,Complete Genome,1,3046907,1946021,47.5,107.33,2,2,2,1,3046907,4.095848,99.62999725341797,0.23999999463558197
10430,VC_1022,GCF_024743535.1,Canada,unkwn,unkwn,Food,Others,unkwn,2018,1992–2025,unkwn,Contig,3,648558,1942529,47.5,177.1,50,50,50,3,648558,4.08139,98.98999786376953,3.0799999237060547
10442,VC_1023,GCF_024743545.1,Canada,unkwn,unkwn,Food,Others,unkwn,2018,1992–2025,unkwn,Contig,5,245400,1899120,47.5,84.8,77,77,77,5,245400,3.994309,98.45999908447266,1.9700000286102295
10454,VC_1024,GCF_024744955.1,India,unkwn,unkwn,Food,Others,unkwn,2017,1992–2025,unkwn,Contig,7,216279,1980321,47.5,72.8,132,132,132,7,216279,4.169508,98.86000061035156,1.659999966621399
10466,VC_1025,GCF_024745065.1,India,unkwn,unkwn,Food,Others,unkwn,2017,1992–2025,unkwn,Contig,4,254697,1918508,47.5,96.7,101,101,101,4,254697,4.041506,98.5,2.9800000190734863
10478,VC_1026,GCF_024745095.1,Thailand,unkwn,unkwn,Food,Others,unkwn,2017,1992–2025,unkwn,Contig,4,247517,1860954,47.5,187.9,76,76,76,4,247517,3.907993,99.27999877929688,1.5199999809265137
10490,VC_1027,GCF_024745295.1,India,unkwn,unkwn,Food,Others,unkwn,2016,1992–2025,unkwn,Contig,4,348811,1936800,47.5,105.1,82,82,82,4,348811,4.078171,99.05999755859375,2.140000104904175
10502,VC_1028,GCF_024745515.1,Thailand,unkwn,unkwn,Food,Others,unkwn,2016,1992–2025,unkwn,Contig,7,214953,2118417,47.5,113.8,80,80,80,7,214953,4.472093,99.4000015258789,2.2300000190734863
10514,VC_1029,GCF_024745555.1,Thailand,unkwn,unkwn,Food,Others,unkwn,2016,1992–2025,unkwn,Contig,8,152725,2116676,47.5,73.0,84,84,84,8,152725,4.468326,99.4000015258789,2.2300000190734863
10526,VC_1030,GCF_024745565.1,Thailand,unkwn,unkwn,Food,Others,unkwn,2016,1992–2025,unkwn,Contig,9,163543,2102440,47.5,68.0,88,88,88,9,163543,4.441697,99.4000015258789,2.1600000858306885
10538,VC_1031,GCF_024745585.1,Thailand,unkwn,unkwn,Food,Others,unkwn,2016,1992–2025,unkwn,Contig,9,152725,2120713,47.5,105.7,80,80,80,9,152725,4.477917,99.4000015258789,2.2300000190734863
10550,VC_1032,GCF_024745935.1,India,unkwn,unkwn,Food,Others,unkwn,2014,1992–2025,unkwn,Contig,5,278041,1913899,47.5,183.1,77,77,77,5,278041,4.019634,99.3499984741211,1.6699999570846558
10562,VC_1033,GCF_024746215.1,Indonesia,unkwn,unkwn,Food,Others,unkwn,2012,1992–2025,unkwn,Contig,8,194054,1906444,47.5,57.5,96,96,96,8,194054,4.007917,98.44999694824219,1.9500000476837158
10574,VC_1034,GCF_024746925.1,Canada,unkwn,unkwn,Food,Others,unkwn,2018,1992–2025,unkwn,Contig,14,83542,1956310,47.5,65.0,155,155,155,14,83542,4.120304,98.26000213623047,2.7300000190734863
10586,VC_1035,GCF_025258925.1,USA,unkwn,unkwn,unkwn,unkwn,unkwn,unkwn,unkwn,unkwn,Complete Genome,1,2956142,1952860,47.5,43.0,2,2,2,1,2956142,4.104686,98.70999908447266,3.0199999809265137
10606,VC_1036,GCF_025258945.1,USA,unkwn,unkwn,unkwn,unkwn,unkwn,unkwn,unkwn,unkwn,Complete Genome,1,2956142,1952857,47.5,194.0,2,2,2,1,2956142,4.104686,98.70999908447266,3.0199999809265137
10626,VC_1037,GCF_025504985.1,Ghana,Human hosts,cholera,Clinical sample,Clinical sample,5.8143 N 0.0747 E,2014,1992–2025,O1_unkwn,Contig,5,246549,1942542,47.5,30.0,86,86,86,5,246549,4.090621,99.62999725341797,0.2800000011920929
10644,VC_1038,GCF_025505005.1,Ghana,Human hosts,cholera,Clinical sample,Clinical sample,5.8143 N 0.0747 E,2011,1992–2025,O1_unkwn,Contig,4,247191,1940750,47.5,30.0,74,74,74,4,247191,4.087318,99.62999725341797,0.23999999463558197
10662,VC_1039,GCF_025505035.1,Ghana,Human hosts,cholera,Clinical sample,Clinical sample,5.8143 N 0.0747 E,2014,1992–2025,O1_unkwn,Contig,4,299378,1941446,47.5,30.0,80,80,80,4,299378,4.088232,99.62999725341797,0.23999999463558197
10680,VC_1040,GCF_025505055.1,Ghana,Human hosts,cholera,Clinical sample,Clinical sample,5.8143 N 0.0747 E,2015,1992–2025,O1_unkwn,Contig,5,246548,1918733,47.5,30.0,86,86,86,5,246548,4.040597,99.4800033569336,0.23999999463558197
10698,VC_1041,GCF_025505075.1,Ghana,Human hosts,cholera,Clinical sample,Clinical sample,5.8143 N 0.0747 E,2010,1992–2025,O1_unkwn,Contig,6,261802,1918850,47.5,30.0,70,70,70,6,261802,4.039663,99.2699966430664,0.23999999463558197
10716,VC_1042,GCF_025505095.1,Ghana,Human hosts,cholera,Clinical sample,Clinical sample,5.8143 N 0.0747 E,2010,1992–2025,O1_unkwn,Contig,5,235839,1942134,47.5,30.0,82,82,82,5,235839,4.089876,99.62999725341797,0.23999999463558197
10734,VC_1043,GCF_025505115.1,Ghana,unkwn,unkwn,Environmental sample,Environmental sample,5.5328 N 0.2268 W,2016,1992–2025,non_O1,Contig,4,333408,1887986,47.5,30.0,63,63,63,4,333408,3.964518,99.27999877929688,0.3499999940395355
10748,VC_1044,GCF_025505135.1,Ghana,unkwn,unkwn,Environmental sample,Environmental sample,5.5328 N 0.2268 W,2016,1992–2025,non_O1,Contig,5,302254,1887201,47.5,30.0,77,77,77,5,302254,3.963057,99.27999877929688,0.3499999940395355
10762,VC_1045,GCF_025505155.1,Ghana,unkwn,unkwn,Environmental sample,Environmental sample,5.5328 N 0.2268 W,2016,1992–2025,non_O1,Contig,6,180306,1890561,47.5,30.0,103,103,103,6,180306,3.961051,98.91999816894531,0.5600000023841858
10776,VC_1046,GCF_025505175.1,Ghana,unkwn,unkwn,Environmental sample,Environmental sample,5.5328 N 0.2268 W,2020,1992–2025,non_O1,Contig,3,535445,1864471,47.5,30.0,74,74,74,3,535445,3.917927,98.8499984741211,2.180000066757202
10790,VC_1047,GCF_025505255.1,Ghana,unkwn,unkwn,Environmental sample,Environmental sample,5.5328 N 0.2268 W,2019,1992–2025,non_O1,Contig,4,351175,1892954,47.5,30.0,87,87,87,4,351175,3.976947,99.3499984741211,1.2300000190734863
10804,VC_1048,GCF_025563555.1,Ghana,unkwn,unkwn,Environmental sample,Environmental sample,5.5328 N 0.2268 W,2016,1992–2025,non_O1,Contig,4,317287,1923874,47.5,30.0,77,77,77,4,317287,4.049492,99.05999755859375,1.809999942779541
10818,VC_1049,GCF_026013235.1,China,unkwn,unkwn,Environmental sample,Environmental sample,unkwn,1992,1992–2025,unkwn,Complete Genome,1,2971001,1921573,47.5,337.5,2,2,2,1,2971001,4.033813,99.19000244140625,0.8399999737739563
10823,VC_1050,GCF_026613115.1,Vietnam,unkwn,unkwn,Environmental sample,Environmental sample,unkwn,unkwn,unkwn,unkwn,Contig,8,154998,1974237,47.5,305.0,111,111,111,8,154998,4.167835,98.51000213623047,4.090000152587891
10832,VC_1051,GCF_026613135.1,Vietnam,unkwn,unkwn,Environmental sample,Environmental sample,unkwn,2017,1992–2025,non_O1,Contig,15,91117,1867284,47.5,110.0,110,110,110,15,91117,3.923228,98.98999786376953,1.2200000286102295
10841,VC_1052,GCF_026613155.1,Vietnam,unkwn,unkwn,Environmental sample,Environmental sample,unkwn,2017,1992–2025,non_O1,Contig,13,86474,1863693,47.5,98.0,115,115,115,13,86474,3.907582,99.1500015258789,1.940000057220459
10850,VC_1053,GCF_026613195.1,Vietnam,unkwn,unkwn,Environmental sample,Environmental sample,unkwn,2017,1992–2025,non_O1,Contig,15,86500,1862159,47.5,109.0,117,117,117,15,86500,3.904957,99.1500015258789,1.9600000381469727
10859,VC_1054,GCF_026613215.1,Vietnam,unkwn,unkwn,Environmental sample,Environmental sample,unkwn,2016,1992–2025,non_O1,Contig,16,64468,1926203,47.5,116.0,177,177,177,16,64468,4.046992,98.7300033569336,1.75
10868,VC_1055,GCF_026613235.1,Vietnam,unkwn,unkwn,Environmental sample,Environmental sample,unkwn,2017,1992–2025,non_O1,Contig,14,81078,1899617,47.5,116.0,122,122,122,14,81078,3.989337,99.70999908447266,0.7799999713897705
10886,VC_1056,GCF_026613265.1,Vietnam,unkwn,unkwn,Environmental sample,Environmental sample,unkwn,2015,1992–2025,non_O1,Contig,18,64058,1868674,48.0,111.0,146,146,146,18,64058,3.911315,99.29000091552734,0.8199999928474426
10895,VC_1057,GCF_026613295.1,Vietnam,unkwn,unkwn,Environmental sample,Environmental sample,unkwn,2015,1992–2025,non_O1,Contig,24,54629,1870447,47.5,51.0,196,196,196,24,54629,3.918962,99.56999969482422,1.590000033378601
10922,VC_1058,GCF_026613355.1,Vietnam,unkwn,unkwn,Environmental sample,Environmental sample,unkwn,2014,1992–2025,non_O1,Contig,19,59295,2003625,47.5,80.0,166,166,166,19,59295,4.234726,97.47000122070312,2.359999895095825
10931,VC_1059,GCF_026613375.1,Vietnam,unkwn,unkwn,Environmental sample,Environmental sample,unkwn,2014,1992–2025,non_O1,Contig,15,84281,1901716,47.5,123.0,115,115,115,15,84281,4.002729,99.63999938964844,1.1200000047683716
10940,VC_1060,GCF_026613395.1,Vietnam,unkwn,unkwn,Environmental sample,Environmental sample,unkwn,2014,1992–2025,non_O1,Contig,14,90505,1853940,47.5,99.0,102,102,102,14,90505,3.883979,99.30999755859375,0.7900000214576721
10949,VC_1061,GCF_026613405.1,Vietnam,unkwn,unkwn,Environmental sample,Environmental sample,unkwn,2014,1992–2025,non_O1,Contig,15,84322,1857405,48.0,96.0,120,120,120,15,84322,3.887112,99.33000183105469,1.6399999856948853
10958,VC_1062,GCF_026613435.1,Vietnam,unkwn,unkwn,Environmental sample,Environmental sample,unkwn,2014,1992–2025,non_O1,Contig,19,70001,1851818,48.0,73.0,127,127,127,19,70001,3.877744,99.30999755859375,0.8899999856948853
10967,VC_1063,GCF_026613455.1,Vietnam,unkwn,unkwn,Environmental sample,Environmental sample,unkwn,2014,1992–2025,non_O1,Contig,6,162017,1886153,47.5,167.0,77,77,77,6,162017,3.966574,99.63999938964844,1.2400000095367432
10976,VC_1064,GCF_026613475.1,Vietnam,unkwn,unkwn,Environmental sample,Environmental sample,unkwn,2014,1992–2025,non_O1,Contig,14,94252,1901889,47.5,61.0,146,146,146,14,94252,3.998596,98.69000244140625,2.259999990463257
10985,VC_1065,GCF_026613495.1,Vietnam,unkwn,unkwn,Environmental sample,Environmental sample,unkwn,2014,1992–2025,non_O1,Contig,16,81102,1843448,48.0,65.0,129,129,129,16,81102,3.857407,99.3499984741211,1.3600000143051147
10994,VC_1066,GCF_026613515.1,Vietnam,unkwn,unkwn,Environmental sample,Environmental sample,unkwn,2014,1992–2025,non_O1,Contig,18,75611,1890592,47.5,44.0,187,187,187,18,75611,3.968725,98.69000244140625,2.3399999141693115
11012,VC_1067,GCF_026613545.1,Vietnam,unkwn,unkwn,Environmental sample,Environmental sample,unkwn,2014,1992–2025,non_O1,Contig,24,49204,1846400,48.0,78.0,171,171,171,24,49204,3.853978,99.18000030517578,1.2000000476837158
11021,VC_1068,GCF_026613575.1,Vietnam,unkwn,unkwn,Environmental sample,Environmental sample,unkwn,2014,1992–2025,non_O1,Contig,12,112121,1895277,47.5,93.0,103,103,103,12,112121,3.976483,99.58000183105469,0.9599999785423279
11030,VC_1069,GCF_026613585.1,Vietnam,unkwn,unkwn,Environmental sample,Environmental sample,unkwn,2014,1992–2025,non_O1,Contig,19,61463,1896127,47.5,70.0,142,142,142,19,61463,3.977155,98.79000091552734,1.3799999952316284
11039,VC_1070,GCF_026613595.1,Vietnam,unkwn,unkwn,Environmental sample,Environmental sample,unkwn,2014,1992–2025,non_O1,Contig,35,32032,1883095,48.0,56.0,234,234,234,35,32032,3.93317,99.61000061035156,0.9900000095367432
11048,VC_1071,GCF_026613635.1,Vietnam,unkwn,unkwn,Environmental sample,Environmental sample,unkwn,2014,1992–2025,non_O1,Contig,14,88233,1878055,47.5,59.0,133,133,133,14,88233,3.939561,99.05000305175781,0.7099999785423279
11057,VC_1072,GCF_026613655.1,Vietnam,unkwn,unkwn,Environmental sample,Environmental sample,unkwn,2014,1992–2025,non_O1,Contig,21,59783,1907697,47.5,63.0,164,164,164,21,59783,4.005604,99.3499984741211,0.8700000047683716
11075,VC_1073,GCF_026613685.1,Vietnam,unkwn,unkwn,Environmental sample,Environmental sample,unkwn,2014,1992–2025,non_O1,Contig,26,51690,1881831,47.5,44.0,193,193,193,26,51690,3.945372,99.11000061035156,2.0999999046325684
11084,VC_1074,GCF_026613715.1,Vietnam,unkwn,unkwn,Environmental sample,Environmental sample,unkwn,2014,1992–2025,non_O1,Contig,22,53201,1855785,48.0,49.0,147,147,147,22,53201,3.885434,99.20999908447266,0.36000001430511475
11093,VC_1075,GCF_026613735.1,Vietnam,unkwn,unkwn,Environmental sample,Environmental sample,unkwn,2014,1992–2025,non_O1,Contig,30,43308,1877626,47.5,34.0,215,215,215,30,43308,3.934637,99.11000061035156,2.369999885559082
11102,VC_1076,GCF_026613755.1,Vietnam,unkwn,unkwn,Environmental sample,Environmental sample,unkwn,2014,1992–2025,non_O1,Contig,23,62786,1865677,47.5,150.0,240,240,240,23,62786,3.921115,99.54000091552734,1.2400000095367432
11111,VC_1077,GCF_026613775.1,Vietnam,unkwn,unkwn,Environmental sample,Environmental sample,unkwn,2014,1992–2025,non_O1,Contig,30,42452,1841151,48.0,47.0,247,247,247,30,42452,3.848222,99.05999755859375,1.309999942779541
11129,VC_1078,GCF_026613825.1,Vietnam,unkwn,unkwn,Environmental sample,Environmental sample,unkwn,unkwn,unkwn,non_O1,Contig,11,102539,1874503,47.5,317.0,94,94,94,11,102539,3.932175,98.12000274658203,1.0
11138,VC_1079,GCF_026613855.1,Vietnam,unkwn,unkwn,Environmental sample,Environmental sample,unkwn,unkwn,unkwn,non_O1,Contig,13,99168,1896463,47.5,256.0,105,105,105,13,99168,3.977814,98.0199966430664,1.100000023841858
11147,VC_1080,GCF_026613875.1,Vietnam,unkwn,unkwn,Environmental sample,Environmental sample,unkwn,unkwn,unkwn,non_O1,Contig,10,119892,1874452,47.5,278.0,83,83,83,10,119892,3.932865,97.9800033569336,1.0199999809265137
11156,VC_1081,GCF_026613885.1,Vietnam,unkwn,unkwn,Environmental sample,Environmental sample,unkwn,unkwn,unkwn,non_O1,Contig,3,471671,1907269,47.5,271.0,50,50,50,3,471671,4.015718,98.56999969482422,1.309999942779541
11165,VC_1082,GCF_026613915.1,Vietnam,unkwn,unkwn,Environmental sample,Environmental sample,unkwn,unkwn,unkwn,non_O1,Contig,9,158875,1903002,47.0,230.0,98,98,98,9,158875,4.035659,96.54000091552734,2.0399999618530273
11174,VC_1083,GCF_026613935.1,Vietnam,unkwn,unkwn,Environmental sample,Environmental sample,unkwn,unkwn,unkwn,non_O1,Contig,6,218849,1894167,47.5,250.0,51,51,51,6,218849,3.984467,99.45999908447266,1.0
11183,VC_1084,GCF_026613945.1,Vietnam,unkwn,unkwn,Environmental sample,Environmental sample,unkwn,unkwn,unkwn,non_O1,Contig,7,160735,1884466,47.5,208.0,62,62,62,7,160735,3.956276,98.68000030517578,0.6000000238418579
11192,VC_1085,GCF_026613975.1,Vietnam,unkwn,unkwn,Environmental sample,Environmental sample,unkwn,unkwn,unkwn,O1_unkwn,Contig,7,168241,1842080,47.5,167.0,84,84,84,7,168241,3.864266,98.37999725341797,1.4600000381469727
11201,VC_1086,GCF_026613995.1,Vietnam,unkwn,unkwn,Environmental sample,Environmental sample,unkwn,unkwn,unkwn,O1_unkwn,Contig,7,174141,1878766,47.5,92.0,68,68,68,7,174141,3.945852,98.68000030517578,0.6000000238418579
11210,VC_1087,GCF_026614015.1,Vietnam,unkwn,unkwn,Environmental sample,Environmental sample,unkwn,unkwn,unkwn,non_O1,Contig,10,133363,1896301,47.5,172.0,97,97,97,10,133363,3.993712,99.4800033569336,1.0399999618530273
11219,VC_1088,GCF_026614025.1,Vietnam,unkwn,unkwn,Environmental sample,Environmental sample,unkwn,unkwn,unkwn,O1_unkwn,Contig,23,59189,1883220,47.5,120.0,180,180,180,23,59189,3.955889,98.37000274658203,1.2400000095367432
11237,VC_1089,GCF_026614055.1,Vietnam,unkwn,unkwn,Environmental sample,Environmental sample,unkwn,unkwn,unkwn,non_O1,Contig,7,211491,1875929,47.0,263.0,89,89,89,7,211491,3.974058,96.47000122070312,1.899999976158142
11246,VC_1090,GCF_026614095.1,Vietnam,Human hosts,cholera,unkwn,unkwn,unkwn,2010,1992–2025,O1_unkwn,Scaffold,10,134003,1913664,47.5,60.0,113,123,113,8,162138,4.028496,99.47000122070312,0.23999999463558197
11255,VC_1091,GCF_026614115.1,Vietnam,Human hosts,cholera,unkwn,unkwn,unkwn,2010,1992–2025,O1_unkwn,Scaffold,9,166414,1916321,47.5,60.0,113,122,113,8,172419,4.036075,99.52999877929688,0.23999999463558197
11264,VC_1092,GCF_026614125.1,Vietnam,Human hosts,cholera,unkwn,unkwn,unkwn,2003,1992–2025,O1_unkwn,Scaffold,11,107802,1906614,47.5,60.0,121,142,121,10,122172,4.008115,99.52999877929688,0.23999999463558197
11273,VC_1093,GCF_026614135.1,Vietnam,Human hosts,cholera,unkwn,unkwn,unkwn,2010,1992–2025,O1_unkwn,Scaffold,8,167280,1926075,47.5,60.0,113,121,113,7,242591,4.055017,99.52999877929688,0.23999999463558197
11282,VC_1094,GCF_026614175.1,Vietnam,Human hosts,cholera,unkwn,unkwn,unkwn,2010,1992–2025,O1_unkwn,Scaffold,10,125836,1913222,47.5,60.0,115,132,115,9,130662,4.028174,99.38999938964844,0.2800000011920929
11291,VC_1095,GCF_026614195.1,Vietnam,Human hosts,cholera,unkwn,unkwn,unkwn,2002,1992–2025,O1_unkwn,Scaffold,15,75830,1899495,47.5,60.0,157,180,157,14,88291,3.99831,99.43000030517578,0.47999998927116394
11300,VC_1096,GCF_026614215.1,Vietnam,Human hosts,cholera,unkwn,unkwn,unkwn,2010,1992–2025,O1_unkwn,Scaffold,11,130658,1918853,47.5,60.0,116,130,116,9,163722,4.038658,99.52999877929688,0.23999999463558197
11309,VC_1097,GCF_026614225.1,Vietnam,Human hosts,cholera,unkwn,unkwn,unkwn,2008,1992–2025,O1_unkwn,Scaffold,15,95631,1909427,47.5,60.0,121,162,121,9,130730,4.020267,99.25,0.3799999952316284
11318,VC_1098,GCF_026614255.1,Vietnam,Human hosts,cholera,unkwn,unkwn,unkwn,2010,1992–2025,O1_unkwn,Scaffold,9,130709,1921870,47.5,60.0,119,132,119,6,193718,4.046398,99.45999908447266,0.30000001192092896
11327,VC_1099,GCF_026614275.1,Vietnam,Human hosts,cholera,unkwn,unkwn,unkwn,2010,1992–2025,O1_unkwn,Scaffold,8,167086,1917730,47.5,60.0,95,107,95,7,173322,4.035016,99.52999877929688,0.23999999463558197
11336,VC_1100,GCF_026614295.1,Vietnam,Human hosts,cholera,unkwn,unkwn,unkwn,2008,1992–2025,O1_unkwn,Scaffold,9,172377,1915582,47.5,60.0,111,123,111,7,179792,4.034299,99.25,0.5299999713897705
11345,VC_1101,GCF_026615815.1,Vietnam,Human hosts,cholera,unkwn,unkwn,unkwn,2008,1992–2025,O1_unkwn,Scaffold,14,81011,1908780,47.5,60.0,148,161,148,13,81355,4.012445,99.52999877929688,0.23999999463558197
11354,VC_1102,GCF_026615835.1,Vietnam,Human hosts,cholera,unkwn,unkwn,unkwn,2008,1992–2025,O1_unkwn,Scaffold,14,92618,1902133,47.5,60.0,137,148,137,14,92618,3.995179,99.33000183105469,0.23999999463558197
11363,VC_1103,GCF_026615855.1,Vietnam,Human hosts,cholera,unkwn,unkwn,unkwn,2007,1992–2025,O1_unkwn,Scaffold,7,168175,1943308,47.5,60.0,125,129,125,7,168175,4.098542,99.52999877929688,0.23999999463558197
11372,VC_1104,GCF_026615875.1,Vietnam,Human hosts,cholera,unkwn,unkwn,unkwn,2007,1992–2025,O1_unkwn,Scaffold,9,164122,1942962,47.5,60.0,120,123,120,8,167044,4.098196,99.52999877929688,0.23999999463558197
11381,VC_1105,GCF_026615895.1,Vietnam,Human hosts,cholera,unkwn,unkwn,unkwn,2008,1992–2025,O1_unkwn,Scaffold,10,136920,1916779,47.5,60.0,118,129,118,9,166520,4.037359,99.52999877929688,0.23999999463558197
11390,VC_1106,GCF_026615915.1,Vietnam,Human hosts,cholera,unkwn,unkwn,unkwn,2007,1992–2025,O1_unkwn,Scaffold,11,130782,1930783,47.5,60.0,114,127,114,9,136558,4.069599,99.52999877929688,0.23999999463558197
11399,VC_1107,GCF_026615935.1,Vietnam,Human hosts,cholera,unkwn,unkwn,unkwn,2007,1992–2025,O1_unkwn,Contig,9,131124,1943378,47.5,60.0,132,132,132,9,131124,4.099017,99.52999877929688,0.23999999463558197
11408,VC_1108,GCF_026615955.1,Vietnam,Human hosts,cholera,unkwn,unkwn,unkwn,2007,1992–2025,O1_unkwn,Scaffold,10,131043,1953782,47.5,60.0,127,135,127,9,131043,4.124801,99.41999816894531,0.25999999046325684
11417,VC_1109,GCF_026615965.1,Vietnam,Human hosts,cholera,unkwn,unkwn,unkwn,2007,1992–2025,O1_unkwn,Scaffold,14,77495,1944645,47.5,60.0,150,170,150,11,109017,4.103954,99.25,0.4000000059604645
11426,VC_1110,GCF_026615995.1,Vietnam,Human hosts,cholera,unkwn,unkwn,unkwn,2007,1992–2025,O1_unkwn,Scaffold,18,80287,1938988,47.5,60.0,163,183,163,15,84449,4.083405,99.52999877929688,0.25999999046325684
11435,VC_1111,GCF_026616015.1,Vietnam,Human hosts,cholera,unkwn,unkwn,unkwn,2007,1992–2025,O1_unkwn,Scaffold,24,56500,1932802,47.5,60.0,202,230,202,22,62344,4.071956,99.5199966430664,0.6299999952316284
11444,VC_1112,GCF_026616035.1,Vietnam,Human hosts,cholera,unkwn,unkwn,unkwn,2007,1992–2025,O1_unkwn,Scaffold,21,56902,1894393,47.5,60.0,174,216,174,18,75664,3.979381,99.31999969482422,0.25
11453,VC_1113,GCF_026616055.1,Vietnam,Human hosts,cholera,unkwn,unkwn,unkwn,2010,1992–2025,O1_unkwn,Scaffold,10,128722,1917919,47.5,60.0,125,140,125,9,158081,4.036477,99.33000183105469,0.23999999463558197
11462,VC_1114,GCF_026616075.1,Vietnam,Human hosts,cholera,unkwn,unkwn,unkwn,2010,1992–2025,O1_unkwn,Scaffold,21,67867,1903389,47.5,60.0,191,222,191,18,74935,4.004254,98.95999908447266,0.3400000035762787
11471,VC_1115,GCF_026616085.1,Vietnam,Human hosts,cholera,unkwn,unkwn,unkwn,2010,1992–2025,O1_unkwn,Scaffold,11,151661,1916168,47.5,60.0,130,136,130,11,151661,4.034268,99.45999908447266,0.25
11480,VC_1116,GCF_026616115.1,Vietnam,Human hosts,cholera,unkwn,unkwn,unkwn,2010,1992–2025,O1_unkwn,Scaffold,17,75830,1901128,47.5,60.0,153,161,153,16,79240,3.991066,99.52999877929688,0.23999999463558197
11498,VC_1117,GCF_026616155.1,Vietnam,Human hosts,cholera,unkwn,unkwn,unkwn,2007,1992–2025,O1_unkwn,Scaffold,10,130942,1956380,47.5,60.0,132,135,132,9,151771,4.127519,99.5199966430664,0.25999999046325684
11516,VC_1118,GCF_026616185.1,Vietnam,Human hosts,cholera,unkwn,unkwn,unkwn,2007,1992–2025,O1_unkwn,Scaffold,14,82217,1939458,47.5,60.0,149,161,149,13,100737,4.080693,99.23999786376953,0.2800000011920929
11525,VC_1119,GCF_026768315.1,Bangladesh,Human hosts,unkwn,unkwn,unkwn,unkwn,2021,1992–2025,unkwn,Contig,9,168194,1884014,47.5,99.95,67,67,67,9,168194,3.964744,98.30999755859375,0.23999999463558197
11535,VC_1120,GCF_027158325.1,India,unkwn,unkwn,Environmental sample,Environmental sample,unkwn,2020,1992–2025,unkwn,Contig,1,2899987,1896736,47.5,231.0,7,7,7,1,2899987,3.990767,99.58000183105469,0.8799999952316284
11547,VC_1121,GCF_027158335.1,India,unkwn,unkwn,Environmental sample,Environmental sample,unkwn,2020,1992–2025,unkwn,Contig,1,2903562,1874853,47.5,132.0,8,8,8,1,2903562,3.939542,99.27999877929688,1.3700000047683716
11559,VC_1122,GCF_027158385.1,India,Human hosts,unkwn,Clinical sample,Clinical sample,unkwn,2018,1992–2025,unkwn,Contig,1,2969765,1908913,47.5,572.0,20,20,20,1,2969765,4.018913,99.62999725341797,0.23999999463558197
11571,VC_1123,GCF_027921645.1,Russia,unkwn,unkwn,Environmental sample,Environmental sample,52.050000 N 113.350278 E,2019,1992–2025,O1_Inaba,Scaffold,7,247634,1880030,47.5,73.0,86,88,86,7,247661,3.948521,99.62000274658203,0.8100000023841858
11580,VC_1124,GCF_027921665.1,Russia,unkwn,unkwn,Environmental sample,Environmental sample,52.3324 N 104.2819 E,2006,1992–2025,unkwn,Scaffold,7,173518,1874067,47.5,34.0,174,175,174,7,173518,3.959527,96.1500015258789,1.3200000524520874
11588,VC_1125,GCF_027921675.1,Russia,unkwn,unkwn,Environmental sample,Environmental sample,50.408333 N 116.495833 E,2011,1992–2025,O1_Ogawa,Scaffold,3,743145,1900517,47.5,78.0,80,83,80,3,841860,3.995182,98.56999969482422,1.2100000381469727
11597,VC_1126,GCF_027921685.1,Russia,unkwn,unkwn,Environmental sample,Environmental sample,52.2973 N 104.2945 E,2019,1992–2025,unkwn,Scaffold,3,539670,1922474,47.5,86.0,90,92,90,3,548085,4.041979,98.73999786376953,1.2999999523162842
11605,VC_1127,GCF_027921725.1,Russia,unkwn,unkwn,Environmental sample,Environmental sample,52.2973 N 104.2945 E,2019,1992–2025,non_O1,Scaffold,7,248225,1976497,47.5,63.0,141,144,141,6,258120,4.161877,99.25,1.0099999904632568
11631,VC_1128,GCF_028802785.1,China,Human hosts,diarrhea,Clinical sample,Clinical sample,24.46 N 118.10 E,2021,1992–2025,unkwn,Contig,3,478079,1921201,47.5,100.0,62,62,62,3,478079,4.04688,99.2699966430664,0.3799999952316284
11639,VC_1129,GCF_028802805.1,China,Human hosts,diarrhea,Clinical sample,Clinical sample,24.46 N 118.10 E,2021,1992–2025,unkwn,Contig,3,478079,1921293,47.5,100.0,61,61,61,3,478079,4.047113,99.2699966430664,0.3799999952316284
11647,VC_1130,GCF_029906585.1,China,Human hosts,cirrhosis,Clinical sample,Clinical sample,31.27 N 104.43 E,2020,1992–2025,unkwn,Contig,6,235166,2000572,47.5,615.0,75,75,75,6,235166,4.21211,99.3499984741211,1.690000057220459
11655,VC_1131,GCF_030062725.1,Thailand,Human hosts,diarrhea,Clinical sample,Clinical sample,16.7 N 98.6 E,2010,1992–2025,O1_Ogawa,Complete Genome,1,2962973,1904352,47.5,825.0,2,2,2,1,2962973,4.007146,99.52999877929688,0.23999999463558197
11673,VC_1132,GCF_030464145.1,Russia,unkwn,unkwn,Environmental sample,Environmental sample,unkwn,2018,1992–2025,unkwn,Scaffold,8,163488,1918784,47.5,178.0,112,116,112,7,163488,4.036539,99.08000183105469,1.3200000524520874
11679,VC_1133,GCF_030464165.1,Russia,unkwn,unkwn,Environmental sample,Environmental sample,unkwn,2017,1992–2025,unkwn,Scaffold,5,219380,1903608,47.5,59.0,115,119,115,4,241602,4.000544,98.56999969482422,1.2100000381469727
11685,VC_1134,GCF_030464185.1,Russia,unkwn,unkwn,Environmental sample,Environmental sample,unkwn,2017,1992–2025,unkwn,Scaffold,7,190419,1950382,47.5,44.0,141,143,141,7,190419,4.100036,99.58999633789062,1.0399999618530273
11691,VC_1135,GCF_030464195.1,Russia,unkwn,unkwn,Environmental sample,Environmental sample,unkwn,2017,1992–2025,unkwn,Scaffold,3,624201,1910500,47.5,100.0,120,124,120,3,902982,4.017874,98.56999969482422,1.2899999618530273
11697,VC_1136,GCF_030464205.1,Russia,unkwn,unkwn,Environmental sample,Environmental sample,unkwn,2017,1992–2025,unkwn,Scaffold,3,743157,1902902,47.5,147.0,80,84,80,3,842155,3.999909,98.56999969482422,1.2100000381469727
11703,VC_1137,GCF_030464245.1,Russia,unkwn,unkwn,Environmental sample,Environmental sample,unkwn,2018,1992–2025,unkwn,Scaffold,4,231134,1946558,47.5,113.0,73,76,73,4,330203,4.09766,98.88999938964844,1.2999999523162842
11709,VC_1138,GCF_030464265.1,Russia,unkwn,unkwn,Environmental sample,Environmental sample,unkwn,2017,1992–2025,unkwn,Scaffold,3,743159,1904934,47.5,112.0,95,98,95,3,756417,4.003507,98.56999969482422,1.2100000381469727
11715,VC_1139,GCF_030464285.1,Russia,unkwn,unkwn,Environmental sample,Environmental sample,unkwn,2017,1992–2025,unkwn,Scaffold,3,677804,1904511,47.5,91.0,90,92,90,3,677804,4.000815,98.56999969482422,1.2100000381469727
11721,VC_1140,GCF_030464295.1,Russia,unkwn,unkwn,Environmental sample,Environmental sample,unkwn,2017,1992–2025,unkwn,Scaffold,3,394886,1903342,47.5,101.0,85,89,85,3,736896,4.001056,98.56999969482422,1.2100000381469727
11727,VC_1141,GCF_030464315.1,Russia,unkwn,unkwn,Environmental sample,Environmental sample,unkwn,2017,1992–2025,unkwn,Scaffold,10,177985,1906015,47.5,27.0,154,156,154,8,206135,4.004826,98.56999969482422,1.3899999856948853
11733,VC_1142,GCF_030710345.1,Democratic Republic of the Congo,Human hosts,unkwn,unkwn,unkwn,unkwn,2011,1992–2025,unkwn,Chromosome,1,2963376,1940636,47.0,294.0,3,3,3,1,2963376,4.107581,97.5999984741211,2.630000114440918
11769,VC_1143,GCF_030718725.1,Democratic Republic of the Congo,unkwn,unkwn,Clinical sample,Clinical sample,unkwn,2011,1992–2025,unkwn,Complete Genome,1,3058770,1949619,47.5,271.0,2,2,2,1,3058770,4.104154,99.62999725341797,0.23999999463558197
11805,VC_1144,GCF_030718745.1,Democratic Republic of the Congo,unkwn,unkwn,Clinical sample,Clinical sample,unkwn,2012,1992–2025,unkwn,Complete Genome,1,3063607,1957451,47.5,248.0,2,2,2,1,3063607,4.123266,99.62999725341797,0.23999999463558197
11841,VC_1145,GCF_030718765.1,Democratic Republic of the Congo,unkwn,unkwn,Clinical sample,Clinical sample,unkwn,2009,1992–2025,unkwn,Complete Genome,1,3060728,1956061,47.5,214.0,2,2,2,1,3060728,4.120375,99.58000183105469,0.23999999463558197
11877,VC_1146,GCF_030718785.1,Democratic Republic of the Congo,unkwn,unkwn,Clinical sample,Clinical sample,unkwn,2011,1992–2025,unkwn,Complete Genome,1,2959192,1919223,47.0,277.0,2,2,2,1,2959192,4.066687,97.95999908447266,1.9600000381469727
11913,VC_1147,GCF_030718805.2,Democratic Republic of the Congo,Human hosts,unkwn,unkwn,unkwn,unkwn,2009,1992–2025,unkwn,Chromosome,1,2852572,1954747,47.5,140.0,3,3,3,1,2852572,4.117401,99.62000274658203,0.25999999046325684
11951,VC_1148,GCF_030908805.1,Hungary,Human hosts,unkwn,Clinical sample,Clinical sample,unkwn,2023,1992–2025,unkwn,Contig,7,178767,1880890,47.5,75.0,135,135,135,7,178767,3.963568,98.5199966430664,2.190000057220459
11957,VC_1149,GCF_030908845.1,Hungary,unkwn,unkwn,Environmental sample,Environmental sample,unkwn,2023,1992–2025,unkwn,Contig,7,205412,1881470,47.5,75.0,130,130,130,7,205412,3.964954,98.5199966430664,2.190000057220459
11962,VC_1150,GCF_032027525.2,China,Human hosts,unkwn,Clinical sample,Clinical sample,30.40 N 120.52 E,2023,1992–2025,unkwn,Complete Genome,1,2985379,1978904,47.5,30.0,2,2,2,1,2985379,4.16565,99.61000061035156,1.9299999475479126
11974,VC_1151,GCF_032335195.1,Germany,Non Human,unkwn,Food,Others,unkwn,2022,1992–2025,unkwn,Contig,4,287481,1893474,47.5,30.0,78,78,78,4,287481,3.981776,98.66999816894531,2.569999933242798
11988,VC_1152,GCF_032335255.1,Germany,Non Human,unkwn,Food,Others,unkwn,2022,1992–2025,unkwn,Contig,3,555062,1893773,47.5,30.0,69,69,69,3,555062,3.982367,98.66999816894531,2.569999933242798
12002,VC_1153,GCF_032819395.1,Switzerland,Human hosts,unkwn,Clinical sample,Clinical sample,unkwn,2021,1992–2025,unkwn,Contig,7,229361,2015395,47.5,50.0,120,120,120,7,229361,4.247413,99.22000122070312,1.4600000381469727
12016,VC_1154,GCF_032819415.1,Switzerland,Human hosts,unkwn,Clinical sample,Clinical sample,unkwn,2021,1992–2025,unkwn,Contig,5,257658,1924962,47.5,50.0,121,121,121,5,257658,4.046627,99.23999786376953,2.180000066757202
12030,VC_1155,GCF_032819435.1,Switzerland,Human hosts,unkwn,Clinical sample,Clinical sample,unkwn,2022,1992–2025,unkwn,Contig,20,67355,1949912,47.5,50.0,208,208,208,20,67355,4.110454,99.25,1.190000057220459
12044,VC_1156,GCF_032819455.1,Switzerland,Human hosts,unkwn,Clinical sample,Clinical sample,unkwn,2021,1992–2025,unkwn,Contig,3,639180,1940049,47.5,50.0,163,163,163,3,639180,4.093536,99.41999816894531,0.9200000166893005
12058,VC_1157,GCF_032819495.1,Switzerland,Human hosts,unkwn,Clinical sample,Clinical sample,unkwn,2021,1992–2025,unkwn,Contig,10,139525,1893073,47.5,50.0,131,131,131,10,139525,3.976921,99.22000122070312,0.9399999976158142
12072,VC_1158,GCF_032819595.1,Switzerland,Human hosts,unkwn,Clinical sample,Clinical sample,unkwn,2020,1992–2025,unkwn,Contig,7,181300,1951621,47.5,50.0,84,84,84,7,181300,4.110425,99.63999938964844,1.899999976158142
12086,VC_1159,GCF_032819615.1,Switzerland,Human hosts,unkwn,Clinical sample,Clinical sample,unkwn,2019,1992–2025,unkwn,Contig,7,153944,1885309,47.5,50.0,86,86,86,7,153944,3.961264,99.01000213623047,0.6399999856948853
12100,VC_1160,GCF_032819635.1,Switzerland,Human hosts,unkwn,Clinical sample,Clinical sample,unkwn,2019,1992–2025,unkwn,Contig,3,753743,1879284,47.5,50.0,96,96,96,3,753743,3.958811,99.04000091552734,1.3200000524520874
12114,VC_1161,GCF_032819675.1,Switzerland,Human hosts,unkwn,Clinical sample,Clinical sample,unkwn,2019,1992–2025,unkwn,Contig,8,164485,1943460,47.5,50.0,119,119,119,8,164485,4.079041,99.20999908447266,1.0
12128,VC_1162,GCF_032819735.1,Switzerland,Human hosts,unkwn,Clinical sample,Clinical sample,unkwn,2019,1992–2025,unkwn,Contig,10,114005,1946224,47.5,50.0,180,180,180,10,114005,4.078169,98.91999816894531,1.3799999952316284
12142,VC_1163,GCF_032819795.1,Switzerland,Human hosts,unkwn,Clinical sample,Clinical sample,unkwn,2019,1992–2025,unkwn,Contig,3,407328,1883441,47.5,50.0,129,129,129,3,407328,3.963324,99.62999725341797,2.880000114440918
12156,VC_1164,GCF_032819815.1,Switzerland,Human hosts,unkwn,Clinical sample,Clinical sample,unkwn,2019,1992–2025,unkwn,Contig,5,238455,1930898,47.5,50.0,90,90,90,5,238455,4.065128,99.58000183105469,1.25
12170,VC_1165,GCF_032819835.1,Switzerland,Human hosts,unkwn,Clinical sample,Clinical sample,unkwn,2018,1992–2025,unkwn,Contig,8,196696,1888044,47.5,50.0,138,138,138,8,196696,3.973937,99.44999694824219,0.9800000190734863
12184,VC_1166,GCF_032819855.1,Switzerland,Human hosts,unkwn,Clinical sample,Clinical sample,unkwn,2018,1992–2025,unkwn,Contig,3,591291,1968904,47.5,50.0,80,80,80,3,591291,4.161852,99.05999755859375,2.049999952316284
12198,VC_1167,GCF_032819935.1,Switzerland,Human hosts,unkwn,Clinical sample,Clinical sample,unkwn,2018,1992–2025,unkwn,Contig,4,415439,1928068,47.5,50.0,110,110,110,4,415439,4.064012,99.23999786376953,1.4800000190734863
12212,VC_1168,GCF_032819975.1,Switzerland,Human hosts,unkwn,Clinical sample,Clinical sample,unkwn,2018,1992–2025,unkwn,Contig,3,638322,1900558,47.5,50.0,64,64,64,3,638322,3.991145,99.29000091552734,1.5700000524520874
12226,VC_1169,GCF_032819995.1,Switzerland,Human hosts,unkwn,Clinical sample,Clinical sample,unkwn,2018,1992–2025,unkwn,Contig,3,623335,1926392,47.5,50.0,125,125,125,3,623335,4.07446,99.19999694824219,1.3200000524520874
12240,VC_1170,GCF_032820035.1,Switzerland,Human hosts,unkwn,Clinical sample,Clinical sample,unkwn,2018,1992–2025,unkwn,Contig,9,140816,1921384,47.5,50.0,129,129,129,9,140816,4.036217,99.58000183105469,0.9800000190734863
12254,VC_1171,GCF_032820055.1,Switzerland,Human hosts,unkwn,Clinical sample,Clinical sample,unkwn,2018,1992–2025,unkwn,Contig,5,330137,1906454,47.5,50.0,78,78,78,5,330137,4.007578,99.5999984741211,0.8899999856948853
12268,VC_1172,GCF_032820115.1,Switzerland,Human hosts,unkwn,Clinical sample,Clinical sample,unkwn,2018,1992–2025,unkwn,Contig,6,269667,1899388,47.5,50.0,105,105,105,6,269667,4.004406,99.12999725341797,1.5099999904632568
12282,VC_1173,GCF_032820155.1,Switzerland,Human hosts,unkwn,Clinical sample,Clinical sample,unkwn,2018,1992–2025,unkwn,Contig,7,190764,1878614,47.5,50.0,147,147,147,7,190764,3.949114,99.2300033569336,0.8500000238418579
12296,VC_1174,GCF_032820175.1,Switzerland,Human hosts,unkwn,Clinical sample,Clinical sample,unkwn,2018,1992–2025,unkwn,Contig,6,253395,1956496,47.5,50.0,152,152,152,6,253395,4.112244,99.02999877929688,1.2200000286102295
12310,VC_1175,GCF_032820195.1,Switzerland,Human hosts,unkwn,Clinical sample,Clinical sample,unkwn,2018,1992–2025,unkwn,Contig,3,691059,1956094,47.5,50.0,123,123,123,3,691059,4.137403,98.95999908447266,1.5099999904632568
12324,VC_1176,GCF_032820295.1,Switzerland,Human hosts,unkwn,Clinical sample,Clinical sample,unkwn,2018,1992–2025,unkwn,Contig,3,728005,1883149,47.5,50.0,88,88,88,3,728005,3.956134,99.33000183105469,1.7100000381469727
12338,VC_1177,GCF_032820335.1,Switzerland,Human hosts,unkwn,Clinical sample,Clinical sample,unkwn,2018,1992–2025,unkwn,Contig,4,328187,1914061,47.5,50.0,121,121,121,4,328187,4.029196,99.58000183105469,3.390000104904175
12352,VC_1178,GCF_032820355.1,Switzerland,Human hosts,unkwn,unkwn,unkwn,unkwn,2017,1992–2025,unkwn,Contig,8,157951,1877191,47.5,50.0,134,134,134,8,157951,3.950897,98.51000213623047,2.75
12366,VC_1179,GCF_032820375.1,Switzerland,Human hosts,unkwn,Clinical sample,Clinical sample,unkwn,2017,1992–2025,unkwn,Contig,7,179973,1869436,47.5,50.0,151,151,151,7,179973,3.925638,98.69000244140625,0.8700000047683716
12380,VC_1180,GCF_032820395.1,Switzerland,Human hosts,unkwn,Clinical sample,Clinical sample,unkwn,2017,1992–2025,unkwn,Contig,4,321746,1905528,47.5,50.0,94,94,94,4,321746,4.008475,99.23999786376953,1.2999999523162842
12394,VC_1181,GCF_032820475.1,Switzerland,Human hosts,unkwn,Clinical sample,Clinical sample,unkwn,2017,1992–2025,unkwn,Contig,7,199998,1882636,47.5,50.0,144,144,144,7,199998,3.949865,98.93000030517578,0.4300000071525574
12408,VC_1182,GCF_032820575.1,Switzerland,Human hosts,unkwn,Clinical sample,Clinical sample,unkwn,2017,1992–2025,unkwn,Contig,6,174556,1889904,47.5,50.0,165,165,165,6,174556,3.973546,98.93000030517578,2.9200000762939453
12422,VC_1183,GCF_032820615.1,Switzerland,Human hosts,unkwn,Clinical sample,Clinical sample,unkwn,2017,1992–2025,unkwn,Contig,9,155346,1844241,47.5,50.0,124,124,124,9,155346,3.867283,99.30999755859375,0.7200000286102295
12436,VC_1184,GCF_032841475.3,China,Human hosts,fever,Clinical sample,Clinical sample,31.15 N 121.3 E,2023,1992–2025,unkwn,Complete Genome,1,2888801,1880087,48.0,30.0,2,2,2,1,2888801,3.934905,99.36000061035156,0.8399999737739563
12444,VC_1185,GCF_032841535.3,China,Human hosts,diarrhea,Clinical sample,Clinical sample,31.15 N 121.3 E,2023,1992–2025,unkwn,Complete Genome,1,3090993,1967740,47.5,30.0,2,2,2,1,3090993,4.133942,99.63999938964844,1.309999942779541
12452,VC_1186,GCF_033803245.2,China,Human hosts,diarrhea,Clinical sample,Clinical sample,31.15 N 121.3 E,2023,1992–2025,unkwn,Complete Genome,1,3053587,1945601,47.0,30.0,2,2,2,1,3053587,4.119584,97.55999755859375,1.5800000429153442
12460,VC_1187,GCF_033803285.1,China,Human hosts,diarrhea,Clinical sample,Clinical sample,31.15 N 121.3 E,2023,1992–2025,unkwn,Scaffold,7,258107,2046558,47.0,100.0,49,54,49,6,284927,4.335786,99.5999984741211,2.759999990463257
12468,VC_1188,GCF_034008165.1,Lebanon,Human hosts,cholera,Clinical sample,Clinical sample,33.16 N 35.12 E,2022,1992–2025,unkwn,Complete Genome,1,3049826,2017843,47.5,63.0,3,3,3,1,3049826,4.237536,99.62999725341797,0.6399999856948853
12476,VC_1189,GCF_034008175.1,Lebanon,Human hosts,cholera,Clinical sample,Clinical sample,34.545895 N 36.075752 E,2022,1992–2025,unkwn,Complete Genome,1,3041262,1942650,47.5,180.0,2,2,2,1,3041262,4.090199,99.62999725341797,0.23999999463558197
12485,VC_1190,GCF_034317045.1,Canada,unkwn,unkwn,Environmental sample,Environmental sample,unkwn,2023,1992–2025,unkwn,Contig,10,125765,1950289,47.5,96.0,99,99,99,10,125765,4.112549,98.29000091552734,1.649999976158142
12499,VC_1191,GCF_035615555.1,Brazil,Human hosts,unkwn,Clinical sample,Clinical sample,unkwn,1993,1992–2025,unkwn,Contig,6,246147,1899817,47.5,375.778,93,93,93,6,246147,4.003485,99.30000305175781,0.23999999463558197
12505,VC_1192,GCF_035615635.1,Brazil,Human hosts,unkwn,Clinical sample,Clinical sample,unkwn,1993,1992–2025,unkwn,Contig,7,175727,1924487,47.5,342.194,94,94,94,7,175727,4.063992,99.23999786376953,1.649999976158142
12511,VC_1193,GCF_035782045.1,Brazil,unkwn,unkwn,Environmental sample,Environmental sample,unkwn,1994,1992–2025,unkwn,Contig,7,194278,1824945,47.5,134.891,127,127,127,7,194278,3.860043,96.25,2.2799999713897705
12517,VC_1194,GCF_035782075.1,Brazil,unkwn,unkwn,Environmental sample,Environmental sample,unkwn,2001,1992–2025,unkwn,Contig,6,187811,1871838,47.0,150.345,105,105,105,6,187811,3.963746,96.27999877929688,2.509999990463257
12523,VC_1195,GCF_035782115.1,Brazil,unkwn,unkwn,Environmental sample,Environmental sample,unkwn,1992,1992–2025,unkwn,Contig,9,152477,1852445,47.5,136.788,74,74,74,9,152477,3.897923,98.73999786376953,1.350000023841858
12529,VC_1196,GCF_035782195.1,Brazil,unkwn,unkwn,Environmental sample,Environmental sample,unkwn,1997,1992–2025,unkwn,Contig,8,160593,1853574,47.5,89.6162,100,100,100,8,160593,3.893581,99.11000061035156,0.4699999988079071
12535,VC_1197,GCF_035782235.1,Brazil,unkwn,unkwn,Environmental sample,Environmental sample,unkwn,2001,1992–2025,unkwn,Contig,10,156677,1966065,47.5,159.852,131,131,131,10,156677,4.146837,98.29000091552734,3.259999990463257
12541,VC_1198,GCF_035782295.1,Brazil,unkwn,unkwn,Environmental sample,Environmental sample,unkwn,2001,1992–2025,unkwn,Contig,5,247058,1904670,47.5,89.6618,106,106,106,5,247058,4.006234,99.29000091552734,0.6800000071525574
12547,VC_1199,GCF_035782315.1,Brazil,unkwn,unkwn,Environmental sample,Environmental sample,unkwn,1993,1992–2025,unkwn,Contig,6,254454,1990771,47.5,136.051,94,94,94,6,254454,4.191691,98.69999694824219,2.4700000286102295
12553,VC_1200,GCF_035782355.1,Brazil,Human hosts,unkwn,Clinical sample,Clinical sample,unkwn,1993,1992–2025,unkwn,Contig,6,246218,1900623,47.5,118.916,102,102,102,6,246218,4.005537,99.56999969482422,0.23999999463558197
12559,VC_1201,GCF_035782395.1,Brazil,Human hosts,unkwn,Clinical sample,Clinical sample,unkwn,1999,1992–2025,unkwn,Contig,7,233517,1899506,47.5,410.131,107,107,107,7,233517,4.003027,99.44000244140625,0.23999999463558197
12565,VC_1202,GCF_035782415.1,Brazil,Human hosts,unkwn,Clinical sample,Clinical sample,unkwn,1992,1992–2025,unkwn,Contig,5,227470,1891584,47.5,83.7203,104,104,104,5,227470,3.971453,99.05999755859375,1.0800000429153442
12571,VC_1203,GCF_035782505.1,Brazil,Human hosts,unkwn,Clinical sample,Clinical sample,unkwn,1993,1992–2025,unkwn,Contig,5,188149,1891746,47.5,335.773,100,100,100,5,188149,3.971757,99.05999755859375,1.0800000429153442
12577,VC_1204,GCF_035782595.1,Brazil,Human hosts,unkwn,Clinical sample,Clinical sample,unkwn,1993,1992–2025,unkwn,Contig,6,246147,1899459,47.5,391.103,104,104,104,6,246147,4.002896,99.62999725341797,0.23999999463558197
12583,VC_1205,GCF_036281765.1,China,Non Human,unkwn,unkwn,unkwn,26.08 N 119.28 E,2022,1992–2025,unkwn,Contig,10,154377,1934779,47.5,100.0,117,117,117,10,154377,4.070264,98.69000244140625,1.7300000190734863
12590,VC_1206,GCF_036348235.1,China,unkwn,unkwn,Environmental sample,Environmental sample,26.08 N 119.28 E,2022,1992–2025,unkwn,Contig,10,154352,1880886,47.5,100.0,117,117,117,10,154352,3.952475,99.3499984741211,0.550000011920929
12596,VC_1207,GCF_036441395.1,Germany,unkwn,unkwn,Food,Others,unkwn,2014,1992–2025,unkwn,Contig,8,177947,1934149,47.5,80.0,111,111,111,8,177947,4.065056,99.58000183105469,2.059999942779541
12602,VC_1208,GCF_036441415.1,Germany,unkwn,unkwn,Food,Others,unkwn,2014,1992–2025,unkwn,Contig,7,219264,1936457,47.5,80.0,111,111,111,7,219264,4.070115,99.58000183105469,1.7699999809265137
12608,VC_1209,GCF_036441435.1,Germany,unkwn,unkwn,Food,Others,unkwn,2014,1992–2025,unkwn,Contig,3,606918,1875294,47.5,80.0,88,88,88,3,606918,3.93566,99.3499984741211,1.4299999475479126
12614,VC_1210,GCF_036441455.1,Germany,unkwn,unkwn,Food,Others,unkwn,2014,1992–2025,unkwn,Contig,3,606918,1874983,47.5,80.0,90,90,90,3,606918,3.934986,99.3499984741211,1.4299999475479126
12620,VC_1211,GCF_036441475.1,Germany,unkwn,unkwn,Food,Others,unkwn,2016,1992–2025,unkwn,Contig,3,587966,1948486,47.5,80.0,74,74,74,3,587966,4.095786,98.87000274658203,1.190000057220459
12626,VC_1212,GCF_036441495.1,Germany,unkwn,unkwn,Food,Others,unkwn,2016,1992–2025,unkwn,Contig,10,114704,1976733,47.0,80.0,97,97,97,10,114704,4.189452,99.58000183105469,1.8799999952316284
12632,VC_1213,GCF_036441515.1,Germany,unkwn,unkwn,Food,Others,unkwn,2014,1992–2025,unkwn,Contig,3,606918,1874899,47.5,80.0,89,89,89,3,606918,3.934701,99.3499984741211,1.4299999475479126
12638,VC_1214,GCF_036441535.1,Germany,unkwn,unkwn,Food,Others,unkwn,2016,1992–2025,unkwn,Contig,9,154345,1961125,47.0,80.0,89,89,89,9,154345,4.150704,99.58000183105469,1.2999999523162842
12644,VC_1215,GCF_036441555.1,Germany,unkwn,unkwn,Food,Others,unkwn,2016,1992–2025,unkwn,Contig,9,154345,1967844,47.0,80.0,96,96,96,9,154345,4.167357,99.58000183105469,1.0199999809265137
12650,VC_1216,GCF_036441575.1,Germany,unkwn,unkwn,Food,Others,unkwn,2016,1992–2025,unkwn,Contig,9,115324,1967114,47.0,80.0,98,98,98,9,115324,4.165938,99.58000183105469,1.2999999523162842
12656,VC_1217,GCF_036441615.1,Germany,unkwn,unkwn,Food,Others,unkwn,2016,1992–2025,unkwn,Contig,4,316115,1881131,47.5,80.0,70,70,70,4,316115,3.954173,99.1500015258789,1.4199999570846558
12662,VC_1218,GCF_036813985.1,Germany,unkwn,unkwn,Food,Others,unkwn,2016,1992–2025,unkwn,Contig,7,214819,1920874,47.5,25.0,76,76,76,7,214819,4.052545,98.87999725341797,0.6100000143051147
12668,VC_1219,GCF_036814005.1,Germany,unkwn,unkwn,Food,Others,unkwn,2017,1992–2025,unkwn,Contig,4,410292,1908220,47.5,85.0,90,90,90,4,410292,4.0101,99.70999908447266,0.7900000214576721
12674,VC_1220,GCF_036814015.1,Germany,unkwn,unkwn,Food,Others,unkwn,2016,1992–2025,unkwn,Contig,8,194846,1919978,47.5,85.0,86,86,86,8,194846,4.050185,98.87999725341797,0.6100000143051147
12680,VC_1221,GCF_036814035.1,Germany,unkwn,unkwn,Food,Others,unkwn,2017,1992–2025,unkwn,Contig,5,261471,1862456,47.5,80.0,96,96,96,5,261471,3.913592,98.76000213623047,2.369999885559082
12686,VC_1222,GCF_036814045.1,Germany,unkwn,unkwn,Food,Others,unkwn,2017,1992–2025,unkwn,Contig,3,344184,1905241,47.5,70.0,85,85,85,3,344184,4.011209,99.23999786376953,2.049999952316284
12692,VC_1223,GCF_036814085.1,Germany,unkwn,unkwn,Food,Others,unkwn,2017,1992–2025,unkwn,Contig,6,261777,1871004,47.5,95.0,82,82,82,6,261777,3.933617,99.48999786376953,1.2100000381469727
12698,VC_1224,GCF_036814105.1,Germany,unkwn,unkwn,Food,Others,unkwn,2017,1992–2025,unkwn,Contig,5,247414,1878174,47.5,90.0,124,124,124,5,247414,3.951769,98.66000366210938,2.0999999046325684
12704,VC_1225,GCF_036814115.1,Germany,unkwn,unkwn,Food,Others,unkwn,2017,1992–2025,unkwn,Contig,10,125768,1917877,47.5,80.0,83,83,83,10,125768,4.034539,99.06999969482422,1.7899999618530273
12710,VC_1226,GCF_036814125.1,Germany,unkwn,unkwn,Food,Others,unkwn,2017,1992–2025,unkwn,Contig,9,183973,1870904,47.5,55.0,57,57,57,9,183973,3.924561,98.68000030517578,1.0399999618530273
12716,VC_1227,GCF_036814135.1,Germany,unkwn,unkwn,Food,Others,unkwn,2017,1992–2025,unkwn,Contig,9,183973,1870655,47.5,70.0,58,58,58,9,183973,3.924113,98.68000030517578,1.0399999618530273
12722,VC_1228,GCF_036814175.1,Germany,unkwn,unkwn,Food,Others,unkwn,2017,1992–2025,unkwn,Contig,4,304036,1895312,47.5,25.0,53,53,53,4,304036,3.980285,99.29000091552734,2.200000047683716
12728,VC_1229,GCF_036814205.1,Germany,unkwn,unkwn,Food,Others,unkwn,2017,1992–2025,unkwn,Contig,8,176535,1926503,47.5,60.0,114,114,114,8,176535,4.051966,98.41000366210938,1.5
12734,VC_1230,GCF_036814215.1,Germany,unkwn,unkwn,Food,Others,unkwn,2017,1992–2025,unkwn,Contig,6,212243,1879576,47.5,70.0,77,77,77,6,212243,3.9497,99.29000091552734,0.9800000190734863
12740,VC_1231,GCF_036873325.1,Germany,unkwn,unkwn,Food,Others,unkwn,2016,1992–2025,unkwn,Contig,8,194846,1920123,47.5,70.0,85,85,85,8,194846,4.050622,98.87999725341797,0.6100000143051147
12746,VC_1232,GCF_036873345.1,Germany,unkwn,unkwn,Food,Others,unkwn,2017,1992–2025,unkwn,Contig,6,205613,1870903,47.5,85.0,75,75,75,6,205613,3.926328,98.38999938964844,1.1299999952316284
12752,VC_1233,GCF_036873365.1,Germany,unkwn,unkwn,Food,Others,unkwn,2016,1992–2025,unkwn,Contig,6,245990,1917389,47.5,65.0,78,78,78,6,245990,4.043308,99.55000305175781,0.8600000143051147
12758,VC_1234,GCF_036873385.1,Germany,unkwn,unkwn,Food,Others,unkwn,2017,1992–2025,unkwn,Contig,3,812518,1898462,47.5,85.0,67,67,67,3,812518,3.99764,98.26000213623047,2.240000009536743
12764,VC_1235,GCF_036873405.1,Germany,unkwn,unkwn,Food,Others,unkwn,2016,1992–2025,unkwn,Contig,3,474317,1934689,47.5,80.0,107,107,107,3,474317,4.088883,98.37999725341797,1.2599999904632568
12770,VC_1236,GCF_036873435.1,Germany,unkwn,unkwn,Food,Others,unkwn,2016,1992–2025,unkwn,Contig,5,258086,1862940,47.5,90.0,51,51,51,5,258086,3.907054,98.98999786376953,0.7599999904632568
12776,VC_1237,GCF_036888835.1,Ireland,unkwn,unkwn,Environmental sample,Environmental sample,unkwn,2020,1992–2025,unkwn,Contig,3,579238,1914601,47.5,303.0,98,98,98,3,579238,4.032159,98.4800033569336,4.019999980926514
12783,VC_1238,GCF_036888945.1,Ireland,unkwn,unkwn,Environmental sample,Environmental sample,unkwn,2020,1992–2025,unkwn,Contig,11,123008,2007496,47.5,294.0,150,150,150,11,123008,4.227603,97.61000061035156,1.7899999618530273
12790,VC_1239,GCF_037026695.1,Ireland,Human hosts,infection,Clinical sample,Clinical sample,53.119660 N 7.570757 W,2022,1992–2025,unkwn,Contig,6,270390,1896302,47.5,118.0,102,102,102,6,270390,3.986798,99.54000091552734,0.9300000071525574
12798,VC_1240,GCF_037101305.1,Vietnam,Non Human,unkwn,unkwn,unkwn,unkwn,2020,1992–2025,unkwn,Complete Genome,1,2873080,2034117,48.0,100.0,3,3,3,1,2873080,4.258286,98.33999633789062,1.940000057220459
12811,VC_1241,GCF_037150385.1,Spain,unkwn,unkwn,Environmental sample,Environmental sample,unkwn,2022,1992–2025,unkwn,Scaffold,4,301178,1906382,47.5,30.0,85,90,85,3,543087,4.019295,99.70999908447266,0.8700000047683716
12817,VC_1242,GCF_037150415.1,Spain,Human hosts,unkwn,Clinical sample,Clinical sample,unkwn,2023,1992–2025,unkwn,Scaffold,5,327719,1933089,47.5,30.0,49,52,49,4,333767,4.069334,99.02999877929688,1.0499999523162842
12825,VC_1243,GCF_037150435.1,Spain,unkwn,unkwn,Environmental sample,Environmental sample,unkwn,2022,1992–2025,unkwn,Scaffold,3,701115,1967653,47.5,30.0,80,82,80,3,701115,4.147325,99.3499984741211,1.690000057220459
12831,VC_1244,GCF_037150455.1,Spain,Human hosts,unkwn,Clinical sample,Clinical sample,unkwn,2022,1992–2025,unkwn,Scaffold,4,294206,1909988,47.5,30.0,67,71,67,4,366298,4.010791,99.16000366210938,0.9800000190734863
12839,VC_1245,GCF_037150475.1,Spain,unkwn,unkwn,Environmental sample,Environmental sample,unkwn,2022,1992–2025,unkwn,Scaffold,4,339369,1964863,47.5,30.0,164,165,164,4,339369,4.153187,98.25,1.4500000476837158
12845,VC_1246,GCF_037150485.1,Spain,Human hosts,unkwn,Clinical sample,Clinical sample,unkwn,2022,1992–2025,unkwn,Scaffold,3,700932,1967508,47.5,30.0,76,78,76,3,700932,4.147029,99.3499984741211,1.690000057220459
12853,VC_1247,GCF_037150515.1,Spain,unkwn,unkwn,Environmental sample,Environmental sample,unkwn,2022,1992–2025,unkwn,Scaffold,10,140579,1994239,47.5,30.0,137,140,137,10,144275,4.212583,99.16000366210938,2.390000104904175
12859,VC_1248,GCF_037150535.1,Spain,unkwn,unkwn,Environmental sample,Environmental sample,unkwn,2022,1992–2025,unkwn,Scaffold,4,278526,1928025,47.5,30.0,97,100,97,3,578802,4.050522,99.70999908447266,1.5
12865,VC_1249,GCF_037150575.1,Spain,unkwn,unkwn,Environmental sample,Environmental sample,unkwn,2022,1992–2025,unkwn,Scaffold,4,278544,1927804,47.5,30.0,98,101,98,3,578811,4.050047,99.70999908447266,1.5
12871,VC_1250,GCF_037154215.1,Spain,Human hosts,unkwn,Clinical sample,Clinical sample,unkwn,2019,1992–2025,unkwn,Scaffold,5,247853,1978655,47.5,30.0,129,132,129,5,334618,4.180653,98.54000091552734,3.190000057220459
12879,VC_1251,GCF_037154235.1,Spain,unkwn,unkwn,Environmental sample,Environmental sample,unkwn,2022,1992–2025,unkwn,Scaffold,6,289817,1976669,47.0,30.0,84,87,84,5,312217,4.19004,98.9000015258789,1.3600000143051147
12885,VC_1252,GCF_037154255.1,Spain,unkwn,unkwn,Environmental sample,Environmental sample,unkwn,2022,1992–2025,unkwn,Contig,4,323942,1921349,47.5,30.0,144,144,144,4,323942,4.048386,98.75,2.2100000381469727
12891,VC_1253,GCF_037154275.1,Spain,Human hosts,unkwn,Clinical sample,Clinical sample,unkwn,2020,1992–2025,unkwn,Scaffold,6,247559,1976506,47.5,30.0,196,198,196,6,247559,4.172886,98.54000091552734,2.5999999046325684
12899,VC_1254,GCF_037154295.1,Spain,unkwn,unkwn,Environmental sample,Environmental sample,unkwn,2022,1992–2025,unkwn,Scaffold,3,536710,1967812,47.5,30.0,81,84,81,3,701384,4.147649,99.3499984741211,1.690000057220459
12905,VC_1255,GCF_037154315.1,Spain,unkwn,unkwn,Environmental sample,Environmental sample,unkwn,2022,1992–2025,unkwn,Scaffold,3,536710,1967703,47.5,30.0,76,79,76,3,701202,4.147465,99.3499984741211,1.690000057220459
12911,VC_1256,GCF_037154335.1,Spain,Human hosts,unkwn,Clinical sample,Clinical sample,unkwn,2020,1992–2025,unkwn,Scaffold,5,239796,1938349,47.5,30.0,98,103,98,4,327018,4.082993,99.5999984741211,0.5799999833106995
12919,VC_1257,GCF_037154355.1,Spain,Human hosts,unkwn,Clinical sample,Clinical sample,unkwn,2021,1992–2025,unkwn,Scaffold,7,178631,1859092,47.5,30.0,216,217,216,7,178631,3.931193,95.93000030517578,1.840000033378601
12927,VC_1258,GCF_037154375.1,Spain,unkwn,unkwn,Environmental sample,Environmental sample,unkwn,2022,1992–2025,unkwn,Scaffold,3,907483,1899399,47.5,30.0,111,115,111,2,1035256,3.996443,98.68000030517578,1.6699999570846558
12933,VC_1259,GCF_037154395.1,Spain,Human hosts,unkwn,Clinical sample,Clinical sample,unkwn,2020,1992–2025,unkwn,Scaffold,5,335897,1878575,47.5,30.0,63,67,63,4,373630,3.9547,99.51000213623047,1.399999976158142
12941,VC_1260,GCF_037154415.1,Spain,Human hosts,unkwn,Clinical sample,Clinical sample,unkwn,2020,1992–2025,unkwn,Scaffold,6,247890,1885442,47.5,30.0,49,53,49,5,330802,3.96521,99.5999984741211,0.550000011920929
12949,VC_1261,GCF_037154435.1,Spain,Human hosts,unkwn,Clinical sample,Clinical sample,unkwn,2019,1992–2025,unkwn,Scaffold,4,294245,1881318,47.5,30.0,55,60,55,3,649973,3.962717,99.63999938964844,2.950000047683716
12957,VC_1262,GCF_037154445.1,Spain,Human hosts,unkwn,Clinical sample,Clinical sample,unkwn,2020,1992–2025,unkwn,Scaffold,5,343636,1888409,47.5,30.0,71,75,71,4,422840,3.966055,99.29000091552734,1.2899999618530273
12965,VC_1263,GCF_037154475.1,Spain,Human hosts,unkwn,Clinical sample,Clinical sample,unkwn,2019,1992–2025,unkwn,Scaffold,3,647869,1933452,47.5,30.0,69,73,69,2,1042760,4.079593,98.94000244140625,2.0899999141693115
12973,VC_1264,GCF_037154495.1,Spain,Human hosts,unkwn,Clinical sample,Clinical sample,unkwn,2020,1992–2025,unkwn,Scaffold,12,116645,1911602,47.5,30.0,231,236,231,10,121167,4.025068,97.70999908447266,1.340000033378601
12981,VC_1265,GCF_037154515.1,Spain,Human hosts,unkwn,Clinical sample,Clinical sample,unkwn,2020,1992–2025,unkwn,Scaffold,4,366493,1874757,47.5,30.0,58,60,58,4,442540,3.945951,99.51000213623047,1.399999976158142
12989,VC_1266,GCF_037154535.1,Spain,Human hosts,unkwn,Clinical sample,Clinical sample,unkwn,2020,1992–2025,unkwn,Scaffold,6,247979,1911923,47.5,30.0,74,76,74,5,322977,4.021096,99.63999938964844,1.309999942779541
12997,VC_1267,GCF_037154555.1,Spain,Human hosts,unkwn,Clinical sample,Clinical sample,unkwn,2019,1992–2025,unkwn,Scaffold,3,748279,1888958,47.5,30.0,52,55,52,3,766736,3.983955,99.05000305175781,1.4600000381469727
13005,VC_1268,GCF_037154575.1,Spain,Human hosts,unkwn,Clinical sample,Clinical sample,unkwn,2020,1992–2025,unkwn,Scaffold,4,347103,1895391,47.5,30.0,76,79,76,3,483321,3.982864,99.3499984741211,1.090000033378601
13037,VC_1269,GCF_037196025.1,China,unkwn,unkwn,Food,Others,unkwn,2023,1992–2025,unkwn,Contig,9,162874,1932183,47.5,100.0,208,208,208,9,162874,4.06295,99.0199966430664,3.130000114440918
13061,VC_1270,GCF_037462425.1,Germany,unkwn,unkwn,Environmental sample,Environmental sample,unkwn,2018,1992–2025,non_O1,Contig,13,92565,1948940,47.5,10.0,181,181,181,13,92565,4.097275,98.91999816894531,1.7400000095367432
13073,VC_1271,GCF_037462445.1,Germany,unkwn,unkwn,Environmental sample,Environmental sample,unkwn,2018,1992–2025,non_O1,Contig,3,461425,1891038,47.5,5.0,200,200,200,3,461425,3.979441,98.97000122070312,3.440000057220459
13079,VC_1272,GCF_037462495.1,Germany,unkwn,unkwn,Environmental sample,Environmental sample,unkwn,2018,1992–2025,non_O1,Contig,4,406668,1906064,47.5,5.0,184,184,184,4,406668,4.010037,98.73999786376953,1.1399999856948853
13085,VC_1273,GCF_037462505.1,Germany,unkwn,unkwn,Environmental sample,Environmental sample,unkwn,2018,1992–2025,non_O1,Contig,6,247873,1913375,47.5,8.0,207,207,207,6,247873,4.042245,98.69000244140625,2.25
13091,VC_1274,GCF_037462535.1,Germany,unkwn,unkwn,Environmental sample,Environmental sample,unkwn,2018,1992–2025,non_O1,Contig,8,148134,1928639,47.5,9.0,236,236,236,8,148134,4.06437,99.02999877929688,1.6799999475479126
13097,VC_1275,GCF_037462545.1,Germany,unkwn,unkwn,Environmental sample,Environmental sample,unkwn,2018,1992–2025,non_O1,Contig,7,180003,1890401,47.5,8.0,211,211,211,7,180003,3.973967,99.02999877929688,1.9500000476837158
13109,VC_1276,GCF_037462595.1,Germany,unkwn,unkwn,Environmental sample,Environmental sample,unkwn,2018,1992–2025,non_O1,Contig,4,328793,1908339,47.5,5.0,117,117,117,4,328793,4.011078,98.33999633789062,2.759999990463257
13115,VC_1277,GCF_037462605.1,Germany,unkwn,unkwn,Environmental sample,Environmental sample,unkwn,2018,1992–2025,non_O1,Contig,4,287538,1936674,47.5,5.0,171,171,171,4,287538,4.090892,98.41000366210938,2.4600000381469727
13145,VC_1278,GCF_037462705.1,Germany,unkwn,unkwn,Environmental sample,Environmental sample,unkwn,2018,1992–2025,non_O1,Contig,10,134899,1909714,47.5,9.0,108,108,108,10,134899,4.021314,97.97000122070312,2.200000047683716
13151,VC_1279,GCF_037462735.1,Germany,unkwn,unkwn,Environmental sample,Environmental sample,unkwn,2018,1992–2025,non_O1,Contig,11,105041,1911629,47.5,12.0,196,196,196,11,105041,4.015354,99.54000091552734,0.7699999809265137
13157,VC_1280,GCF_037462755.1,Germany,unkwn,unkwn,Environmental sample,Environmental sample,unkwn,2017,1992–2025,non_O1,Contig,9,113733,1905438,47.5,9.0,129,129,129,9,113733,4.003607,98.12000274658203,0.800000011920929
13163,VC_1281,GCF_037462765.1,Germany,unkwn,unkwn,Environmental sample,Environmental sample,unkwn,2018,1992–2025,non_O1,Contig,7,185266,1928857,47.5,9.0,158,158,158,7,185266,4.064028,97.68000030517578,1.7200000286102295
13169,VC_1282,GCF_037462795.1,Germany,unkwn,unkwn,Environmental sample,Environmental sample,unkwn,2017,1992–2025,non_O1,Contig,10,123484,1943482,47.5,13.0,140,140,140,10,123484,4.092276,98.7699966430664,0.8399999737739563
13175,VC_1283,GCF_037462815.1,Germany,unkwn,unkwn,Environmental sample,Environmental sample,unkwn,2017,1992–2025,non_O1,Contig,7,222603,1910772,47.5,9.0,67,67,67,7,222603,4.011852,99.44999694824219,1.2400000095367432
13181,VC_1284,GCF_037462835.1,Germany,unkwn,unkwn,Environmental sample,Environmental sample,unkwn,2017,1992–2025,non_O1,Contig,5,212655,1880781,47.5,5.0,134,134,134,5,212655,3.949506,99.25,0.7400000095367432
13187,VC_1285,GCF_037462855.1,Germany,unkwn,unkwn,Environmental sample,Environmental sample,unkwn,2017,1992–2025,non_O1,Contig,7,206707,1889769,47.5,8.0,179,179,179,7,206707,3.980305,98.4800033569336,2.119999885559082
13193,VC_1286,GCF_037462875.1,Germany,unkwn,unkwn,Environmental sample,Environmental sample,unkwn,2017,1992–2025,non_O1,Contig,8,190284,1937701,47.5,8.0,135,135,135,8,190284,4.078565,98.54000091552734,2.7100000381469727
13205,VC_1287,GCF_037462895.1,Germany,unkwn,unkwn,Environmental sample,Environmental sample,unkwn,2017,1992–2025,non_O1,Contig,5,225825,1914319,47.5,5.0,142,142,142,5,225825,4.025134,99.27999877929688,0.9599999785423279
13211,VC_1288,GCF_037462915.1,Germany,unkwn,unkwn,Environmental sample,Environmental sample,unkwn,2017,1992–2025,non_O1,Contig,8,173347,1910222,47.5,11.0,209,209,209,8,173347,4.033766,98.69000244140625,2.25
13217,VC_1289,GCF_037462955.1,Germany,unkwn,unkwn,Environmental sample,Environmental sample,unkwn,2017,1992–2025,non_O1,Contig,5,251040,1885090,47.5,6.0,109,109,109,5,251040,3.967421,98.72000122070312,1.7400000095367432
13223,VC_1290,GCF_037462975.1,Germany,unkwn,unkwn,Environmental sample,Environmental sample,unkwn,2017,1992–2025,non_O1,Contig,19,75091,1930407,47.5,23.0,191,191,191,19,75091,4.076276,97.55999755859375,1.6699999570846558
13229,VC_1291,GCF_037462995.1,Germany,unkwn,unkwn,Environmental sample,Environmental sample,unkwn,2017,1992–2025,non_O1,Contig,17,80652,1929882,47.5,18.0,178,178,178,17,80652,4.074744,97.55999755859375,1.6699999570846558
13235,VC_1292,GCF_037463005.1,Germany,unkwn,unkwn,Environmental sample,Environmental sample,unkwn,2017,1992–2025,non_O1,Contig,21,72354,1926774,47.5,26.0,182,182,182,21,72354,4.066998,97.55999755859375,1.600000023841858
13241,VC_1293,GCF_037483065.1,China,Human hosts,unkwn,unkwn,unkwn,unkwn,2022,1992–2025,unkwn,Contig,26,47687,1865062,47.5,200.0,212,212,212,26,47687,3.906834,98.5199966430664,1.5
13247,VC_1294,GCF_037995985.1,unkwn,unkwn,unkwn,unkwn,unkwn,unkwn,unkwn,unkwn,unkwn,Contig,8,177504,1901971,47.5,28.0,74,74,74,8,177504,4.004271,99.29000091552734,0.23999999463558197
13263,VC_1295,GCF_037996025.1,unkwn,unkwn,unkwn,unkwn,unkwn,unkwn,unkwn,unkwn,unkwn,Contig,8,177504,1901984,47.5,22.0,76,76,76,8,177504,4.004325,99.29000091552734,0.23999999463558197
13279,VC_1296,GCF_038030905.1,Sudan,Human hosts,cholera,Clinical sample,Clinical sample,13.55 N 33.60 E,2019,1992–2025,unkwn,Contig,1,3032944,2017381,47.5,97.0,5,5,5,1,3032944,4.241633,98.33000183105469,0.6299999952316284
13309,VC_1297,GCF_038030955.1,Sudan,Human hosts,cholera,Clinical sample,Clinical sample,11.51 N 34.23 E,2019,1992–2025,unkwn,Contig,1,3041706,2012045,47.5,98.0,3,3,3,1,3041706,4.230319,98.16999816894531,0.6200000047683716
13339,VC_1298,GCF_038031065.1,Sudan,Human hosts,cholera,Clinical sample,Clinical sample,11.51 N 34.23 E,2019,1992–2025,unkwn,Contig,1,3026585,2004900,47.5,48.0,3,3,3,1,3026585,4.215272,98.87000274658203,0.5899999737739563
13369,VC_1299,GCF_038448525.1,China,Non Human,unkwn,Environmental sample,Environmental sample,19.21 N 108.64 E,2023,1992–2025,unkwn,Scaffold,4,348028,1913737,47.5,50.0,89,89,89,4,348028,4.030369,98.45999908447266,1.7899999618530273
13376,VC_1300,GCF_039581465.1,China,Human hosts,unkwn,Clinical sample,Clinical sample,unkwn,2023,1992–2025,unkwn,Contig,7,247599,1930522,47.5,432.0,61,61,61,7,247599,4.065924,99.55000305175781,1.8700000047683716
13382,VC_1301,GCF_039602145.1,China,Non Human,unkwn,Environmental sample,Environmental sample,unkwn,2018,1992–2025,unkwn,Complete Genome,1,2895335,1939002,47.5,100.0,2,2,2,1,2895335,4.070525,98.18000030517578,1.850000023841858
13394,VC_1302,GCF_039615255.1,Japan,Non Human,unkwn,unkwn,unkwn,unkwn,1986,1973–1991,unkwn,Contig,7,234966,1904416,47.5,29.0,141,141,141,7,234966,4.001184,98.69999694824219,2.140000104904175
13402,VC_1303,GCF_039615265.1,Japan,Human hosts,unkwn,unkwn,unkwn,unkwn,1985,1973–1991,unkwn,Contig,7,196210,1871822,47.5,23.0,118,118,118,7,196210,3.935926,99.55999755859375,1.5199999809265137
13410,VC_1304,GCF_039615275.1,Japan,Non Human,unkwn,unkwn,unkwn,unkwn,1962,1961–1972,unkwn,Contig,10,145402,1898582,47.5,21.0,153,153,153,10,145402,3.99542,99.29000091552734,1.5199999809265137
13418,VC_1305,GCF_039737155.1,Pakistan,Human hosts,diarrhea,Clinical sample,Clinical sample,30.3753 N 69.3451 E,unkwn,unkwn,unkwn,Contig,7,161083,1863458,47.5,130.209,82,82,82,7,161083,3.917266,99.30000305175781,1.149999976158142
13434,VC_1306,GCF_039737175.1,Pakistan,Human hosts,diarrhea,Clinical sample,Clinical sample,30.3753 N 69.3451 E,unkwn,unkwn,unkwn,Contig,7,215539,1918305,47.5,151.939,62,62,62,7,215539,4.038525,99.5199966430664,1.3200000524520874
13450,VC_1307,GCF_039737195.1,Bangladesh,Human hosts,diarrhea,Clinical sample,Clinical sample,23.6850 N 90.3563 E,unkwn,unkwn,unkwn,Contig,6,196699,1844818,47.5,162.853,57,57,57,6,196699,3.869805,98.63999938964844,0.5
13466,VC_1308,GCF_039737215.1,Bangladesh,Human hosts,diarrhea,Clinical sample,Clinical sample,23.6850 N 90.3563 E,unkwn,unkwn,unkwn,Contig,6,247044,1908689,47.5,139.819,68,68,68,6,247044,4.018155,99.62999725341797,0.23999999463558197
13482,VC_1309,GCF_039737235.1,Pakistan,Human hosts,diarrhea,Clinical sample,Clinical sample,30.3753 N 69.3451 E,unkwn,unkwn,unkwn,Contig,5,247044,1909297,47.5,180.33,66,66,66,5,247044,4.019397,99.5999984741211,0.23999999463558197
13498,VC_1310,GCF_040203695.1,Democratic Republic of the Congo,Human hosts,cholera,Clinical sample,Clinical sample,1.69 S 29.23 E,2022,1992–2025,unkwn,Contig,6,174020,1923625,47.5,100.0,96,96,96,6,174020,4.052054,99.61000061035156,0.23999999463558197
13506,VC_1311,GCF_040253255.1,Democratic Republic of the Congo,Human hosts,cholera,Clinical sample,Clinical sample,1.69 S 29.23 E,2018,1992–2025,unkwn,Contig,6,183760,1923602,47.5,100.0,95,95,95,6,183760,4.052,99.62999725341797,0.23999999463558197
13514,VC_1312,GCF_040253265.1,Democratic Republic of the Congo,Human hosts,cholera,Clinical sample,Clinical sample,1.69 S 29.23 E,2018,1992–2025,unkwn,Contig,5,246533,1921194,47.5,100.0,92,92,92,5,246533,4.046429,99.58999633789062,0.23999999463558197
13522,VC_1313,GCF_040253275.1,Democratic Republic of the Congo,Human hosts,cholera,Clinical sample,Clinical sample,1.69 S 29.23 E,2018,1992–2025,unkwn,Contig,5,183760,1923830,47.5,100.0,96,96,96,5,183760,4.052456,99.62000274658203,0.23999999463558197
13530,VC_1314,GCF_040253315.1,Democratic Republic of the Congo,Human hosts,cholera,Clinical sample,Clinical sample,1.69 S 29.23 E,2018,1992–2025,unkwn,Contig,5,246532,1922553,47.5,100.0,97,97,97,5,246532,4.049663,99.51000213623047,0.23999999463558197
13538,VC_1315,GCF_040253325.1,Democratic Republic of the Congo,Human hosts,cholera,Clinical sample,Clinical sample,1.69 S 29.23 E,2018,1992–2025,unkwn,Contig,5,246533,1921681,47.5,100.0,86,86,86,5,246533,4.047413,99.58999633789062,0.23999999463558197
13546,VC_1316,GCF_040253355.1,Democratic Republic of the Congo,Human hosts,cholera,Clinical sample,Clinical sample,1.69 S 29.23 E,2018,1992–2025,unkwn,Contig,6,174007,1923435,47.5,100.0,100,100,100,6,174007,4.051501,99.58999633789062,0.23999999463558197
13554,VC_1317,GCF_040253385.1,Democratic Republic of the Congo,Human hosts,cholera,Clinical sample,Clinical sample,1.69 S 29.23 E,2018,1992–2025,unkwn,Contig,6,183760,1923607,47.5,100.0,95,95,95,6,183760,4.052016,99.52999877929688,0.23999999463558197
13562,VC_1318,GCF_040253435.1,Democratic Republic of the Congo,Human hosts,cholera,Clinical sample,Clinical sample,1.69 S 29.23 E,2018,1992–2025,unkwn,Contig,6,246533,1921651,47.5,100.0,92,92,92,6,246533,4.04745,99.52999877929688,0.23999999463558197
13570,VC_1319,GCF_040253455.1,Democratic Republic of the Congo,Human hosts,cholera,Clinical sample,Clinical sample,1.69 S 29.23 E,2018,1992–2025,unkwn,Contig,6,199491,1923727,47.5,100.0,98,98,98,6,199491,4.052358,99.44999694824219,0.23999999463558197
13578,VC_1320,GCF_040253665.1,Democratic Republic of the Congo,Human hosts,cholera,Clinical sample,Clinical sample,1.69 S 29.23 E,2018,1992–2025,unkwn,Contig,6,199491,1923609,47.5,100.0,96,96,96,6,199491,4.052112,99.62999725341797,0.23999999463558197
13586,VC_1321,GCF_040364555.1,Japan,Human hosts,unkwn,unkwn,unkwn,unkwn,2020,1992–2025,unkwn,Contig,4,443583,1940785,47.5,100.0,65,65,65,4,443583,4.083523,98.72000122070312,1.4800000190734863
13599,VC_1322,GCF_040371045.1,Japan,Human hosts,unkwn,unkwn,unkwn,unkwn,2020,1992–2025,unkwn,Contig,6,246594,1867007,47.5,95.0,58,58,58,6,246594,3.923593,99.33000183105469,0.5699999928474426
13612,VC_1323,GCF_040412195.1,Sudan,Human hosts,cholera,Environmental sample,Environmental sample,13.55 N 33.60 E,2019,1992–2025,unkwn,Complete Genome,1,3023903,1932496,47.5,100.0,2,2,2,1,3023903,4.07305,97.88999938964844,0.23999999463558197
13642,VC_1324,GCF_040556435.1,unkwn,unkwn,unkwn,unkwn,unkwn,unkwn,2023,1992–2025,unkwn,Complete Genome,1,2908252,1901884,47.5,72.0,2,2,2,1,2908252,3.994951,98.55999755859375,0.5299999713897705
13652,VC_1325,GCF_040705275.1,Cameroon,unkwn,unkwn,Environmental sample,Environmental sample,9.30843333 N 13.87147777 E,2018,1992–2025,unkwn,Contig,18,63461,1924640,47.5,13.3636,190,190,190,18,63461,4.046888,99.33999633789062,1.7999999523162842
13676,VC_1326,GCF_040705315.1,Cameroon,unkwn,unkwn,Environmental sample,Environmental sample,10.58769444 N 14.32858888 E,2018,1992–2025,unkwn,Contig,25,50263,1866181,48.0,17.0769,194,194,194,25,50263,3.903148,98.22000122070312,1.059999942779541
13688,VC_1327,GCF_040705335.1,Cameroon,unkwn,unkwn,Environmental sample,Environmental sample,10.58757777 N 14.32813888 E,2021,1992–2025,unkwn,Contig,4,340306,1938337,47.5,36.1024,75,75,75,4,340306,4.088263,99.2699966430664,1.690000057220459
13712,VC_1328,GCF_040718875.1,Cameroon,unkwn,unkwn,Environmental sample,Environmental sample,9.30705 N 13.88079444 E,2018,1992–2025,unkwn,Contig,27,43229,1906876,47.5,22.7005,200,200,200,27,43229,3.998755,99.33999633789062,1.4500000476837158
13724,VC_1329,GCF_040718885.1,Cameroon,unkwn,unkwn,Environmental sample,Environmental sample,10.58642777 N 14.32968888 E,2018,1992–2025,unkwn,Contig,31,39757,1900610,48.0,21.945,238,238,238,31,39757,3.979635,99.33999633789062,1.4500000476837158
13736,VC_1330,GCF_040718915.1,Cameroon,unkwn,unkwn,Environmental sample,Environmental sample,9.30843333 N 13.87147777 E,2018,1992–2025,unkwn,Contig,34,39127,1905753,47.5,13.6133,249,249,249,34,39127,3.99301,99.33999633789062,1.4500000476837158
13748,VC_1331,GCF_040718955.1,Cameroon,unkwn,unkwn,Environmental sample,Environmental sample,9.30843333 N 13.87147777 E,2018,1992–2025,unkwn,Contig,14,83363,1917794,47.5,24.4512,160,160,160,14,83363,4.031832,99.23999786376953,1.5
13760,VC_1332,GCF_040718975.1,Cameroon,unkwn,unkwn,Environmental sample,Environmental sample,10.60037777 N 14.32032222 E,2018,1992–2025,unkwn,Contig,15,74080,1878190,47.5,19.2828,146,146,146,15,74080,3.936399,98.68000030517578,1.2400000095367432
13772,VC_1333,GCF_040718995.1,Cameroon,unkwn,unkwn,Environmental sample,Environmental sample,10.60037777 N 14.32032222 E,2018,1992–2025,unkwn,Contig,21,55412,1884277,47.5,22.8837,217,217,217,21,55412,3.950594,98.54000091552734,1.7799999713897705
13808,VC_1334,GCF_040719025.1,Cameroon,unkwn,unkwn,Environmental sample,Environmental sample,10.60037777 N 14.32032222 E,2018,1992–2025,unkwn,Contig,15,76045,1880356,47.5,20.0967,144,144,144,15,76045,3.942891,98.68000030517578,1.2400000095367432
13856,VC_1335,GCF_040719135.1,Cameroon,unkwn,unkwn,Environmental sample,Environmental sample,10.58642777 N 14.32968888 E,2018,1992–2025,unkwn,Contig,24,55733,1887572,47.5,18.3527,224,224,224,24,55733,3.960291,98.54000091552734,1.8200000524520874
13868,VC_1336,GCF_040735825.1,Slovakia,Human hosts,cholera,Clinical sample,Clinical sample,48.18 N 18.05 E,1965,1961–1972,unkwn,Complete Genome,1,2954495,1942495,47.5,23.0,2,2,2,1,2954495,4.077659,99.31999969482422,1.1699999570846558
13879,VC_1337,GCF_040805305.1,China,Human hosts,biliary tract diseases,Clinical sample,Clinical sample,34.36 N 119.10 E,2022,1992–2025,unkwn,Complete Genome,1,3058981,1952403,48.0,100.0,3,3,3,1,3058981,4.08401,98.8499984741211,1.309999942779541
13887,VC_1338,GCF_040930435.1,Cameroon,unkwn,unkwn,Environmental sample,Environmental sample,10.60037777 N 14.32032222 E,2018,1992–2025,unkwn,Contig,28,43533,1857344,48.0,16.2864,214,214,214,28,43533,3.87922,98.68000030517578,1.2000000476837158
13899,VC_1339,GCF_041413065.1,Democratic Republic of the Congo,Human hosts,cholera,Clinical sample,Clinical sample,3.5413 S 27.6897 E,2024,1992–2025,O1_unkwn,Contig,3,510713,1915116,47.5,111.0,12,12,12,3,510713,4.035589,99.58999633789062,0.23999999463558197
13909,VC_1340,GCF_041413135.1,Democratic Republic of the Congo,Human hosts,cholera,Clinical sample,Clinical sample,3.5413 S 27.6897 E,2024,1992–2025,O1_unkwn,Contig,1,3057686,1947077,47.5,390.0,2,2,2,1,3057686,4.098385,98.6500015258789,0.23999999463558197
13919,VC_1341,GCF_041447385.1,China,unkwn,unkwn,Environmental sample,Environmental sample,unkwn,2021,1992–2025,unkwn,Scaffold,3,629567,1896917,47.5,296.81,107,109,107,3,629567,3.997602,98.73999786376953,2.3499999046325684
13924,VC_1342,GCF_041447525.1,China,unkwn,unkwn,Environmental sample,Environmental sample,unkwn,2021,1992–2025,unkwn,Contig,5,308786,1917724,47.5,279.67,97,97,97,5,308786,4.041011,98.19999694824219,2.5899999141693115
13929,VC_1343,GCF_041447535.1,China,Non Human,unkwn,unkwn,unkwn,unkwn,2021,1992–2025,unkwn,Scaffold,7,185427,1919750,47.5,309.59,137,138,137,7,185427,4.06296,97.02999877929688,2.759999990463257
13934,VC_1344,GCF_041447565.1,China,unkwn,unkwn,Environmental sample,Environmental sample,unkwn,2021,1992–2025,unkwn,Scaffold,6,247496,1921266,47.5,376.78,138,139,138,6,247496,4.046922,99.16000366210938,1.4500000476837158
13939,VC_1345,GCF_041447575.1,China,unkwn,unkwn,Environmental sample,Environmental sample,unkwn,2021,1992–2025,unkwn,Contig,9,150188,1975619,47.5,313.94,114,114,114,9,150188,4.157174,99.25,2.1500000953674316
13944,VC_1346,GCF_041447605.1,China,unkwn,unkwn,Environmental sample,Environmental sample,unkwn,2021,1992–2025,unkwn,Contig,6,247496,1921143,47.5,293.71,147,147,147,6,247496,4.047127,99.11000061035156,1.4500000476837158
13949,VC_1347,GCF_041447625.1,China,unkwn,unkwn,Environmental sample,Environmental sample,unkwn,2021,1992–2025,unkwn,Contig,6,234050,1960064,48.0,306.59,115,115,115,6,234050,4.09612,99.29000091552734,0.9700000286102295
13954,VC_1348,GCF_041449115.1,Democratic Republic of the Congo,Human hosts,cholera,Clinical sample,Clinical sample,3.5413 S 27.6897 E,2024,1992–2025,O1_unkwn,Contig,3,698545,1930721,47.5,146.0,15,15,15,3,698545,4.063035,98.97000122070312,0.23999999463558197
13964,VC_1349,GCF_041806375.1,Nigeria,unkwn,unkwn,Environmental sample,Environmental sample,7.562444 N 4.520738 E,2009,1992–2025,unkwn,Contig,5,245963,1899540,47.5,27.0,115,115,115,5,245963,3.997475,97.27999877929688,0.5600000023841858
13970,VC_1350,GCF_041833825.1,Nigeria,unkwn,unkwn,unkwn,unkwn,9.081769 N 8.675466 E,unkwn,unkwn,unkwn,Contig,8,177668,1911432,47.5,35.0,64,64,64,8,177668,4.024544,99.4800033569336,0.2199999988079071
13976,VC_1351,GCF_041833845.1,Nigeria,unkwn,unkwn,Clinical sample,Clinical sample,7.562444 N 4.520738 E,2009,1992–2025,unkwn,Contig,5,246392,1910256,47.5,22.0,79,79,79,5,246392,4.022093,99.41000366210938,0.2199999988079071
13982,VC_1352,GCF_041833865.1,Nigeria,unkwn,unkwn,Environmental sample,Environmental sample,7.562444 N 4.520738 E,2009,1992–2025,unkwn,Contig,7,179328,1879472,47.5,26.0,71,71,71,7,179328,3.959623,97.55999755859375,0.17000000178813934
13988,VC_1353,GCF_041833885.1,Nigeria,unkwn,unkwn,unkwn,unkwn,9.081769 N 8.675466 E,unkwn,unkwn,unkwn,Contig,5,246735,1906279,47.5,34.0,46,46,46,5,246735,4.013329,99.33999633789062,0.5299999713897705
13994,VC_1354,GCF_041833905.1,Nigeria,unkwn,unkwn,unkwn,unkwn,9.081769 N 8.675466 E,unkwn,unkwn,unkwn,Contig,6,235831,1911292,47.5,34.0,61,61,61,6,235831,4.024091,99.4800033569336,0.23999999463558197
14000,VC_1355,GCF_041833925.1,Nigeria,unkwn,unkwn,Clinical sample,Clinical sample,6.523639 N 3.378151 E,2008,1992–2025,unkwn,Contig,7,197889,1913900,47.5,25.0,68,68,68,7,197889,4.029209,99.13999938964844,0.23999999463558197
14006,VC_1356,GCF_041833945.1,Nigeria,unkwn,unkwn,Clinical sample,Clinical sample,6.998129 N 3.476074 E,2013,1992–2025,unkwn,Contig,6,235786,1910357,47.5,22.0,61,61,61,6,235786,4.022068,99.33999633789062,0.23999999463558197
14012,VC_1357,GCF_041833965.1,Nigeria,unkwn,unkwn,Clinical sample,Clinical sample,11.994947 N 8.528372 E,2008,1992–2025,unkwn,Contig,6,235805,1912863,47.5,25.0,63,63,63,6,235805,4.028002,99.62999725341797,0.23999999463558197
14018,VC_1358,GCF_041833985.1,Nigeria,unkwn,unkwn,Clinical sample,Clinical sample,6.523639 N 3.378151 E,2008,1992–2025,unkwn,Contig,5,235827,1922002,47.5,26.0,123,123,123,5,235827,4.045772,99.4800033569336,0.36000001430511475
14024,VC_1359,GCF_041834005.1,Nigeria,unkwn,unkwn,Environmental sample,Environmental sample,11.994947 N 8.528372 E,2007,1992–2025,unkwn,Contig,6,217112,1913014,47.5,28.0,61,61,61,6,217112,4.030641,99.33999633789062,0.23999999463558197
14030,VC_1360,GCF_041834025.1,Nigeria,unkwn,unkwn,Clinical sample,Clinical sample,11.994947 N 8.528372 E,2007,1992–2025,unkwn,Contig,5,300675,1912998,47.5,31.0,57,57,57,5,300675,4.030737,99.33999633789062,0.23999999463558197
14036,VC_1361,GCF_041834045.1,Nigeria,unkwn,unkwn,Environmental sample,Environmental sample,12.045635 N 13.242487 E,2010,1992–2025,unkwn,Contig,6,244482,1910432,47.5,26.0,63,63,63,6,244482,4.022269,99.5999984741211,0.23999999463558197
14042,VC_1362,GCF_041834065.1,Nigeria,unkwn,unkwn,Clinical sample,Clinical sample,4.744168 N 6.139681 E,2015,1992–2025,unkwn,Contig,5,220896,1914349,47.5,22.0,70,70,70,5,220896,4.030365,99.4800033569336,0.23999999463558197
14048,VC_1363,GCF_000006745.1,unkwn,unkwn,unkwn,unkwn,unkwn,unkwn,unkwn,unkwn,O1_unkwn,Complete Genome,1,2961149,1915376,47.5,unkwn,2,2,2,1,2961149,4.033464,97.79000091552734,0.23999999463558197
14051,VC_1364,GCF_000021605.1,Indonesia,unkwn,unkwn,unkwn,unkwn,unkwn,1937,1924–1960,O1_unkwn,Complete Genome,1,2892523,1875724,47.5,unkwn,2,2,2,1,2892523,3.938905,99.29000091552734,0.23999999463558197
14055,VC_1365,GCF_000022585.1,unkwn,unkwn,unkwn,unkwn,unkwn,unkwn,unkwn,unkwn,unkwn,Complete Genome,1,3149584,2004640,47.5,unkwn,2,2,2,1,3149584,4.236368,99.33999633789062,0.23999999463558197
14056,VC_1366,GCF_000152425.1,unkwn,unkwn,unkwn,unkwn,unkwn,unkwn,unkwn,unkwn,unkwn,Scaffold,6,178794,1917971,47.5,unkwn,84,84,27,2,1035167,4.079638,99.33999633789062,0.23999999463558197
14057,VC_1367,GCF_000153785.2,unkwn,unkwn,unkwn,unkwn,unkwn,unkwn,unkwn,unkwn,unkwn,Scaffold,6,220219,1920776,47.5,unkwn,62,62,33,2,1094818,4.053126,99.3499984741211,1.0700000524520874
14058,VC_1368,GCF_000153865.1,unkwn,unkwn,unkwn,unkwn,unkwn,unkwn,unkwn,unkwn,unkwn,Scaffold,4,227382,1864560,47.5,unkwn,43,43,12,2,1076983,3.936003,96.41999816894531,0.6100000143051147
14059,VC_1369,GCF_000153985.2,unkwn,unkwn,unkwn,unkwn,unkwn,unkwn,unkwn,unkwn,unkwn,Scaffold,5,345006,1876963,47.5,unkwn,54,54,36,2,978841,3.977246,99.12000274658203,1.2699999809265137
14060,VC_1370,GCF_000154005.2,unkwn,unkwn,unkwn,unkwn,unkwn,unkwn,unkwn,unkwn,unkwn,Scaffold,7,225542,1926369,47.5,unkwn,80,80,39,2,1096844,4.164181,99.36000061035156,0.5899999737739563
14061,VC_1371,GCF_000166455.1,Haiti,Human hosts,unkwn,Clinical sample,Clinical sample,unkwn,2010,1992–2025,O1_unkwn,Complete Genome,1,3031375,1937063,47.5,unkwn,2,2,2,1,3031375,4.07774,99.62999725341797,0.23999999463558197
14073,VC_1372,GCF_000166475.1,Haiti,Human hosts,unkwn,unkwn,unkwn,unkwn,2010,1992–2025,O1_unkwn,Contig,8,155212,1907411,47.5,220.0,93,93,93,8,155212,4.016678,99.62999725341797,0.23999999463558197
14091,VC_1373,GCF_000166495.1,Haiti,Human hosts,unkwn,unkwn,unkwn,unkwn,2010,1992–2025,O1_unkwn,Contig,10,154362,1906777,47.5,220.0,105,105,105,10,154362,4.014995,99.58000183105469,0.23999999463558197
14109,VC_1374,GCF_000168895.2,Peru,unkwn,unkwn,unkwn,unkwn,unkwn,unkwn,unkwn,unkwn,Scaffold,8,210601,1988312,47.5,unkwn,114,114,73,3,499117,4.216194,99.08999633789062,0.7900000214576721
14112,VC_1375,GCF_000168915.2,unkwn,unkwn,unkwn,unkwn,unkwn,unkwn,unkwn,unkwn,unkwn,Scaffold,6,199900,1912664,47.5,unkwn,70,70,41,3,610857,4.06834,99.2300033569336,0.5299999713897705
14113,VC_1376,GCF_000168935.2,unkwn,unkwn,unkwn,unkwn,unkwn,unkwn,unkwn,unkwn,unkwn,Scaffold,7,216755,1953345,47.5,unkwn,77,77,45,2,1096293,4.13733,97.18000030517578,0.8799999952316284
14114,VC_1377,GCF_000174115.1,unkwn,unkwn,unkwn,unkwn,unkwn,unkwn,unkwn,unkwn,unkwn,Contig,2,1108913,1893537,47.5,unkwn,12,12,12,2,1108913,3.969506,98.20999908447266,0.8500000238418579
14115,VC_1378,GCF_000174315.1,unkwn,unkwn,unkwn,unkwn,unkwn,unkwn,unkwn,unkwn,unkwn,Scaffold,2,881547,1971345,47.5,unkwn,17,19,17,2,881547,4.154698,99.58000183105469,0.23999999463558197
14116,VC_1379,GCF_000174335.1,unkwn,unkwn,unkwn,unkwn,unkwn,unkwn,unkwn,unkwn,unkwn,Contig,2,1094441,1901854,47.5,unkwn,8,8,8,2,1094441,4.000672,98.94000244140625,0.23000000417232513
14117,VC_1380,GCF_000175695.1,Bangladesh,unkwn,unkwn,unkwn,unkwn,unkwn,2002,1992–2025,O1_unkwn,Contig,4,359098,1928283,47.5,unkwn,18,18,18,4,359098,4.059686,97.12999725341797,0.27000001072883606
14123,VC_1381,GCF_000220725.1,unkwn,unkwn,unkwn,unkwn,unkwn,unkwn,unkwn,unkwn,unkwn,Contig,2,977828,1928123,47.5,63.23,23,23,23,2,977828,4.059369,99.52999877929688,0.23999999463558197
14124,VC_1382,GCF_000220745.2,unkwn,unkwn,unkwn,unkwn,unkwn,unkwn,unkwn,unkwn,unkwn,Contig,3,803985,1931686,47.5,75.56,22,22,22,3,803985,4.06755,99.52999877929688,0.23999999463558197
14125,VC_1383,GCF_000220765.2,unkwn,unkwn,unkwn,unkwn,unkwn,unkwn,unkwn,unkwn,unkwn,Contig,2,644573,1878897,47.5,78.89,16,16,16,2,644573,3.937798,98.69000244140625,0.4000000059604645
14127,VC_1384,GCF_000220785.1,unkwn,unkwn,unkwn,unkwn,unkwn,unkwn,unkwn,unkwn,unkwn,Contig,3,697358,1985027,47.5,77.42,18,18,18,3,697358,4.179415,98.13999938964844,1.9299999475479126
14129,VC_1385,GCF_000221345.1,unkwn,unkwn,unkwn,unkwn,unkwn,unkwn,unkwn,unkwn,unkwn,Scaffold,23,53277,1913999,47.5,200.32,244,244,203,20,68099,4.031783,99.62999725341797,0.23999999463558197
14131,VC_1386,GCF_000221365.1,unkwn,unkwn,unkwn,unkwn,unkwn,unkwn,unkwn,unkwn,unkwn,Scaffold,21,60896,1914172,47.5,161.76,240,240,208,19,75519,4.03218,99.62999725341797,0.23999999463558197
14133,VC_1387,GCF_000221385.1,unkwn,unkwn,unkwn,unkwn,unkwn,unkwn,unkwn,unkwn,unkwn,Scaffold,14,102437,1926723,47.5,188.51,187,187,169,13,112889,4.057434,99.33999633789062,0.8100000023841858
14135,VC_1388,GCF_000221425.1,unkwn,unkwn,unkwn,unkwn,unkwn,unkwn,unkwn,unkwn,unkwn,Scaffold,11,134216,1914319,47.5,170.0,144,144,110,5,246221,4.032845,99.62999725341797,0.23999999463558197
14137,VC_1389,GCF_000221445.1,unkwn,unkwn,unkwn,unkwn,unkwn,unkwn,unkwn,unkwn,unkwn,Scaffold,12,82607,1886284,48.0,178.35,206,206,168,8,149014,3.949552,99.08000183105469,0.4099999964237213
14141,VC_1390,GCF_000221485.1,unkwn,unkwn,unkwn,unkwn,unkwn,unkwn,unkwn,unkwn,unkwn,Scaffold,10,130397,1915816,47.5,148.8,165,165,135,7,197837,4.036059,99.62999725341797,0.23999999463558197
14143,VC_1391,GCF_000223095.1,unkwn,Human hosts,unkwn,Clinical sample,Clinical sample,unkwn,unkwn,unkwn,unkwn,Contig,10,131789,1870380,47.5,20.0,63,63,63,10,131789,3.925563,97.16999816894531,0.5099999904632568
14147,VC_1392,GCF_000234375.1,unkwn,unkwn,unkwn,unkwn,unkwn,unkwn,unkwn,unkwn,unkwn,Contig,10,155376,1912992,47.5,170.09,128,128,128,10,155376,4.028197,99.62999725341797,0.23999999463558197
14149,VC_1393,GCF_000234395.1,unkwn,unkwn,unkwn,unkwn,unkwn,unkwn,unkwn,unkwn,unkwn,Contig,3,804924,1948006,47.5,66.24,15,15,15,3,804924,4.099188,99.62999725341797,0.23999999463558197
14151,VC_1394,GCF_000234415.1,unkwn,unkwn,unkwn,unkwn,unkwn,unkwn,unkwn,unkwn,unkwn,Contig,12,116593,1912575,47.5,179.2,138,138,138,12,116593,4.027641,99.62999725341797,0.23999999463558197
14153,VC_1395,GCF_000234435.1,unkwn,Human hosts,unkwn,Clinical sample,Clinical sample,unkwn,2010,1992–2025,unkwn,Contig,2,974901,1925182,47.5,61.97,19,19,19,2,974901,4.053234,99.33999633789062,0.23999999463558197
14157,VC_1396,GCF_000234455.2,unkwn,unkwn,unkwn,unkwn,unkwn,unkwn,unkwn,unkwn,unkwn,Contig,2,981816,1932740,47.5,62.75,21,21,21,2,981816,4.067936,99.0,0.23999999463558197
14159,VC_1397,GCF_000234865.1,unkwn,unkwn,unkwn,unkwn,unkwn,unkwn,unkwn,unkwn,unkwn,Scaffold,23,50527,1910804,47.5,169.12,202,202,166,21,61772,4.02482,99.62999725341797,0.23999999463558197
14161,VC_1398,GCF_000234885.1,unkwn,unkwn,unkwn,unkwn,unkwn,unkwn,unkwn,unkwn,unkwn,Scaffold,12,114397,1910722,47.5,120.04,104,103,64,5,246367,4.024727,99.62999725341797,0.23999999463558197
14163,VC_1399,GCF_000234905.1,unkwn,unkwn,unkwn,unkwn,unkwn,unkwn,unkwn,unkwn,unkwn,Scaffold,11,129210,1914257,47.5,200.05,114,114,79,5,246378,4.033209,99.62999725341797,0.3799999952316284
14165,VC_1400,GCF_000234925.1,unkwn,unkwn,unkwn,unkwn,unkwn,unkwn,unkwn,unkwn,unkwn,Scaffold,9,157729,1914619,47.5,190.0,123,123,86,5,246519,4.034031,99.62999725341797,0.23999999463558197
14167,VC_1401,GCF_000234945.1,unkwn,unkwn,unkwn,unkwn,unkwn,unkwn,unkwn,unkwn,unkwn,Scaffold,11,126837,1912568,47.5,160.06,133,133,96,5,246348,4.030433,99.33999633789062,0.23999999463558197
14169,VC_1402,GCF_000234965.1,unkwn,unkwn,unkwn,unkwn,unkwn,unkwn,unkwn,unkwn,unkwn,Scaffold,13,97870,1913770,47.5,189.97,133,133,96,6,235785,4.033401,99.58000183105469,0.3799999952316284
14171,VC_1403,GCF_000237405.1,USA,Human hosts,unkwn,unkwn,unkwn,unkwn,2009,1992–2025,O1_unkwn,Contig,6,246298,1906428,47.5,196.0,72,72,72,6,246298,4.01422,99.29000091552734,0.17000000178813934
14183,VC_1404,GCF_000237425.1,USA,Human hosts,unkwn,unkwn,unkwn,unkwn,2009,1992–2025,O1_unkwn,Contig,6,197654,1906435,47.5,221.0,73,73,73,6,197654,4.014382,99.52999877929688,0.23999999463558197
14195,VC_1405,GCF_000237445.1,USA,Human hosts,unkwn,unkwn,unkwn,unkwn,2009,1992–2025,O1_unkwn,Contig,6,205398,1907404,47.5,265.0,73,73,73,6,205398,4.016479,99.52999877929688,0.23999999463558197
14207,VC_1406,GCF_000237465.1,USA,Human hosts,unkwn,unkwn,unkwn,unkwn,2009,1992–2025,O1_unkwn,Contig,7,197640,1905967,47.5,205.0,77,77,77,7,197640,4.013388,99.55999755859375,0.23999999463558197
14219,VC_1407,GCF_000237485.1,USA,Human hosts,unkwn,unkwn,unkwn,unkwn,2009,1992–2025,O1_unkwn,Contig,8,156650,1905592,47.5,210.0,94,94,94,8,156650,4.010678,99.26000213623047,0.23999999463558197
14231,VC_1408,GCF_000237505.1,Cameroon,Human hosts,unkwn,unkwn,unkwn,unkwn,2010,1992–2025,O1_unkwn,Contig,22,56303,1904438,47.5,241.0,159,159,159,22,56303,4.009493,99.31999969482422,0.25
14243,VC_1409,GCF_000237525.1,Haiti,Human hosts,unkwn,unkwn,unkwn,unkwn,2010,1992–2025,O1_unkwn,Contig,8,166332,1903805,47.5,269.0,96,96,96,8,166332,4.00416,99.30999755859375,0.23999999463558197
14255,VC_1410,GCF_000237545.1,Haiti,Human hosts,unkwn,unkwn,unkwn,unkwn,2010,1992–2025,O1_unkwn,Contig,7,168222,1908413,47.5,331.0,75,75,75,7,168222,4.01827,99.62999725341797,0.23999999463558197
14267,VC_1411,GCF_000237565.1,Haiti,Human hosts,unkwn,unkwn,unkwn,unkwn,2010,1992–2025,O1_unkwn,Contig,8,154478,1909062,47.5,365.0,77,77,77,8,154478,4.01965,99.16000366210938,0.23999999463558197
14279,VC_1412,GCF_000237585.1,USA,Human hosts,unkwn,unkwn,unkwn,unkwn,2010,1992–2025,O1_unkwn,Contig,6,205406,1907261,47.5,240.0,75,75,75,6,205406,4.015902,99.52999877929688,0.2800000011920929
14291,VC_1413,GCF_000237605.1,Haiti,Human hosts,unkwn,unkwn,unkwn,unkwn,2010,1992–2025,O1_unkwn,Contig,9,154305,1906321,47.5,280.0,87,87,87,9,154305,4.013698,99.47000122070312,0.23999999463558197
14303,VC_1414,GCF_000237645.1,South Africa,Human hosts,unkwn,unkwn,unkwn,unkwn,2009,1992–2025,O1_unkwn,Contig,7,197656,1908192,47.5,333.0,72,72,72,7,197656,4.018022,99.62999725341797,0.23999999463558197
14315,VC_1415,GCF_000237665.1,Dominican Republic,Human hosts,unkwn,unkwn,unkwn,unkwn,2011,1992–2025,O1_unkwn,Contig,9,134204,1906187,47.5,303.0,95,95,95,9,134204,4.01185,99.52999877929688,0.23999999463558197
14327,VC_1416,GCF_000237685.1,USA,Human hosts,unkwn,unkwn,unkwn,unkwn,2005,1992–2025,O1_unkwn,Contig,8,151423,1905849,47.5,296.0,79,79,79,8,151423,4.012828,99.58000183105469,0.23999999463558197
14339,VC_1417,GCF_000237705.1,USA,Human hosts,unkwn,unkwn,unkwn,unkwn,2006,1992–2025,O1_unkwn,Contig,8,166616,1905403,47.5,353.0,85,85,85,8,166616,4.012129,99.56999969482422,0.23999999463558197
14351,VC_1418,GCF_000237725.1,USA,Human hosts,unkwn,unkwn,unkwn,unkwn,2008,1992–2025,O1_unkwn,Contig,7,185325,1909094,47.5,419.0,80,80,80,7,185325,4.019938,99.62999725341797,0.23999999463558197
14363,VC_1419,GCF_000237765.1,USA,Human hosts,unkwn,unkwn,unkwn,unkwn,2005,1992–2025,O1_unkwn,Contig,7,235589,1893177,47.5,364.0,67,67,67,7,235589,3.975631,99.36000061035156,0.23999999463558197
14375,VC_1420,GCF_000237785.1,Peru,Human hosts,unkwn,unkwn,unkwn,unkwn,1991,1973–1991,O1_unkwn,Contig,9,173705,1898445,47.5,384.0,80,80,80,9,173705,4.001202,99.52999877929688,0.23999999463558197
14387,VC_1421,GCF_000250855.1,Brazil,unkwn,unkwn,unkwn,unkwn,unkwn,unkwn,unkwn,unkwn,Complete Genome,1,3007450,1936287,47.5,unkwn,2,2,2,1,3007450,4.079586,99.62999725341797,0.23999999463558197
14390,VC_1422,GCF_000257415.2,Russia,unkwn,unkwn,Environmental sample,Environmental sample,unkwn,2011,1992–2025,unkwn,Contig,11,132067,1901249,47.5,100.0,163,163,163,11,132067,4.002872,99.55000305175781,0.23999999463558197
14394,VC_1423,GCF_000275645.1,Haiti,Human hosts,unkwn,Clinical sample,Clinical sample,unkwn,2010,1992–2025,unkwn,Complete Genome,1,3041360,1942640,47.5,421.0,2,2,2,1,3041360,4.08902,99.19000244140625,0.23999999463558197
14399,VC_1424,GCF_000279185.1,unkwn,unkwn,unkwn,unkwn,unkwn,unkwn,unkwn,unkwn,unkwn,Scaffold,24,52139,1908465,47.5,86.56,210,210,106,7,197847,4.02478,99.05000305175781,0.5299999713897705
14401,VC_1425,GCF_000279205.1,unkwn,unkwn,unkwn,unkwn,unkwn,unkwn,unkwn,unkwn,unkwn,Scaffold,25,50793,1908769,47.5,160.01,226,226,106,5,246425,4.029365,99.62999725341797,0.4699999988079071
14403,VC_1426,GCF_000279245.1,unkwn,unkwn,unkwn,unkwn,unkwn,unkwn,unkwn,unkwn,unkwn,Contig,3,801314,1937663,47.5,60.0,23,23,23,3,801314,4.085554,99.55000305175781,0.23999999463558197
14405,VC_1427,GCF_000279265.1,unkwn,unkwn,unkwn,unkwn,unkwn,unkwn,unkwn,unkwn,unkwn,Contig,2,1064267,1947366,47.5,45.56,13,13,13,2,1064267,4.09253,99.69999694824219,0.8299999833106995
14407,VC_1428,GCF_000279285.1,unkwn,unkwn,unkwn,unkwn,unkwn,unkwn,unkwn,unkwn,unkwn,Contig,2,1023576,1968334,47.5,40.97,29,29,29,2,1023576,4.125202,99.19999694824219,0.8600000143051147
14409,VC_1429,GCF_000279305.1,unkwn,unkwn,unkwn,unkwn,unkwn,unkwn,unkwn,unkwn,unkwn,Contig,3,804084,1886344,47.5,68.2,17,17,17,3,804084,3.971467,99.5999984741211,0.23999999463558197
14411,VC_1430,GCF_000279325.1,unkwn,unkwn,unkwn,unkwn,unkwn,unkwn,unkwn,unkwn,unkwn,Contig,3,802069,1926951,47.5,40.8,18,18,18,3,802069,4.058268,99.62999725341797,0.23999999463558197
14413,VC_1431,GCF_000279345.1,unkwn,unkwn,unkwn,unkwn,unkwn,unkwn,unkwn,unkwn,unkwn,Contig,2,1004957,1920911,47.5,49.84,20,20,20,2,1004957,4.045377,99.52999877929688,0.23999999463558197
14415,VC_1432,GCF_000279375.1,unkwn,unkwn,unkwn,unkwn,unkwn,unkwn,unkwn,unkwn,unkwn,Scaffold,26,48844,1908134,47.5,130.03,222,222,105,6,199365,4.025386,99.5999984741211,0.44999998807907104
14417,VC_1433,GCF_000279395.1,unkwn,unkwn,unkwn,unkwn,unkwn,unkwn,unkwn,unkwn,unkwn,Contig,3,742904,1944036,47.5,47.5,27,27,27,3,742904,4.09199,99.62999725341797,0.23999999463558197
14419,VC_1434,GCF_000279415.1,Haiti,Human hosts,unkwn,Clinical sample,Clinical sample,unkwn,2010,1992–2025,unkwn,Contig,3,413813,1940121,47.5,52.33,27,27,27,3,413813,4.084542,99.33999633789062,0.23999999463558197
14424,VC_1435,GCF_000279435.1,unkwn,unkwn,unkwn,unkwn,unkwn,unkwn,unkwn,unkwn,unkwn,Contig,2,974466,1877162,47.5,56.59,20,20,20,2,974466,3.931831,99.25,0.33000001311302185
14426,VC_1436,GCF_000279455.1,unkwn,unkwn,unkwn,unkwn,unkwn,unkwn,unkwn,unkwn,unkwn,Contig,3,744455,1957458,47.5,84.48,25,25,25,3,744455,4.120976,99.62999725341797,0.23999999463558197
14428,VC_1437,GCF_000279555.1,unkwn,unkwn,unkwn,unkwn,unkwn,unkwn,unkwn,unkwn,unkwn,Scaffold,22,57924,1899241,47.5,90.0,235,235,116,6,259050,4.010577,99.62999725341797,0.2800000011920929
14430,VC_1438,GCF_000279785.1,unkwn,unkwn,unkwn,unkwn,unkwn,unkwn,unkwn,unkwn,unkwn,Scaffold,15,72127,1914646,47.5,139.99,203,203,123,7,200910,4.039784,99.04000091552734,0.4000000059604645
14432,VC_1439,GCF_000279955.1,unkwn,unkwn,unkwn,unkwn,unkwn,unkwn,unkwn,unkwn,unkwn,Scaffold,29,37804,1909753,47.5,200.0,232,232,110,6,246431,4.031718,99.4800033569336,0.25999999046325684
14434,VC_1440,GCF_000281655.1,unkwn,unkwn,unkwn,unkwn,unkwn,unkwn,unkwn,unkwn,unkwn,Contig,3,786728,1942636,47.5,42.85,25,25,25,3,786728,4.093497,99.61000061035156,0.23999999463558197
14438,VC_1441,GCF_000302775.1,unkwn,unkwn,unkwn,unkwn,unkwn,unkwn,unkwn,unkwn,unkwn,Scaffold,23,55548,1907544,47.5,99.0,203,203,106,6,199406,4.02243,99.58000183105469,0.3199999928474426
14444,VC_1442,GCF_000302875.1,unkwn,unkwn,unkwn,unkwn,unkwn,unkwn,unkwn,unkwn,unkwn,Scaffold,23,51745,1875043,48.0,170.0,243,243,129,7,179700,3.93213,98.86000061035156,0.5899999737739563
14446,VC_1443,GCF_000302895.1,unkwn,unkwn,unkwn,unkwn,unkwn,unkwn,unkwn,unkwn,unkwn,Scaffold,22,61331,1876718,48.0,100.05,217,217,123,7,177358,3.934171,98.93000030517578,0.550000011920929
14448,VC_1444,GCF_000302965.1,unkwn,unkwn,unkwn,unkwn,unkwn,unkwn,unkwn,unkwn,unkwn,Scaffold,22,60567,1865548,47.5,110.3,175,175,78,7,174609,3.92257,98.76000213623047,0.5799999833106995
14450,VC_1445,GCF_000302985.1,unkwn,unkwn,unkwn,unkwn,unkwn,unkwn,unkwn,unkwn,unkwn,Scaffold,27,47614,1912033,47.5,109.0,226,226,105,7,197795,4.033944,98.61000061035156,0.2800000011920929
14452,VC_1446,GCF_000303005.1,unkwn,unkwn,unkwn,unkwn,unkwn,unkwn,unkwn,unkwn,unkwn,Scaffold,25,56250,1876495,48.0,119.99,237,237,125,7,151376,3.934427,98.93000030517578,0.5899999737739563
14454,VC_1447,GCF_000303045.1,unkwn,unkwn,unkwn,unkwn,unkwn,unkwn,unkwn,unkwn,unkwn,Scaffold,25,54916,1898853,47.5,100.02,247,247,135,6,238877,4.010199,99.04000091552734,0.5
14458,VC_1448,GCF_000303105.1,unkwn,unkwn,unkwn,unkwn,unkwn,unkwn,unkwn,unkwn,unkwn,Scaffold,29,43377,1873961,48.0,160.0,249,249,140,9,150202,3.929843,98.9800033569336,0.5099999904632568
14460,VC_1449,GCF_000303125.1,unkwn,unkwn,unkwn,unkwn,unkwn,unkwn,unkwn,unkwn,unkwn,Scaffold,23,54696,1909287,47.5,140.14,209,209,98,5,236011,4.028931,99.30999755859375,0.25999999046325684
14462,VC_1450,GCF_000304755.1,Mexico,Human hosts,unkwn,Clinical sample,Clinical sample,unkwn,2000,1992–2025,unkwn,Contig,3,522158,1892765,47.5,47.29,33,33,33,3,522158,3.988132,99.55999755859375,0.3799999952316284
14467,VC_1451,GCF_000304775.1,unkwn,unkwn,unkwn,unkwn,unkwn,unkwn,unkwn,unkwn,unkwn,Contig,2,971997,1895557,48.0,66.84,19,19,19,2,971997,3.965428,99.08000183105469,0.4099999964237213
14469,VC_1452,GCF_000304795.1,unkwn,unkwn,unkwn,unkwn,unkwn,unkwn,unkwn,unkwn,unkwn,Contig,3,643239,1913266,48.0,60.28,24,24,24,3,643239,4.000124,99.04000091552734,0.4099999964237213
14475,VC_1453,GCF_000304955.2,Haiti,Human hosts,unkwn,Clinical sample,Clinical sample,unkwn,2010,1992–2025,unkwn,Scaffold,12,109286,1852028,47.5,198.03,142,142,121,7,177835,3.883402,99.38999938964844,0.3499999940395355
14482,VC_1454,GCF_000305015.2,unkwn,unkwn,unkwn,unkwn,unkwn,unkwn,unkwn,unkwn,unkwn,Scaffold,10,116674,1882094,48.0,199.99,142,142,125,7,179522,3.940186,99.08000183105469,0.4099999964237213
14484,VC_1455,GCF_000305055.2,unkwn,unkwn,unkwn,unkwn,unkwn,unkwn,unkwn,unkwn,unkwn,Scaffold,8,150885,1881327,48.0,180.05,139,139,132,8,153883,3.938002,99.08000183105469,0.4099999964237213
14486,VC_1456,GCF_000305075.2,unkwn,unkwn,unkwn,unkwn,unkwn,unkwn,unkwn,unkwn,unkwn,Scaffold,9,155020,1914878,47.5,179.96,126,126,105,6,197804,4.03288,99.62999725341797,0.23999999463558197
14488,VC_1457,GCF_000305095.2,unkwn,unkwn,unkwn,unkwn,unkwn,unkwn,unkwn,unkwn,unkwn,Scaffold,8,168949,1917285,47.5,199.91,134,134,112,7,198569,4.040127,99.62999725341797,0.30000001192092896
14490,VC_1458,GCF_000305115.2,unkwn,unkwn,unkwn,unkwn,unkwn,unkwn,unkwn,unkwn,unkwn,Scaffold,14,101657,1848057,47.5,129.93,122,122,102,9,142254,3.875898,98.81999969482422,0.4000000059604645
14492,VC_1459,GCF_000305135.2,unkwn,unkwn,unkwn,unkwn,unkwn,unkwn,unkwn,unkwn,unkwn,Scaffold,14,109742,1847406,47.5,130.0,120,120,100,9,144397,3.874516,98.81999969482422,0.5400000214576721
14494,VC_1460,GCF_000305195.2,unkwn,unkwn,unkwn,unkwn,unkwn,unkwn,unkwn,unkwn,unkwn,Scaffold,18,87933,1879353,48.0,180.08,160,160,114,12,107228,3.934654,99.08000183105469,0.4099999964237213
14496,VC_1461,GCF_000305525.2,unkwn,unkwn,unkwn,unkwn,unkwn,unkwn,unkwn,unkwn,unkwn,Scaffold,11,111920,1879791,48.0,180.0,154,154,121,7,179621,3.935576,99.01000213623047,0.4099999964237213
14498,VC_1462,GCF_000305545.2,unkwn,unkwn,unkwn,unkwn,unkwn,unkwn,unkwn,unkwn,unkwn,Scaffold,11,117418,1879457,48.0,190.0,143,143,107,6,233279,3.934504,99.08000183105469,0.4099999964237213
14500,VC_1463,GCF_000305565.2,unkwn,unkwn,unkwn,unkwn,unkwn,unkwn,unkwn,unkwn,unkwn,Scaffold,13,126481,1848673,47.5,150.0,135,135,90,6,282013,3.876537,99.38999938964844,0.33000001311302185
14502,VC_1464,GCF_000305585.2,unkwn,unkwn,unkwn,unkwn,unkwn,unkwn,unkwn,unkwn,unkwn,Scaffold,10,134199,1912909,47.5,150.0,136,136,97,6,202553,4.02955,99.62999725341797,0.23999999463558197
14504,VC_1465,GCF_000305605.1,unkwn,unkwn,unkwn,unkwn,unkwn,unkwn,unkwn,unkwn,unkwn,Contig,2,928271,1881491,47.5,30.0,24,24,24,2,928271,3.941918,99.38999938964844,0.33000001311302185
14506,VC_1466,GCF_000305625.2,unkwn,unkwn,unkwn,unkwn,unkwn,unkwn,unkwn,unkwn,unkwn,Scaffold,11,129148,1911783,47.5,200.0,123,123,71,6,227925,4.028528,99.62999725341797,0.23999999463558197
14508,VC_1467,GCF_000305645.2,unkwn,unkwn,unkwn,unkwn,unkwn,unkwn,unkwn,unkwn,unkwn,Scaffold,14,84886,1878994,48.0,100.0,147,147,109,6,185467,3.934012,99.08000183105469,0.4099999964237213
14510,VC_1468,GCF_000305675.2,unkwn,unkwn,unkwn,unkwn,unkwn,unkwn,unkwn,unkwn,unkwn,Scaffold,9,168043,1910084,47.5,120.0,135,135,94,6,199340,4.023476,99.62999725341797,0.23999999463558197
14512,VC_1469,GCF_000305695.2,unkwn,unkwn,unkwn,unkwn,unkwn,unkwn,unkwn,unkwn,unkwn,Scaffold,9,155527,1910585,47.5,170.0,124,124,93,6,204737,4.024183,99.62999725341797,0.23999999463558197
14514,VC_1470,GCF_000318485.2,Haiti,Human hosts,unkwn,Clinical sample,Clinical sample,unkwn,2010,1992–2025,unkwn,Contig,2,1027182,1935397,47.5,61.0,12,12,12,2,1027182,4.07492,99.62999725341797,0.23999999463558197
14519,VC_1471,GCF_000318505.2,Haiti,Human hosts,unkwn,Clinical sample,Clinical sample,unkwn,2010,1992–2025,unkwn,Contig,3,809317,1940073,47.5,60.0,16,16,16,3,809317,4.08402,99.62999725341797,0.23999999463558197
14524,VC_1472,GCF_000327105.3,unkwn,unkwn,unkwn,unkwn,unkwn,unkwn,unkwn,unkwn,unkwn,Scaffold,10,129127,1914000,47.5,179.0,123,123,93,6,197800,4.032042,99.62999725341797,0.23999999463558197
14526,VC_1473,GCF_000327125.3,unkwn,unkwn,unkwn,unkwn,unkwn,unkwn,unkwn,unkwn,unkwn,Scaffold,10,122684,1912056,47.5,189.0,130,130,96,7,197804,4.028731,99.62999725341797,0.23999999463558197
14528,VC_1474,GCF_000327145.3,unkwn,unkwn,unkwn,unkwn,unkwn,unkwn,unkwn,unkwn,unkwn,Scaffold,9,151563,1911290,47.5,189.0,122,122,95,6,235767,4.026751,99.62999725341797,0.23999999463558197
14530,VC_1475,GCF_000327165.3,unkwn,unkwn,unkwn,unkwn,unkwn,unkwn,unkwn,unkwn,unkwn,Scaffold,10,125886,1911296,47.5,120.0,124,124,90,6,199334,4.026495,99.62999725341797,0.23999999463558197
14532,VC_1476,GCF_000327185.3,unkwn,unkwn,unkwn,unkwn,unkwn,unkwn,unkwn,unkwn,unkwn,Scaffold,9,126842,1912039,47.5,159.0,119,119,91,5,246290,4.028948,99.62999725341797,0.23999999463558197
14534,VC_1477,GCF_000327205.3,unkwn,unkwn,unkwn,unkwn,unkwn,unkwn,unkwn,unkwn,unkwn,Scaffold,11,122894,1912262,47.5,170.0,125,125,94,8,168955,4.028422,99.62999725341797,0.23999999463558197
14536,VC_1478,GCF_000327225.3,unkwn,unkwn,unkwn,unkwn,unkwn,unkwn,unkwn,unkwn,unkwn,Scaffold,13,102945,1880673,48.0,150.0,172,172,133,10,124965,3.937766,99.08000183105469,0.4099999964237213
14538,VC_1479,GCF_000327245.3,unkwn,unkwn,unkwn,unkwn,unkwn,unkwn,unkwn,unkwn,unkwn,Scaffold,14,97791,1913638,47.5,156.0,150,150,115,10,134207,4.032382,99.62999725341797,0.23999999463558197
14540,VC_1480,GCF_000330905.1,Bangladesh,Human hosts,unkwn,Clinical sample,Clinical sample,unkwn,1993,1992–2025,unkwn,Contig,4,380037,1921526,47.5,900.0,40,40,40,4,380037,4.039222,99.30999755859375,0.23999999463558197
14545,VC_1481,GCF_000338075.1,South Africa,Human hosts,unkwn,Clinical sample,Clinical sample,unkwn,2001,1992–2025,unkwn,Chromosome,4,378235,1995556,47.5,11.0,21,21,2,1,3141054,4.202811,99.4800033569336,2.5199999809265137
14550,VC_1482,GCF_000348045.2,unkwn,unkwn,unkwn,unkwn,unkwn,unkwn,unkwn,unkwn,unkwn,Scaffold,8,168086,1905168,47.5,180.0,122,122,92,5,246318,4.017055,99.27999877929688,0.23999999463558197
14552,VC_1483,GCF_000348065.2,unkwn,unkwn,unkwn,unkwn,unkwn,unkwn,unkwn,unkwn,unkwn,Scaffold,16,97347,1891429,47.5,170.0,164,164,144,14,110671,3.970379,99.13999938964844,0.5799999833106995
14554,VC_1484,GCF_000348105.2,unkwn,unkwn,unkwn,unkwn,unkwn,unkwn,unkwn,unkwn,unkwn,Scaffold,10,142235,1913550,47.5,170.0,131,131,103,7,234281,4.030154,99.1500015258789,0.25999999046325684
14556,VC_1485,GCF_000348125.2,unkwn,unkwn,unkwn,unkwn,unkwn,unkwn,unkwn,unkwn,unkwn,Scaffold,8,198619,1858124,47.5,200.0,115,115,95,5,246318,3.915123,97.62000274658203,0.23000000417232513
14558,VC_1486,GCF_000348145.2,unkwn,unkwn,unkwn,unkwn,unkwn,unkwn,unkwn,unkwn,unkwn,Scaffold,7,199370,1888067,47.5,200.0,121,121,103,4,355540,3.977194,99.33999633789062,0.23999999463558197
14560,VC_1487,GCF_000348165.2,unkwn,unkwn,unkwn,unkwn,unkwn,unkwn,unkwn,unkwn,unkwn,Scaffold,8,198589,1912634,47.5,190.0,105,105,87,6,235735,4.028271,99.62999725341797,0.23999999463558197
14562,VC_1488,GCF_000348185.2,unkwn,unkwn,unkwn,unkwn,unkwn,unkwn,unkwn,unkwn,unkwn,Scaffold,9,152247,1914001,47.5,170.0,117,117,96,6,199380,4.031923,99.62999725341797,0.23999999463558197
14564,VC_1489,GCF_000348205.2,unkwn,unkwn,unkwn,unkwn,unkwn,unkwn,unkwn,unkwn,unkwn,Scaffold,9,163298,1912469,47.5,190.0,115,115,94,7,199349,4.027674,99.62999725341797,0.23999999463558197
14566,VC_1490,GCF_000348225.2,unkwn,unkwn,unkwn,unkwn,unkwn,unkwn,unkwn,unkwn,unkwn,Scaffold,10,168086,1927463,47.5,170.0,126,126,99,5,246316,4.069374,99.61000061035156,0.23999999463558197
14568,VC_1491,GCF_000348245.2,unkwn,unkwn,unkwn,unkwn,unkwn,unkwn,unkwn,unkwn,unkwn,Scaffold,9,168078,1912654,47.5,190.0,111,111,85,6,235767,4.028191,99.62999725341797,0.23999999463558197
14570,VC_1492,GCF_000348265.2,unkwn,unkwn,unkwn,unkwn,unkwn,unkwn,unkwn,unkwn,unkwn,Scaffold,10,128769,1921763,47.5,160.0,131,131,106,6,178274,4.050458,99.52999877929688,0.23999999463558197
14572,VC_1493,GCF_000348285.2,unkwn,unkwn,unkwn,unkwn,unkwn,unkwn,unkwn,unkwn,unkwn,Scaffold,11,123227,1922953,47.5,200.0,122,122,100,6,246323,4.053577,99.52999877929688,0.23999999463558197
14574,VC_1494,GCF_000348305.2,unkwn,unkwn,unkwn,unkwn,unkwn,unkwn,unkwn,unkwn,unkwn,Scaffold,7,198593,1928999,47.5,200.0,112,112,90,6,235739,4.061605,99.62999725341797,0.23999999463558197
14576,VC_1495,GCF_000348325.2,unkwn,unkwn,unkwn,unkwn,unkwn,unkwn,unkwn,unkwn,unkwn,Scaffold,9,139982,1922900,47.5,130.0,115,115,93,5,246314,4.052965,99.44999694824219,0.2800000011920929
14578,VC_1496,GCF_000348345.2,unkwn,unkwn,unkwn,unkwn,unkwn,unkwn,unkwn,unkwn,unkwn,Scaffold,5,258313,1902329,47.5,200.0,110,110,85,3,530794,4.007225,99.54000091552734,0.3400000035762787
14580,VC_1497,GCF_000348365.1,unkwn,unkwn,unkwn,unkwn,unkwn,unkwn,unkwn,unkwn,unkwn,Scaffold,7,197819,1926542,47.5,150.0,126,126,109,5,246243,4.067194,99.61000061035156,0.23999999463558197
14582,VC_1498,GCF_000348385.2,unkwn,unkwn,unkwn,unkwn,unkwn,unkwn,unkwn,unkwn,unkwn,Scaffold,8,150982,1914355,47.5,200.0,108,108,86,6,218209,4.031643,99.62999725341797,0.23999999463558197
14584,VC_1499,GCF_000348405.2,unkwn,unkwn,unkwn,unkwn,unkwn,unkwn,unkwn,unkwn,unkwn,Scaffold,8,198593,1912391,47.5,180.0,114,114,86,6,235739,4.028239,99.62999725341797,0.23999999463558197
14586,VC_1500,GCF_000348425.2,unkwn,unkwn,unkwn,unkwn,unkwn,unkwn,unkwn,unkwn,unkwn,Scaffold,8,186024,1887966,47.5,170.0,116,116,81,5,267934,3.971576,99.37000274658203,0.8899999856948853
14588,VC_1501,GCF_000348445.2,unkwn,unkwn,unkwn,unkwn,unkwn,unkwn,unkwn,unkwn,unkwn,Scaffold,8,198593,1912739,47.5,180.0,117,117,92,6,227849,4.028811,99.62999725341797,0.23999999463558197
14590,VC_1502,GCF_000348465.2,unkwn,unkwn,unkwn,unkwn,unkwn,unkwn,unkwn,unkwn,unkwn,Scaffold,8,168070,1912653,47.5,200.0,107,107,80,6,235753,4.031227,99.51000213623047,0.23000000417232513
14592,VC_1503,GCF_000348485.2,unkwn,unkwn,unkwn,unkwn,unkwn,unkwn,unkwn,unkwn,unkwn,Scaffold,8,168071,1918964,47.5,160.0,123,123,100,6,235740,4.04242,99.62999725341797,0.23999999463558197
14594,VC_1504,GCF_000348505.2,unkwn,unkwn,unkwn,unkwn,unkwn,unkwn,unkwn,unkwn,unkwn,Scaffold,10,130800,1914034,47.5,200.0,114,114,86,5,299384,4.031594,99.62999725341797,0.23999999463558197
14596,VC_1505,GCF_000387585.1,USA,unkwn,unkwn,unkwn,unkwn,unkwn,2010,1992–2025,unkwn,Contig,18,72006,1862202,47.5,240.0,184,184,184,18,72006,3.925419,99.12999725341797,1.159999966621399
14600,VC_1506,GCF_000387605.1,USA,unkwn,unkwn,unkwn,unkwn,unkwn,2010,1992–2025,unkwn,Contig,18,72006,1862801,47.5,291.0,183,183,183,18,72006,3.927074,98.98999786376953,1.159999966621399
14604,VC_1507,GCF_000387625.1,USA,unkwn,unkwn,unkwn,unkwn,unkwn,2010,1992–2025,unkwn,Contig,22,63848,1863114,47.5,258.0,199,199,199,22,63848,3.927492,99.12999725341797,1.159999966621399
14608,VC_1508,GCF_000387645.1,USA,unkwn,unkwn,unkwn,unkwn,unkwn,2010,1992–2025,unkwn,Contig,19,68846,1863103,47.5,295.0,193,193,193,19,68846,3.927706,99.12999725341797,1.159999966621399
14612,VC_1509,GCF_000387665.1,USA,unkwn,unkwn,unkwn,unkwn,unkwn,2010,1992–2025,unkwn,Contig,18,72006,1862279,47.5,251.0,186,186,186,18,72006,3.925787,99.12999725341797,1.159999966621399
14616,VC_1510,GCF_000387685.1,USA,unkwn,unkwn,unkwn,unkwn,unkwn,2010,1992–2025,unkwn,Contig,22,54555,1862205,47.5,196.0,199,199,199,22,54555,3.925539,99.12999725341797,1.0399999618530273
14620,VC_1511,GCF_000387705.1,USA,unkwn,unkwn,unkwn,unkwn,unkwn,2010,1992–2025,unkwn,Contig,19,65172,1862085,47.5,348.0,183,183,183,19,65172,3.925548,99.12999725341797,1.159999966621399
14624,VC_1512,GCF_000387725.1,USA,unkwn,unkwn,unkwn,unkwn,unkwn,2010,1992–2025,unkwn,Scaffold,19,65170,1865091,47.5,286.0,207,217,207,19,65170,3.932707,99.12999725341797,1.159999966621399
14628,VC_1513,GCF_000474965.1,unkwn,Human hosts,unkwn,Clinical sample,Clinical sample,unkwn,2010,1992–2025,unkwn,Contig,3,737755,1892605,48.0,68.48,17,17,17,3,737755,3.959428,99.08000183105469,0.4099999964237213
14632,VC_1514,GCF_000487955.1,unkwn,unkwn,unkwn,unkwn,unkwn,unkwn,unkwn,unkwn,unkwn,Scaffold,4,313009,1986170,47.5,280.0,60,60,51,4,442144,4.165066,99.33999633789062,0.6700000166893005
14633,VC_1515,GCF_000500675.1,Russia,Human hosts,unkwn,Clinical sample,Clinical sample,unkwn,2010,1992–2025,unkwn,Contig,14,97170,1900597,47.5,113.0,203,203,203,14,97170,4.001659,99.5,0.23999999463558197
14639,VC_1516,GCF_000500695.1,Russia,Human hosts,unkwn,Clinical sample,Clinical sample,unkwn,2006,1992–2025,unkwn,Contig,12,122013,1895757,47.5,128.0,164,164,164,12,122013,3.991231,99.51000213623047,0.23999999463558197
14645,VC_1517,GCF_000500715.1,Russia,Human hosts,unkwn,Clinical sample,Clinical sample,unkwn,2012,1992–2025,unkwn,Contig,13,100042,1900353,47.5,136.0,178,178,178,13,100042,4.000976,99.62999725341797,0.23999999463558197
14651,VC_1518,GCF_000500735.1,Russia,Human hosts,unkwn,Clinical sample,Clinical sample,unkwn,2005,1992–2025,unkwn,Contig,15,93381,1917884,47.5,109.0,246,246,246,15,93381,4.036141,99.55999755859375,0.23999999463558197
14657,VC_1519,GCF_000518145.1,unkwn,unkwn,unkwn,unkwn,unkwn,unkwn,unkwn,unkwn,unkwn,Scaffold,9,124945,1865860,47.5,unkwn,67,69,61,8,148001,3.929281,96.26000213623047,2.2300000190734863
14697,VC_1520,GCF_000569115.2,unkwn,unkwn,unkwn,unkwn,unkwn,unkwn,unkwn,unkwn,unkwn,Scaffold,9,128830,1924030,47.5,120.0,121,121,105,5,246357,4.055383,98.95999908447266,0.23999999463558197
14699,VC_1521,GCF_000621645.1,unkwn,unkwn,unkwn,unkwn,unkwn,unkwn,unkwn,unkwn,unkwn,Scaffold,8,168747,1910264,47.5,unkwn,68,70,62,7,208622,4.024517,99.2699966430664,0.23999999463558197
14725,VC_1522,GCF_000710155.1,Haiti,unkwn,unkwn,Environmental sample,Environmental sample,unkwn,2012,1992–2025,non_O1,Contig,4,363340,1890173,47.5,114.0,68,68,68,4,363340,3.982946,99.29000091552734,0.3400000035762787
14737,VC_1523,GCF_000710445.1,Russia,Human hosts,cholera,Clinical sample,Clinical sample,55.45 N 37.36 E,2010,1992–2025,unkwn,Contig,18,75828,1899426,47.5,89.0,234,234,234,18,75828,3.9995,99.1500015258789,0.5600000023841858
14753,VC_1524,GCF_000710455.1,Russia,Human hosts,cholera,Clinical sample,Clinical sample,55.45 N 37.36 E,2010,1992–2025,unkwn,Contig,14,97167,1902263,47.5,118.0,179,179,179,14,97167,4.00548,99.62999725341797,0.23999999463558197
14769,VC_1525,GCF_000754625.1,Pakistan,Human hosts,cholera,Clinical sample,Clinical sample,unkwn,1966,1961–1972,O1_Ogawa,Contig,9,144503,1906993,47.5,107.4,108,108,108,9,144503,4.01406,95.87000274658203,0.23999999463558197
14779,VC_1526,GCF_000829215.1,unkwn,unkwn,unkwn,unkwn,unkwn,unkwn,unkwn,unkwn,unkwn,Complete Genome,1,2936971,1914278,47.5,24.5,2,2,2,1,2936971,4.030944,99.29000091552734,0.36000001430511475
14781,VC_1527,GCF_000963555.1,China,Human hosts,cholera,unkwn,unkwn,unkwn,2005,1992–2025,unkwn,Complete Genome,1,3045476,1944187,47.5,10.0,2,2,2,1,3045476,4.091935,97.44000244140625,0.23999999463558197
14790,VC_1528,GCF_001186485.1,Bangladesh,unkwn,unkwn,Environmental sample,Environmental sample,unkwn,2011,1992–2025,O1_Ogawa,Contig,5,299407,1925728,47.5,100.0,83,83,83,5,299407,4.058026,99.41000366210938,0.23999999463558197
14800,VC_1529,GCF_001186495.1,Bangladesh,Human hosts,diseased,Clinical sample,Clinical sample,unkwn,2011,1992–2025,O1_Ogawa,Contig,7,215324,1915280,47.5,100.0,128,128,128,7,215324,4.032908,99.5199966430664,0.23999999463558197
14810,VC_1530,GCF_001186505.1,Bangladesh,unkwn,unkwn,Environmental sample,Environmental sample,unkwn,2011,1992–2025,O1_Ogawa,Contig,5,299304,1923860,47.5,100.0,68,68,68,5,299304,4.052192,99.62999725341797,0.23999999463558197
14820,VC_1531,GCF_001186515.1,Bangladesh,unkwn,unkwn,Environmental sample,Environmental sample,unkwn,2010,1992–2025,O1_Ogawa,Contig,12,132206,1928553,47.5,100.0,98,98,98,12,132206,4.064052,99.1500015258789,0.23999999463558197
14830,VC_1532,GCF_001186565.1,Bangladesh,unkwn,unkwn,Environmental sample,Environmental sample,unkwn,2011,1992–2025,O1_Ogawa,Contig,9,136261,1924506,47.5,100.0,131,131,131,9,136261,4.054925,99.51000213623047,0.23999999463558197
14840,VC_1533,GCF_001186575.1,Bangladesh,unkwn,unkwn,Environmental sample,Environmental sample,unkwn,2011,1992–2025,O1_Ogawa,Contig,6,235752,1924386,47.5,100.0,85,85,85,6,235752,4.053299,99.62999725341797,0.23999999463558197
14850,VC_1534,GCF_001186585.1,Bangladesh,unkwn,unkwn,Environmental sample,Environmental sample,unkwn,2011,1992–2025,O1_Ogawa,Contig,8,180390,1881204,47.5,100.0,95,95,95,8,180390,3.961642,99.52999877929688,0.23999999463558197
14860,VC_1535,GCF_001186595.1,Bangladesh,unkwn,unkwn,Environmental sample,Environmental sample,unkwn,2011,1992–2025,O1_Ogawa,Contig,6,222661,1924996,47.5,100.0,78,78,78,6,222661,4.056072,99.52999877929688,0.23999999463558197
14870,VC_1536,GCF_001186645.1,Bangladesh,unkwn,unkwn,Environmental sample,Environmental sample,unkwn,2011,1992–2025,O1_Ogawa,Contig,9,158348,1878116,47.5,100.0,88,88,88,9,158348,3.944903,99.27999877929688,0.23999999463558197
14880,VC_1537,GCF_001186655.1,Bangladesh,Human hosts,diseased,Clinical sample,Clinical sample,unkwn,2010,1992–2025,O1_Ogawa,Contig,5,299303,1916302,47.5,100.0,87,87,87,5,299303,4.034922,99.62999725341797,0.23999999463558197
14890,VC_1538,GCF_001186665.1,Bangladesh,Human hosts,diseased,Clinical sample,Clinical sample,unkwn,2010,1992–2025,O1_Ogawa,Contig,7,246521,1918645,47.5,100.0,131,131,131,7,246521,4.039258,99.51000213623047,0.23999999463558197
14900,VC_1539,GCF_001186675.1,Bangladesh,Human hosts,diseased,Clinical sample,Clinical sample,unkwn,2010,1992–2025,O1_Ogawa,Contig,9,170363,1919388,47.5,100.0,113,113,113,9,170363,4.041973,99.62999725341797,0.23999999463558197
14910,VC_1540,GCF_001186725.1,Bangladesh,Human hosts,diseased,Clinical sample,Clinical sample,unkwn,2010,1992–2025,O1_Ogawa,Contig,7,174695,1920417,47.5,100.0,101,101,101,7,174695,4.044257,99.62999725341797,0.23999999463558197
14920,VC_1541,GCF_001186735.1,Bangladesh,Human hosts,diseased,Clinical sample,Clinical sample,unkwn,2010,1992–2025,O1_Ogawa,Contig,6,246653,1918662,47.5,100.0,101,101,101,6,246653,4.040251,99.62000274658203,0.23999999463558197
14930,VC_1542,GCF_001186755.1,Bangladesh,Human hosts,diseased,Clinical sample,Clinical sample,unkwn,2010,1992–2025,O1_Ogawa,Contig,26,46861,1902658,47.5,100.0,249,249,249,26,46861,4.006456,99.62999725341797,0.27000001072883606
14940,VC_1543,GCF_001186785.1,Bangladesh,Human hosts,diseased,Clinical sample,Clinical sample,unkwn,2010,1992–2025,O1_Ogawa,Contig,7,235769,1930086,47.5,100.0,102,102,102,7,235769,4.063046,99.0999984741211,0.23999999463558197
14950,VC_1544,GCF_001186805.1,Bangladesh,Human hosts,diseased,Clinical sample,Clinical sample,unkwn,2011,1992–2025,O1_Ogawa,Contig,5,299295,1916858,47.5,100.0,91,91,91,5,299295,4.036135,99.62999725341797,0.23999999463558197
14960,VC_1545,GCF_001186825.1,Bangladesh,Human hosts,diseased,Clinical sample,Clinical sample,unkwn,2010,1992–2025,O1_Ogawa,Contig,8,180276,1925858,47.5,100.0,129,129,129,8,180276,4.058157,99.44000244140625,0.23999999463558197
14970,VC_1546,GCF_001186835.1,Bangladesh,Human hosts,diseased,Clinical sample,Clinical sample,unkwn,2011,1992–2025,O1_Ogawa,Contig,5,299299,1915110,47.5,100.0,87,87,87,5,299299,4.032941,98.9800033569336,0.23999999463558197
14980,VC_1547,GCF_001186855.1,Bangladesh,Human hosts,diseased,Clinical sample,Clinical sample,unkwn,2011,1992–2025,O1_Ogawa,Contig,5,299386,1925742,47.5,100.0,89,89,89,5,299386,4.058043,99.44999694824219,0.23999999463558197
14990,VC_1548,GCF_001186885.1,Bangladesh,Human hosts,diseased,Clinical sample,Clinical sample,unkwn,2011,1992–2025,O1_Ogawa,Contig,7,222040,1928688,47.5,100.0,152,152,152,7,222040,4.065293,99.52999877929688,0.23999999463558197
15000,VC_1549,GCF_001186905.1,Bangladesh,Human hosts,diseased,Clinical sample,Clinical sample,unkwn,2011,1992–2025,O1_Ogawa,Contig,7,215448,1923144,47.5,100.0,87,87,87,7,215448,4.051907,99.5,0.23999999463558197
15010,VC_1550,GCF_001186915.1,Bangladesh,Human hosts,diseased,Clinical sample,Clinical sample,unkwn,2011,1992–2025,O1_Ogawa,Contig,7,170633,1926454,47.5,100.0,87,87,87,7,170633,4.058997,99.48999786376953,0.23999999463558197
15020,VC_1551,GCF_001186925.1,Bangladesh,Human hosts,diseased,Clinical sample,Clinical sample,unkwn,2011,1992–2025,O1_Ogawa,Contig,9,147612,1924926,47.5,100.0,142,142,142,9,147612,4.056172,99.44000244140625,0.23999999463558197
15030,VC_1552,GCF_001186965.1,Bangladesh,Human hosts,diseased,Clinical sample,Clinical sample,unkwn,2011,1992–2025,O1_Ogawa,Contig,7,170452,1924493,47.5,100.0,88,88,88,7,170452,4.054882,99.25,0.23999999463558197
15040,VC_1553,GCF_001186985.1,Bangladesh,Human hosts,diseased,Clinical sample,Clinical sample,unkwn,2011,1992–2025,O1_Ogawa,Contig,14,111073,2005524,47.0,100.0,212,212,212,14,111073,4.270351,99.52999877929688,0.7599999904632568
15050,VC_1554,GCF_001186995.1,Bangladesh,Human hosts,diseased,Clinical sample,Clinical sample,unkwn,2011,1992–2025,O1_Ogawa,Contig,8,170469,1926107,47.5,100.0,86,86,86,8,170469,4.058323,99.52999877929688,0.23999999463558197
15060,VC_1555,GCF_001187015.1,Bangladesh,Human hosts,diseased,Clinical sample,Clinical sample,unkwn,2011,1992–2025,O1_Ogawa,Contig,7,235721,1915162,47.5,100.0,122,122,122,7,235721,4.031872,99.47000122070312,0.23999999463558197
15070,VC_1556,GCF_001187025.1,Bangladesh,Human hosts,diseased,Clinical sample,Clinical sample,unkwn,2011,1992–2025,O1_Ogawa,Contig,8,170443,1923843,47.5,100.0,95,95,95,8,170443,4.053555,99.52999877929688,0.23999999463558197
15080,VC_1557,GCF_001187065.1,Bangladesh,Human hosts,diseased,Clinical sample,Clinical sample,unkwn,2011,1992–2025,O1_Ogawa,Contig,7,180442,1942209,47.5,100.0,84,84,84,7,180442,4.091543,99.44000244140625,0.23999999463558197
15090,VC_1558,GCF_001187085.1,Bangladesh,Human hosts,diseased,Clinical sample,Clinical sample,unkwn,2011,1992–2025,O1_Ogawa,Contig,7,235697,1924417,47.5,100.0,172,172,172,7,235697,4.054814,99.62000274658203,0.23999999463558197
15100,VC_1559,GCF_001187095.1,Bangladesh,Human hosts,diseased,Clinical sample,Clinical sample,unkwn,2011,1992–2025,O1_Ogawa,Contig,6,235757,1917157,47.5,100.0,98,98,98,6,235757,4.036868,99.62000274658203,0.23999999463558197
15110,VC_1560,GCF_001187105.1,Bangladesh,Human hosts,diseased,Clinical sample,Clinical sample,unkwn,2011,1992–2025,O1_Ogawa,Contig,7,180446,1924925,47.5,100.0,78,78,78,7,180446,4.056015,99.52999877929688,0.23999999463558197
15120,VC_1561,GCF_001187145.1,Bangladesh,Human hosts,diseased,Clinical sample,Clinical sample,unkwn,2011,1992–2025,O1_Ogawa,Contig,8,199465,1919120,47.5,100.0,112,112,112,8,199465,4.041405,99.62999725341797,0.23999999463558197
15130,VC_1562,GCF_001187165.1,Bangladesh,Human hosts,diseased,Clinical sample,Clinical sample,unkwn,2011,1992–2025,O1_Ogawa,Contig,5,246633,1917340,47.5,100.0,79,79,79,5,246633,4.037409,99.62999725341797,0.23999999463558197
15140,VC_1563,GCF_001187175.1,Bangladesh,Human hosts,diseased,Clinical sample,Clinical sample,unkwn,2011,1992–2025,O1_Ogawa,Contig,8,170443,1878666,47.5,100.0,108,108,108,8,170443,3.956153,99.52999877929688,0.23999999463558197
15150,VC_1564,GCF_001187185.1,Bangladesh,Human hosts,diseased,Clinical sample,Clinical sample,unkwn,2010,1992–2025,O1_Ogawa,Contig,7,235717,1915832,47.5,100.0,112,112,112,7,235717,4.033814,99.62999725341797,0.23999999463558197
15160,VC_1565,GCF_001187225.1,Bangladesh,Human hosts,diseased,Clinical sample,Clinical sample,unkwn,2011,1992–2025,O1_Ogawa,Contig,7,172492,1917363,47.5,100.0,97,97,97,7,172492,4.037755,99.58000183105469,0.23999999463558197
15170,VC_1566,GCF_001187245.1,Bangladesh,Human hosts,diseased,Clinical sample,Clinical sample,unkwn,2011,1992–2025,O1_Ogawa,Contig,7,235693,1915077,47.5,100.0,105,105,105,7,235693,4.032145,99.62999725341797,0.23999999463558197
15180,VC_1567,GCF_001187255.1,Bangladesh,unkwn,unkwn,Environmental sample,Environmental sample,unkwn,2010,1992–2025,O1_Ogawa,Contig,8,170395,1924658,47.5,100.0,128,128,128,8,170395,4.055638,99.52999877929688,0.23999999463558197
15190,VC_1568,GCF_001187265.1,Bangladesh,Human hosts,diseased,Clinical sample,Clinical sample,unkwn,2011,1992–2025,O1_Ogawa,Contig,5,299522,1927671,47.5,100.0,87,87,87,5,299522,4.061995,99.44000244140625,0.23999999463558197
15200,VC_1569,GCF_001281665.1,Ukraine,unkwn,unkwn,Environmental sample,Environmental sample,47.13 N 37.56 E,1994,1992–2025,O1_unkwn,Contig,8,140395,1946751,47.5,50.0,95,95,95,8,140395,4.105143,95.58999633789062,0.23999999463558197
15207,VC_1570,GCF_001318185.1,unkwn,unkwn,unkwn,unkwn,unkwn,unkwn,unkwn,unkwn,unkwn,Complete Genome,1,3041360,1942640,47.5,100.0,2,2,2,1,3041360,4.08902,99.19000244140625,0.23999999463558197
15208,VC_1571,GCF_001517845.1,Russia,Human hosts,cholera,Clinical sample,Clinical sample,42.52 N 47.37000000 E,1993,1992–2025,O1_unkwn,Contig,7,227767,1957046,47.5,48.0,106,106,106,7,227767,4.124381,95.44000244140625,0.25999999046325684
15219,VC_1572,GCF_001517855.1,Russia,Human hosts,cholera,Clinical sample,Clinical sample,43.06 N 46.50999999 E,2015,1992–2025,O1_unkwn,Contig,6,236249,1951840,47.5,48.0,93,93,93,6,236249,4.111077,95.83999633789062,0.23999999463558197
15231,VC_1573,GCF_001543465.1,Bangladesh,Human hosts,cholera,Clinical sample,Clinical sample,23.70 N 90.35 E,2007,1992–2025,O1_unkwn,Contig,12,94280,1912237,47.5,30.0,154,154,154,12,94280,4.029307,99.52999877929688,0.23999999463558197
15241,VC_1574,GCF_001683415.1,unkwn,unkwn,unkwn,unkwn,unkwn,unkwn,unkwn,unkwn,unkwn,Complete Genome,1,2987030,1945002,47.5,128.0,2,2,2,1,2987030,4.088961,99.12999725341797,1.1399999856948853
15251,VC_1575,GCF_001729185.1,USA,unkwn,unkwn,Environmental sample,Environmental sample,29.9511 N 90.0715 W,1980,1973–1991,unkwn,Contig,6,280656,1900825,47.5,1700.0,191,191,191,6,280656,3.986846,99.16999816894531,0.6700000166893005
15263,VC_1576,GCF_001857435.1,Peru,Human hosts,cholera,unkwn,unkwn,9.19 S 75.015 W,1997,1992–2025,unkwn,Contig,6,246572,1906569,47.5,1700.0,132,132,132,6,246572,4.019194,99.52999877929688,0.23999999463558197
15287,VC_1577,GCF_001858455.1,Cameroon,Human hosts,unkwn,unkwn,unkwn,unkwn,2011,1992–2025,unkwn,Scaffold,28,45445,1916637,47.5,70.0,189,230,189,19,70861,4.037271,99.38999938964844,1.0700000524520874
15295,VC_1578,GCF_001858465.1,Cameroon,Human hosts,unkwn,unkwn,unkwn,unkwn,2011,1992–2025,unkwn,Scaffold,23,52093,1913940,47.5,70.0,173,215,173,16,75342,4.031968,99.33000183105469,0.4099999964237213
15303,VC_1579,GCF_001858475.1,Cameroon,Human hosts,unkwn,unkwn,unkwn,unkwn,unkwn,unkwn,unkwn,Scaffold,20,68397,1913980,47.5,70.0,173,196,173,15,80103,4.028526,99.52999877929688,0.23999999463558197
15336,VC_1580,GCF_001860285.1,Cameroon,Human hosts,unkwn,unkwn,unkwn,unkwn,2010,1992–2025,unkwn,Scaffold,30,40804,1914512,47.5,70.0,195,248,195,20,62356,4.032975,99.27999877929688,0.44999998807907104
15344,VC_1581,GCF_001860295.1,Cameroon,Human hosts,unkwn,unkwn,unkwn,unkwn,2010,1992–2025,unkwn,Scaffold,30,39559,1913401,47.5,70.0,204,243,204,20,58112,4.029303,99.27999877929688,0.7699999809265137
15368,VC_1582,GCF_001860365.1,Cameroon,Human hosts,unkwn,unkwn,unkwn,unkwn,2011,1992–2025,unkwn,Scaffold,27,48180,1912572,47.5,70.0,199,222,199,21,59275,4.027803,99.25,0.25999999046325684
15376,VC_1583,GCF_001860385.1,Cameroon,Human hosts,unkwn,unkwn,unkwn,unkwn,2011,1992–2025,unkwn,Scaffold,19,71819,1915605,47.5,70.0,161,182,161,15,81376,4.034667,99.38999938964844,0.699999988079071
15408,VC_1584,GCF_001860465.1,Cameroon,Human hosts,unkwn,unkwn,unkwn,unkwn,2011,1992–2025,unkwn,Scaffold,16,81976,1915346,47.5,70.0,149,177,149,11,110905,4.034135,99.5999984741211,0.3199999928474426
15424,VC_1585,GCF_002946655.1,Haiti,Human hosts,cholera,Clinical sample,Clinical sample,18.2430 N 72.5264 W,2014,1992–2025,O1_Ogawa,Complete Genome,1,3015116,1930199,47.5,86.0,2,2,2,1,3015116,4.061419,99.62999725341797,0.23999999463558197
15436,VC_1586,GCF_003096115.1,Russia,unkwn,unkwn,Environmental sample,Environmental sample,47.205825 N 39.697406 E,2007,1992–2025,unkwn,Contig,7,181519,1883721,47.5,4.0,66,66,66,7,181519,3.966209,99.13999938964844,0.8399999737739563
15446,VC_1587,GCF_004120565.1,Brazil,Human hosts,cholera,Clinical sample,Clinical sample,23.92 S 46.36 W,1994,1992–2025,unkwn,Contig,5,318892,1902802,47.5,148.0,71,71,71,5,318892,4.0096,96.76000213623047,0.23999999463558197
15458,VC_1588,GCF_004120685.1,Brazil,Human hosts,cholera,Clinical sample,Clinical sample,23.55 S 46.63 W,1994,1992–2025,unkwn,Contig,5,346282,1901423,47.5,96.0,73,73,73,5,346282,4.007251,97.5,0.23999999463558197
15470,VC_1589,GCF_004801065.1,USSR,Human hosts,cholera,Clinical sample,Clinical sample,54.44 N 55.58 E,1972,1961–1972,unkwn,Contig,7,176278,1873517,47.5,87.7,88,88,88,7,176278,3.945945,96.26000213623047,0.20999999344348907
15478,VC_1590,GCF_008632395.1,Russia,Human hosts,cholera,Clinical sample,Clinical sample,55.42 N 52.20 E,1993,1992–2025,O1_Ogawa,Contig,6,246082,1952099,47.5,93.6,77,77,77,6,246082,4.113469,98.08000183105469,0.23999999463558197
15489,VC_1591,GCF_009707115.1,Iraq,Human hosts,cholera,Clinical sample,Clinical sample,32.473518 N 44.426737 E,2017,1992–2025,unkwn,Contig,6,224380,1898428,47.5,200.0,70,70,70,6,224380,3.996484,99.4800033569336,0.2800000011920929
15511,VC_1592,GCF_009729525.1,Iraq,Human hosts,cholera,Clinical sample,Clinical sample,32.473518 N 44.426737 E,2017,1992–2025,unkwn,Contig,7,215352,1914081,47.5,200.0,77,77,77,7,215352,4.030329,99.58000183105469,0.23999999463558197
15529,VC_1593,GCF_009763945.1,unkwn,unkwn,unkwn,unkwn,unkwn,unkwn,unkwn,unkwn,unkwn,Complete Genome,1,3019938,1941186,47.5,119.67,2,2,2,1,3019938,4.090297,99.45999908447266,0.23999999463558197
15537,VC_1594,GCF_009858355.1,Bangladesh,Human hosts,unkwn,Clinical sample,Clinical sample,23.8103 N 90.4125 E,2016,1992–2025,O1_Inaba,Contig,8,172409,1924887,47.5,79.0,99,99,99,8,172409,4.055425,99.4800033569336,0.23999999463558197
15550,VC_1595,GCF_009858365.1,Bangladesh,Human hosts,unkwn,Clinical sample,Clinical sample,23.8103 N 90.4125 E,2015,1992–2025,O1_Inaba,Contig,6,180514,1927769,47.5,121.0,100,100,100,6,180514,4.062426,99.52999877929688,0.23999999463558197
15563,VC_1596,GCF_009858375.1,Bangladesh,Human hosts,unkwn,Clinical sample,Clinical sample,23.8103 N 90.4125 E,2015,1992–2025,O1_Ogawa,Contig,6,180513,1925357,47.5,83.0,85,85,85,6,180513,4.056579,99.44999694824219,0.23999999463558197
15576,VC_1597,GCF_009858395.1,Bangladesh,Human hosts,unkwn,Clinical sample,Clinical sample,23.8103 N 90.4125 E,2015,1992–2025,O1_Ogawa,Contig,8,178231,1927485,47.5,48.0,110,110,110,8,178231,4.06204,99.52999877929688,0.23999999463558197
15589,VC_1598,GCF_009858405.1,Bangladesh,Human hosts,unkwn,Clinical sample,Clinical sample,23.8103 N 90.4125 E,2015,1992–2025,O1_Ogawa,Contig,6,222462,1920443,47.5,90.0,87,87,87,6,222462,4.043623,99.52999877929688,0.23999999463558197
15602,VC_1599,GCF_009858425.1,Bangladesh,Human hosts,unkwn,Clinical sample,Clinical sample,23.8103 N 90.4125 E,2016,1992–2025,O1_Inaba,Contig,6,222462,1925363,47.5,99.0,90,90,90,6,222462,4.056494,99.25,0.23999999463558197
15615,VC_1600,GCF_009858435.1,Bangladesh,Human hosts,unkwn,Clinical sample,Clinical sample,23.8103 N 90.4125 E,2016,1992–2025,O1_Inaba,Contig,6,222462,1924943,47.5,90.0,87,87,87,6,222462,4.055742,99.18000030517578,0.23999999463558197
15628,VC_1601,GCF_009858455.1,Bangladesh,Human hosts,unkwn,Clinical sample,Clinical sample,23.8103 N 90.4125 E,2017,1992–2025,O1_Inaba,Contig,6,214431,1909166,47.5,55.0,81,81,81,6,214431,4.01705,99.52999877929688,0.23999999463558197
15641,VC_1602,GCF_009858475.1,Bangladesh,Human hosts,unkwn,Clinical sample,Clinical sample,23.8103 N 90.4125 E,2017,1992–2025,O1_Inaba,Contig,7,180514,1917868,47.5,43.0,92,92,92,7,180514,4.037271,99.52999877929688,0.23999999463558197
15654,VC_1603,GCF_009858505.1,Bangladesh,Human hosts,unkwn,Clinical sample,Clinical sample,23.8103 N 90.4125 E,2017,1992–2025,O1_Inaba,Contig,6,180514,1925025,47.5,91.0,89,89,89,6,180514,4.05593,99.5,0.23999999463558197
15667,VC_1604,GCF_009858515.1,Bangladesh,Human hosts,unkwn,Clinical sample,Clinical sample,23.8103 N 90.4125 E,2017,1992–2025,O1_Inaba,Contig,6,222462,1924932,47.5,75.0,88,88,88,6,222462,4.055692,99.25,0.23999999463558197
15680,VC_1605,GCF_009858545.1,Bangladesh,Human hosts,unkwn,Clinical sample,Clinical sample,23.8103 N 90.4125 E,2017,1992–2025,O1_Inaba,Contig,7,172407,1917769,47.5,65.0,92,92,92,7,172407,4.03726,99.52999877929688,0.23999999463558197
15693,VC_1606,GCF_009858565.1,Bangladesh,Human hosts,unkwn,Clinical sample,Clinical sample,23.8103 N 90.4125 E,2017,1992–2025,O1_Inaba,Contig,7,178506,1918477,47.5,68.0,105,105,105,7,178506,4.03854,99.52999877929688,0.23999999463558197
15706,VC_1607,GCF_009858595.1,Bangladesh,Human hosts,unkwn,Clinical sample,Clinical sample,23.8103 N 90.4125 E,2018,1992–2025,O1_Ogawa,Contig,5,299366,1919179,47.5,71.0,88,88,88,5,299366,4.041829,99.62999725341797,0.23999999463558197
15719,VC_1608,GCF_009858605.1,Bangladesh,Human hosts,unkwn,Clinical sample,Clinical sample,23.8103 N 90.4125 E,2018,1992–2025,O1_Ogawa,Contig,5,246717,1919578,47.5,94.0,89,89,89,5,246717,4.042673,99.62999725341797,0.23999999463558197
15732,VC_1609,GCF_009858615.1,Bangladesh,Human hosts,unkwn,Clinical sample,Clinical sample,23.8103 N 90.4125 E,2018,1992–2025,O1_Inaba,Contig,6,218149,1875432,47.5,77.0,95,95,95,6,218149,3.945938,99.4800033569336,0.23999999463558197
15745,VC_1610,GCF_009858635.1,Bangladesh,Human hosts,unkwn,Clinical sample,Clinical sample,23.8103 N 90.4125 E,2018,1992–2025,O1_Inaba,Contig,5,246717,1917286,47.5,102.0,99,99,99,5,246717,4.035854,99.52999877929688,0.23999999463558197
15758,VC_1611,GCF_009858655.1,Bangladesh,Human hosts,unkwn,Clinical sample,Clinical sample,23.8103 N 90.4125 E,2018,1992–2025,O1_Ogawa,Contig,5,246717,1918874,47.5,105.0,89,89,89,5,246717,4.04096,99.62999725341797,0.23999999463558197
15771,VC_1612,GCF_009858675.1,Bangladesh,Human hosts,unkwn,Clinical sample,Clinical sample,23.8103 N 90.4125 E,2018,1992–2025,O1_Ogawa,Contig,5,246717,1918797,47.5,94.0,81,81,81,5,246717,4.041012,99.62999725341797,0.23999999463558197
15784,VC_1613,GCF_009858715.1,Bangladesh,Human hosts,unkwn,Clinical sample,Clinical sample,23.8103 N 90.4125 E,2018,1992–2025,O1_Ogawa,Contig,5,299366,1919016,47.5,112.0,86,86,86,5,299366,4.04148,99.61000061035156,0.23999999463558197
15797,VC_1614,GCF_009858725.1,Bangladesh,Human hosts,unkwn,Clinical sample,Clinical sample,23.8103 N 90.4125 E,2018,1992–2025,O1_Inaba,Contig,6,214084,1874916,47.5,95.0,93,93,93,6,214084,3.944553,99.4800033569336,0.23999999463558197
15810,VC_1615,GCF_009858735.1,Bangladesh,Human hosts,unkwn,Clinical sample,Clinical sample,23.8103 N 90.4125 E,2018,1992–2025,O1_Inaba,Contig,6,222462,1875283,47.5,79.0,88,88,88,6,222462,3.945614,99.29000091552734,0.23999999463558197
15823,VC_1616,GCF_009858755.1,Bangladesh,Human hosts,unkwn,Clinical sample,Clinical sample,23.8103 N 90.4125 E,2018,1992–2025,O1_Ogawa,Contig,6,235876,1919282,47.5,110.0,94,94,94,6,235876,4.042008,99.61000061035156,0.23999999463558197
15836,VC_1617,GCF_009858795.1,Bangladesh,Human hosts,unkwn,Clinical sample,Clinical sample,23.8103 N 90.4125 E,2018,1992–2025,O1_Ogawa,Contig,15,83104,1908135,47.5,44.0,148,148,148,15,83104,4.008985,99.62999725341797,0.23999999463558197
15849,VC_1618,GCF_009858805.1,Bangladesh,Human hosts,unkwn,Clinical sample,Clinical sample,23.8103 N 90.4125 E,2017,1992–2025,O1_Inaba,Contig,12,105346,1920750,47.5,32.0,137,137,137,12,105346,4.043029,99.52999877929688,0.23999999463558197
15862,VC_1619,GCF_009858815.1,Bangladesh,Human hosts,unkwn,Clinical sample,Clinical sample,23.8103 N 90.4125 E,2018,1992–2025,O1_Ogawa,Contig,10,122282,1915026,47.5,43.0,130,130,130,10,122282,4.028344,99.62999725341797,0.23999999463558197
15875,VC_1620,GCF_009858845.1,Bangladesh,Human hosts,unkwn,Clinical sample,Clinical sample,23.8103 N 90.4125 E,2018,1992–2025,O1_Ogawa,Contig,11,109329,1914702,47.5,53.0,134,134,134,11,109329,4.027137,99.62999725341797,0.23999999463558197
15888,VC_1621,GCF_009858855.1,Bangladesh,Human hosts,unkwn,Clinical sample,Clinical sample,23.8103 N 90.4125 E,2018,1992–2025,O1_Ogawa,Contig,14,84531,1910707,47.5,43.0,155,155,155,14,84531,4.014513,99.62999725341797,0.23999999463558197
15901,VC_1622,GCF_009858925.1,Bangladesh,Human hosts,unkwn,Clinical sample,Clinical sample,23.8103 N 90.4125 E,2018,1992–2025,O1_Ogawa,Contig,12,105195,1912382,47.5,40.0,145,145,145,12,105195,4.019165,99.62999725341797,0.23999999463558197
15914,VC_1623,GCF_009858935.1,Bangladesh,Human hosts,unkwn,Clinical sample,Clinical sample,23.8103 N 90.4125 E,2018,1992–2025,O1_Ogawa,Contig,14,103494,1912929,47.5,43.0,153,153,153,14,103494,4.021632,99.62999725341797,0.23999999463558197
15927,VC_1624,GCF_009858945.1,Bangladesh,Human hosts,unkwn,Clinical sample,Clinical sample,23.8103 N 90.4125 E,2018,1992–2025,O1_Ogawa,Contig,6,235876,1918247,47.5,63.0,93,93,93,6,235876,4.038801,99.62999725341797,0.23999999463558197
15940,VC_1625,GCF_009858955.1,Bangladesh,Human hosts,unkwn,Clinical sample,Clinical sample,23.8103 N 90.4125 E,2018,1992–2025,O1_Ogawa,Contig,8,167563,1926814,47.5,54.0,101,101,101,8,167563,4.05993,99.52999877929688,0.23999999463558197
15953,VC_1626,GCF_009858985.1,Bangladesh,Human hosts,unkwn,Clinical sample,Clinical sample,23.8103 N 90.4125 E,2018,1992–2025,O1_Ogawa,Contig,8,171366,1918702,47.5,56.0,109,109,109,8,171366,4.039991,99.62999725341797,0.23999999463558197
15966,VC_1627,GCF_009858995.1,Bangladesh,Human hosts,unkwn,Clinical sample,Clinical sample,23.8103 N 90.4125 E,2018,1992–2025,O1_Ogawa,Contig,10,127920,1913810,47.5,42.0,126,126,126,10,127920,4.024523,99.62999725341797,0.23999999463558197
15979,VC_1628,GCF_009938115.1,unkwn,unkwn,unkwn,unkwn,unkwn,unkwn,unkwn,unkwn,O1_Ogawa,Complete Genome,1,2961008,1945050,47.5,900.0,2,2,2,1,2961008,4.085709,98.6500015258789,0.6399999856948853
15988,VC_1629,GCF_013085075.1,Peru,Human hosts,cholera,unkwn,unkwn,unkwn,1991,1973–1991,O1_unkwn,Complete Genome,1,3015077,1938956,47.5,329.0,2,2,2,1,3015077,4.085431,98.93000030517578,0.23999999463558197
16018,VC_1630,GCF_013085105.1,Peru,Human hosts,cholera,unkwn,unkwn,unkwn,1991,1973–1991,O1_unkwn,Complete Genome,1,3020257,1940497,47.5,343.0,2,2,2,1,3020257,4.090614,99.45999908447266,0.3799999952316284
16044,VC_1631,GCF_013085125.1,Bangladesh,Human hosts,cholera,unkwn,unkwn,unkwn,1976,1973–1991,O1_unkwn,Complete Genome,1,2962956,1916848,47.5,375.0,2,2,2,1,2962956,4.036513,99.58000183105469,0.23999999463558197
16070,VC_1632,GCF_013085145.1,Democratic Republic of the Congo,Human hosts,cholera,unkwn,unkwn,unkwn,2011,1992–2025,O1_unkwn,Complete Genome,1,3058772,1949618,47.5,390.0,2,2,2,1,3058772,4.104155,99.44000244140625,0.23999999463558197
16094,VC_1633,GCF_013085165.1,Bahrain,Human hosts,cholera,unkwn,unkwn,unkwn,1978,1973–1991,O1_unkwn,Complete Genome,1,3011453,1939163,47.5,344.0,2,2,2,1,3011453,4.082461,99.41999816894531,0.23999999463558197
16138,VC_1634,GCF_013378545.1,India,Human hosts,diarrhea,Clinical sample,Clinical sample,22.5726 N 88.3639 E,2018,1992–2025,O1_Ogawa,Contig,7,215439,1931468,47.5,99.0,211,211,211,7,215439,4.059228,99.4000015258789,0.6600000262260437
16149,VC_1635,GCF_013414385.1,Bangladesh,Human hosts,unkwn,Clinical sample,Clinical sample,23.8103 N 90.4125 E,2017,1992–2025,O1_Inaba,Contig,6,199472,1917258,47.5,49.0,99,99,99,6,199472,4.036244,99.62999725341797,0.23999999463558197
16162,VC_1636,GCF_013414395.1,Bangladesh,Human hosts,unkwn,Clinical sample,Clinical sample,23.8103 N 90.4125 E,2018,1992–2025,O1_Inaba,Contig,7,199250,1919201,47.5,103.0,94,94,94,7,199250,4.042036,99.62999725341797,0.23999999463558197
16175,VC_1637,GCF_013414465.1,Bangladesh,Human hosts,unkwn,Clinical sample,Clinical sample,23.8103 N 90.4125 E,2018,1992–2025,O1_Ogawa,Contig,12,118469,1912219,47.5,26.0,136,136,136,12,118469,4.019803,99.38999938964844,0.2199999988079071
16188,VC_1638,GCF_013414485.1,Bangladesh,Human hosts,unkwn,Clinical sample,Clinical sample,23.8103 N 90.4125 E,2016,1992–2025,O1_Ogawa,Contig,25,46469,1879989,48.0,13.0,188,188,188,25,46469,3.934348,99.27999877929688,0.23999999463558197
16201,VC_1639,GCF_013414565.1,Bangladesh,Human hosts,unkwn,Clinical sample,Clinical sample,23.8103 N 90.4125 E,2018,1992–2025,O1_Ogawa,Contig,20,58570,1904263,47.5,33.0,213,213,213,20,58570,4.003101,99.5199966430664,1.3600000143051147
16214,VC_1640,GCF_013414585.1,Bangladesh,Human hosts,unkwn,Clinical sample,Clinical sample,23.8103 N 90.4125 E,2018,1992–2025,O1_Ogawa,Contig,20,65728,1898665,47.5,25.0,195,195,195,20,65728,3.980087,99.52999877929688,0.23999999463558197
16227,VC_1641,GCF_013414605.1,Bangladesh,Human hosts,unkwn,Clinical sample,Clinical sample,23.8103 N 90.4125 E,2018,1992–2025,O1_Ogawa,Contig,9,170536,1920641,47.5,46.0,118,118,118,9,170536,4.043589,99.52999877929688,0.23999999463558197
16240,VC_1642,GCF_013414615.1,Bangladesh,Human hosts,unkwn,Clinical sample,Clinical sample,23.8103 N 90.4125 E,2018,1992–2025,O1_Ogawa,Contig,8,196725,1976269,47.5,70.0,131,131,131,8,196725,4.168345,99.0999984741211,1.809999942779541
16253,VC_1643,GCF_014217395.1,India,Human hosts,cholera,unkwn,unkwn,unkwn,1992,1992–2025,non_O1,Chromosome,1,3102362,1968524,47.5,174.0,2,2,2,1,3102462,4.138926,99.2699966430664,0.23999999463558197
16279,VC_1644,GCF_015482825.1,Peru,unkwn,unkwn,Clinical sample,Clinical sample,9.190000 S 75.015000 W,1991,1973–1991,unkwn,Complete Genome,1,3015051,1938914,47.5,506.0,2,2,2,1,3015051,4.085397,98.5199966430664,0.23999999463558197
16291,VC_1645,GCF_017948345.1,India,Human hosts,unkwn,unkwn,unkwn,unkwn,1993,1992–2025,non_O1,Complete Genome,1,3035563,1935137,47.5,385.0,2,2,2,1,3035563,4.072012,99.33999633789062,0.2199999988079071
16401,VC_1646,GCF_041834085.1,Nigeria,unkwn,unkwn,Environmental sample,Environmental sample,12.045635 N 13.242487 E,2010,1992–2025,unkwn,Contig,5,198630,1911696,47.5,26.0,68,68,68,5,198630,4.025299,99.26000213623047,0.23999999463558197
16407,VC_1647,GCF_041834105.1,Nigeria,unkwn,unkwn,Clinical sample,Clinical sample,4.744168 N 6.139681 E,2015,1992–2025,unkwn,Contig,6,299347,1911059,47.5,24.0,59,59,59,6,299347,4.023808,99.4800033569336,0.23999999463558197
16413,VC_1648,GCF_041834115.1,Nigeria,unkwn,unkwn,Clinical sample,Clinical sample,12.045635 N 13.242487 E,2010,1992–2025,unkwn,Contig,7,210351,1909208,47.5,21.0,62,62,62,7,210351,4.019475,99.62999725341797,0.23999999463558197
16419,VC_1649,GCF_041834145.1,Nigeria,unkwn,unkwn,Clinical sample,Clinical sample,10.304359 N 9.841388 E,2010,1992–2025,unkwn,Contig,6,199438,1910316,47.5,34.0,51,51,51,6,199438,4.021911,99.48999786376953,0.23999999463558197
16431,VC_1650,GCF_041834185.1,Nigeria,unkwn,unkwn,Clinical sample,Clinical sample,10.304359 N 9.841388 E,2010,1992–2025,unkwn,Contig,8,197883,1905939,47.5,30.0,74,74,74,8,197883,4.014806,99.58000183105469,0.23999999463558197
16437,VC_1651,GCF_041834205.1,Nigeria,unkwn,unkwn,Clinical sample,Clinical sample,10.304359 N 9.841388 E,2010,1992–2025,unkwn,Contig,7,199466,1910105,47.5,24.0,70,70,70,7,199466,4.021187,99.58000183105469,0.23999999463558197
16443,VC_1652,GCF_041834225.1,Nigeria,unkwn,unkwn,Clinical sample,Clinical sample,10.304359 N 9.841388 E,2010,1992–2025,unkwn,Contig,6,295794,1911822,47.5,33.0,48,48,48,6,295794,4.025792,99.33999633789062,0.23999999463558197
16449,VC_1653,GCF_041834245.1,Nigeria,unkwn,unkwn,Clinical sample,Clinical sample,10.304359 N 9.841388 E,2010,1992–2025,unkwn,Contig,7,197861,1918083,47.5,23.0,78,78,78,7,197861,4.039537,99.62999725341797,0.23999999463558197
16455,VC_1654,GCF_041834265.1,Nigeria,unkwn,unkwn,Clinical sample,Clinical sample,10.304359 N 9.841388 E,2010,1992–2025,unkwn,Contig,5,235830,1925004,47.5,24.0,106,106,106,5,235830,4.05469,99.33999633789062,0.23999999463558197
16461,VC_1655,GCF_041937545.1,Democratic Republic of the Congo,Human hosts,cholera,Clinical sample,Clinical sample,3.5413 S 27.6897 E,2024,1992–2025,O1_unkwn,Chromosome,1,3056088,1946223,47.5,174.0,2,2,2,1,3056188,4.097211,99.37999725341797,0.23999999463558197
16471,VC_1656,GCF_042604665.1,Mayotte,Human hosts,cholera,Clinical sample,Clinical sample,12.78 S 45.22 E,2024,1992–2025,unkwn,Complete Genome,1,3036098,2009468,47.5,68.0,3,3,3,1,3036098,4.219241,99.62999725341797,0.6399999856948853
16479,VC_1657,GCF_043351655.1,Russia,unkwn,unkwn,Environmental sample,Environmental sample,42.707009 N 130.719507 E,2016,1992–2025,non_O1,Scaffold,4,301157,1917825,47.5,65.0,75,78,75,4,301157,4.033038,99.63999938964844,0.44999998807907104
16487,VC_1658,GCF_043351665.1,Russia,unkwn,unkwn,Environmental sample,Environmental sample,42.707009 N 130.719507 E,2016,1992–2025,unkwn,Scaffold,4,327202,1921052,47.5,85.0,78,81,78,3,543240,4.040147,99.63999938964844,0.44999998807907104
16495,VC_1659,GCF_043351675.1,Russia,unkwn,unkwn,Environmental sample,Environmental sample,42.707009 N 130.719507 E,2016,1992–2025,unkwn,Scaffold,7,153594,1906843,47.5,51.0,112,117,112,6,214515,4.009812,98.97000122070312,0.44999998807907104
16503,VC_1660,GCF_043351705.1,Russia,unkwn,unkwn,Environmental sample,Environmental sample,43.118213 N 131.877496 E,2019,1992–2025,non_O1,Scaffold,8,167544,1926131,47.5,70.0,159,162,159,8,171027,4.053605,99.27999877929688,0.8899999856948853
16511,VC_1661,GCF_043351715.1,Russia,unkwn,unkwn,Environmental sample,Environmental sample,43.7762 N 131.9037 E,2003,1992–2025,unkwn,Scaffold,6,190952,1899125,47.5,77.0,113,118,113,6,246901,3.997435,99.16000366210938,0.5600000023841858
16519,VC_1662,GCF_043351775.1,Russia,unkwn,unkwn,Environmental sample,Environmental sample,43.8012 N 131.9827 E,1994,1992–2025,unkwn,Scaffold,5,262651,1882818,47.5,80.0,83,87,83,4,309400,3.961097,99.52999877929688,1.5099999904632568
16527,VC_1663,GCF_043351845.1,Russia,unkwn,unkwn,Environmental sample,Environmental sample,42.8448 N 132.9209 E,1990,1973–1991,unkwn,Scaffold,6,213874,1906397,47.5,54.0,145,147,145,6,213874,4.019634,99.5999984741211,0.7099999785423279
16535,VC_1664,GCF_043351855.1,Russia,unkwn,unkwn,Environmental sample,Environmental sample,43.1116 N 131.8827 E,1998,1992–2025,unkwn,Scaffold,5,249260,1893063,47.5,60.0,90,96,90,4,327193,3.981754,99.63999938964844,0.36000001430511475
16543,VC_1665,GCF_043351865.1,Russia,unkwn,unkwn,Environmental sample,Environmental sample,43.8012 N 131.9827 E,1990,1973–1991,unkwn,Scaffold,4,250370,1907524,47.5,60.0,133,135,133,4,250370,4.022718,99.5999984741211,0.7099999785423279
16551,VC_1666,GCF_043351875.1,Russia,unkwn,unkwn,Environmental sample,Environmental sample,52.271100 N 104.279780 E,2011,1992–2025,O1_Inaba,Scaffold,4,246816,1908046,47.5,46.0,103,105,103,3,613969,4.011368,98.54000091552734,1.2100000381469727
16560,VC_1667,GCF_043352015.1,Russia,unkwn,unkwn,Environmental sample,Environmental sample,52.330863 N 104.217595 E,2010,1992–2025,O1_Inaba,Scaffold,7,244312,1873693,47.5,47.0,79,82,79,6,247661,3.932998,99.62000274658203,0.8100000023841858
16569,VC_1668,GCF_043352025.1,Russia,unkwn,unkwn,Environmental sample,Environmental sample,52.330443 N 104.221543 E,2009,1992–2025,O1_Hikoshima,Scaffold,6,259816,1888993,47.5,70.0,70,74,70,5,290534,3.963833,99.62000274658203,0.8100000023841858
16586,VC_1669,GCF_043352065.1,Russia,unkwn,unkwn,Environmental sample,Environmental sample,52.055906 N 113.394471 E,2017,1992–2025,non_O1,Scaffold,3,745127,1991323,47.0,78.0,112,114,112,2,889192,4.223577,98.45999908447266,2.5
16594,VC_1670,GCF_043352115.1,Russia,unkwn,unkwn,Environmental sample,Environmental sample,50.396186 N 116.445611 E,2017,1992–2025,O1_Inaba,Scaffold,7,247634,1879135,47.5,70.0,69,72,69,6,259851,3.946605,99.62000274658203,0.8100000023841858
16603,VC_1671,GCF_043352235.1,Russia,unkwn,unkwn,Environmental sample,Environmental sample,52.055906 N 113.394471 E,2017,1992–2025,non_O1,Scaffold,4,379092,1942125,47.5,44.0,108,113,108,3,477569,4.100261,98.45999908447266,2.430000066757202
16611,VC_1672,GCF_043352275.1,Russia,unkwn,unkwn,Environmental sample,Environmental sample,51.880123 N 113.149852 E,2017,1992–2025,O1_Inaba,Scaffold,8,215618,1889493,47.5,77.0,86,90,86,7,247859,3.965193,99.62000274658203,0.8100000023841858
16620,VC_1673,GCF_043352285.1,Russia,unkwn,unkwn,Environmental sample,Environmental sample,50.396186 N 116.445611 E,2017,1992–2025,O1_Inaba,Scaffold,8,197612,1878967,47.5,97.0,89,91,89,7,214362,3.944747,99.62000274658203,0.8100000023841858
16629,VC_1674,GCF_043352295.1,Russia,unkwn,unkwn,Environmental sample,Environmental sample,51.987362 N 113.310530 E,1982,1973–1991,O1_Inaba,Scaffold,10,154289,1869018,47.5,32.0,101,106,101,9,154882,3.921016,99.62000274658203,0.8100000023841858
16638,VC_1675,GCF_043352305.1,Russia,unkwn,unkwn,Environmental sample,Environmental sample,51.937454 N 113.213548 E,1993,1992–2025,O1_Ogawa,Scaffold,9,174882,1985242,47.5,54.0,130,131,130,8,190311,4.176609,99.29000091552734,1.7200000286102295
16647,VC_1676,GCF_043352435.1,Russia,unkwn,unkwn,Environmental sample,Environmental sample,51.987362 N 113.310530 E,1974,1973–1991,O1_Inaba,Scaffold,7,247992,1893235,47.5,57.0,79,82,79,6,288064,3.971957,99.62000274658203,0.8100000023841858
16656,VC_1677,GCF_043754845.1,Malaysia,Human hosts,unkwn,unkwn,unkwn,unkwn,1978,1973–1991,unkwn,Complete Genome,1,2998471,1920886,47.5,147.97,2,2,2,1,2998471,4.040161,99.61000061035156,0.23999999463558197
16676,VC_1678,GCF_043755855.1,Germany,Human hosts,unkwn,unkwn,unkwn,unkwn,1975,1973–1991,unkwn,Complete Genome,1,3007913,1937543,47.5,147.409,2,2,2,1,3007913,4.078747,99.62999725341797,0.23999999463558197
16696,VC_1679,GCF_043756065.1,Comoros,Human hosts,unkwn,unkwn,unkwn,unkwn,1975,1973–1991,unkwn,Complete Genome,1,2973790,1920266,47.5,145.374,2,2,2,1,2973790,4.043308,99.33999633789062,0.23999999463558197
16716,VC_1680,GCF_043756335.1,Morocco,Human hosts,unkwn,unkwn,unkwn,unkwn,1972,1961–1972,unkwn,Complete Genome,1,3006488,1936918,47.5,146.572,2,2,2,1,3006488,4.077379,99.61000061035156,0.23999999463558197
16736,VC_1681,GCF_043757505.1,Senegal,Human hosts,unkwn,unkwn,unkwn,unkwn,1972,1961–1972,unkwn,Complete Genome,1,3012135,1934283,47.5,148.042,2,2,2,1,3012135,4.07185,98.72000122070312,0.23999999463558197
16756,VC_1682,GCF_043757815.1,Myanmar,Human hosts,unkwn,unkwn,unkwn,unkwn,1971,1961–1972,unkwn,Complete Genome,1,2962634,1926077,47.5,146.519,2,2,2,1,2962634,4.057656,99.58999633789062,0.23999999463558197
16776,VC_1683,GCF_043758405.1,Ethiopia,Human hosts,unkwn,unkwn,unkwn,unkwn,1970,1961–1972,unkwn,Complete Genome,1,2993588,1930832,47.5,143.951,2,2,2,1,2993588,4.064496,99.62999725341797,0.23999999463558197
16796,VC_1684,GCF_043759795.1,Sierra Leone,Human hosts,unkwn,unkwn,unkwn,unkwn,1970,1961–1972,unkwn,Complete Genome,1,3001805,1934772,47.5,147.311,2,2,2,1,3001805,4.072684,99.33999633789062,0.23999999463558197
16816,VC_1685,GCF_043760105.1,Vietnam,Human hosts,unkwn,unkwn,unkwn,unkwn,1969,1961–1972,unkwn,Complete Genome,1,3009811,1948710,47.5,146.559,2,2,2,1,3009811,4.104351,99.62999725341797,0.3100000023841858
16836,VC_1686,GCF_043760675.1,Vietnam,Human hosts,unkwn,unkwn,unkwn,unkwn,1969,1961–1972,unkwn,Complete Genome,1,3001785,1948995,47.5,142.575,2,2,2,1,3001785,4.107579,99.62999725341797,0.23999999463558197
16856,VC_1687,GCF_043762865.1,India,Human hosts,unkwn,unkwn,unkwn,unkwn,1964,1961–1972,unkwn,Complete Genome,1,3004576,1948816,47.5,147.813,2,2,2,1,3004576,4.104654,99.62999725341797,0.23999999463558197
16876,VC_1688,GCF_043763295.1,Cambodia,Human hosts,unkwn,unkwn,unkwn,unkwn,1963,1961–1972,unkwn,Complete Genome,1,3008609,1952867,47.5,146.918,2,2,2,1,3008609,4.114355,99.62999725341797,0.23999999463558197
16896,VC_1689,GCF_043763905.1,India,Human hosts,unkwn,unkwn,unkwn,unkwn,1962,1961–1972,unkwn,Complete Genome,1,3004542,1933496,47.5,140.443,2,2,2,1,3004542,4.068682,99.5999984741211,0.23999999463558197
16916,VC_1690,GCF_043765735.1,Hong Kong,Human hosts,unkwn,unkwn,unkwn,unkwn,1961,1961–1972,unkwn,Complete Genome,1,3011537,1953700,47.5,147.674,2,2,2,1,3011537,4.116035,99.33999633789062,0.23999999463558197
16936,VC_1691,GCF_043766185.1,Bangladesh,Human hosts,unkwn,unkwn,unkwn,unkwn,1976,1973–1991,unkwn,Complete Genome,1,2974820,1933326,47.5,144.157,2,2,2,1,2974820,4.074827,99.55999755859375,0.23999999463558197
16956,VC_1692,GCF_043766955.1,Thailand,Human hosts,unkwn,unkwn,unkwn,unkwn,1968,1961–1972,unkwn,Complete Genome,1,3007343,1952326,47.5,147.916,2,2,2,1,3007343,4.113123,99.62999725341797,0.23999999463558197
16976,VC_1693,GCF_043769025.1,Bangladesh,Human hosts,unkwn,unkwn,unkwn,unkwn,1970,1961–1972,unkwn,Complete Genome,1,2935389,1904539,47.5,147.959,2,2,2,1,2935389,4.006168,99.31999969482422,0.23999999463558197
16996,VC_1694,GCF_044343075.1,Philippines,Human hosts,unkwn,unkwn,unkwn,unkwn,1973,1973–1991,unkwn,Complete Genome,1,2983338,1932026,47.5,143.121,2,2,2,1,2983338,4.066374,99.52999877929688,0.23999999463558197
17016,VC_1695,GCF_044343085.1,Chad,Human hosts,unkwn,unkwn,unkwn,unkwn,1971,1961–1972,unkwn,Complete Genome,1,2975162,1924670,47.5,147.005,2,2,2,1,2975162,4.046031,99.33999633789062,0.23999999463558197
17036,VC_1696,GCF_044343165.1,India,Human hosts,unkwn,unkwn,unkwn,unkwn,1976,1973–1991,unkwn,Complete Genome,1,2949659,1931277,47.5,148.608,2,2,2,1,2949659,4.073995,99.33999633789062,0.3499999940395355
17056,VC_1697,GCF_044784405.1,Canada,unkwn,unkwn,Clinical sample,Clinical sample,49.28 N 123.12 W,2024,1992–2025,unkwn,Complete Genome,1,2894403,1938691,47.5,150.0,2,2,2,1,2894403,4.066449,97.5199966430664,2.5399999618530273
17063,VC_1698,GCF_044905045.1,Bangladesh,Human hosts,unkwn,unkwn,unkwn,unkwn,1979,1973–1991,unkwn,Complete Genome,1,3027731,2025346,47.5,31.0,3,3,3,1,3027731,4.244574,99.62999725341797,0.6399999856948853
17083,VC_1699,GCF_044905055.1,Bangladesh,Human hosts,unkwn,unkwn,unkwn,unkwn,1979,1973–1991,unkwn,Complete Genome,1,3027755,2012446,47.5,41.0,3,3,3,1,3027755,4.222889,99.62999725341797,0.6399999856948853
17103,VC_1700,GCF_045689275.1,USA,unkwn,unkwn,Environmental sample,Environmental sample,unkwn,2009,1992–2025,unkwn,Complete Genome,1,2879665,1966949,47.5,737.0,2,2,2,1,2879665,4.139575,98.37999725341797,2.880000114440918
17139,VC_1701,GCF_046097525.1,Switzerland,unkwn,unkwn,unkwn,unkwn,unkwn,2019,1992–2025,unkwn,Complete Genome,1,3064030,1978307,47.5,138.0,2,2,2,1,3064030,4.149179,99.30999755859375,1.0
17153,VC_1702,GCF_046436455.1,USA,unkwn,unkwn,unkwn,unkwn,27.197507 N 80.258138 W,2019,1992–2025,unkwn,Contig,6,217271,1859953,47.5,50.0,63,63,63,6,217271,3.905334,98.5999984741211,2.200000047683716
17164,VC_1703,GCF_046436485.1,USA,unkwn,unkwn,unkwn,unkwn,27.197507 N 80.258138 W,2019,1992–2025,unkwn,Contig,5,315971,1874869,47.5,50.0,79,79,79,5,315971,3.938072,99.3499984741211,0.8100000023841858
17175,VC_1704,GCF_046436515.1,USA,unkwn,unkwn,unkwn,unkwn,27.197507 N 80.258138 W,2019,1992–2025,unkwn,Contig,7,210287,1882110,47.5,50.0,83,83,83,7,210287,3.957203,98.2300033569336,2.259999990463257
17186,VC_1705,GCF_046436555.1,USA,unkwn,unkwn,unkwn,unkwn,27.197507 N 80.258138 W,2019,1992–2025,unkwn,Contig,3,586158,1958713,47.5,50.0,50,50,50,3,586158,4.115845,99.29000091552734,1.6699999570846558
17197,VC_1706,GCF_046436645.1,USA,unkwn,unkwn,unkwn,unkwn,27.197507 N 80.258138 W,2019,1992–2025,unkwn,Contig,5,263445,1863510,47.5,50.0,51,51,51,5,263445,3.916639,98.44999694824219,1.75
17208,VC_1707,GCF_046436935.1,USA,unkwn,unkwn,unkwn,unkwn,27.197507 N 80.258138 W,2019,1992–2025,unkwn,Contig,6,212117,1858591,47.5,50.0,50,50,50,6,212117,3.904104,99.41999816894531,1.3700000047683716
17219,VC_1708,GCF_046436995.1,USA,unkwn,unkwn,unkwn,unkwn,27.197507 N 80.258138 W,2019,1992–2025,unkwn,Contig,5,341813,1891666,47.5,50.0,70,70,70,5,341813,3.992006,99.44999694824219,1.2999999523162842
17230,VC_1709,GCF_046437075.1,USA,unkwn,unkwn,unkwn,unkwn,27.197507 N 80.258138 W,2019,1992–2025,unkwn,Contig,9,177572,1882975,47.5,50.0,81,81,81,9,177572,3.959117,98.13999938964844,2.259999990463257
17241,VC_1710,GCF_046437105.1,USA,unkwn,unkwn,unkwn,unkwn,27.197507 N 80.258138 W,2019,1992–2025,unkwn,Contig,4,328988,1853828,47.5,50.0,58,58,58,4,328988,3.892734,99.3499984741211,1.159999966621399
17252,VC_1711,GCF_046437185.1,USA,unkwn,unkwn,unkwn,unkwn,27.197507 N 80.258138 W,2019,1992–2025,unkwn,Contig,4,341624,1865386,47.5,50.0,66,66,66,4,341624,3.919979,98.77999877929688,0.5699999928474426
17263,VC_1712,GCF_046437305.1,USA,unkwn,unkwn,unkwn,unkwn,27.197507 N 80.258138 W,2019,1992–2025,unkwn,Contig,7,220679,1884129,47.5,50.0,79,79,79,7,220679,3.961777,98.23999786376953,2.259999990463257
17274,VC_1713,GCF_046437605.1,USA,unkwn,unkwn,unkwn,unkwn,27.197507 N 80.258138 W,2019,1992–2025,unkwn,Contig,7,166329,1913756,47.5,50.0,67,67,67,7,166329,4.024379,98.51000213623047,2.799999952316284
17285,VC_1714,GCF_046437615.1,USA,unkwn,unkwn,unkwn,unkwn,27.197507 N 80.258138 W,2019,1992–2025,unkwn,Contig,4,250060,1912310,47.5,50.0,61,61,61,4,250060,4.026501,99.6500015258789,0.7799999713897705
17296,VC_1715,GCF_046437685.1,USA,unkwn,unkwn,unkwn,unkwn,27.197507 N 80.258138 W,2018,1992–2025,unkwn,Contig,4,213590,1917443,47.5,50.0,127,127,127,4,213590,4.041698,97.86000061035156,2.740000009536743
17307,VC_1716,GCF_046437715.1,USA,unkwn,unkwn,unkwn,unkwn,27.197507 N 80.258138 W,2018,1992–2025,unkwn,Contig,5,212651,1916440,47.5,50.0,133,133,133,5,212651,4.039358,97.86000061035156,2.740000009536743
17318,VC_1717,GCF_046437725.1,USA,unkwn,unkwn,unkwn,unkwn,27.197507 N 80.258138 W,2018,1992–2025,unkwn,Contig,6,203026,1928040,47.5,50.0,143,143,143,6,203026,4.070289,97.93000030517578,1.9800000190734863
17329,VC_1718,GCF_046438015.1,USA,unkwn,unkwn,unkwn,unkwn,27.197507 N 80.258138 W,2018,1992–2025,unkwn,Contig,8,185199,1862847,47.5,50.0,70,70,70,8,185199,3.922461,99.44999694824219,0.8199999928474426
17340,VC_1719,GCF_046438075.1,USA,unkwn,unkwn,unkwn,unkwn,27.197507 N 80.258138 W,2018,1992–2025,unkwn,Contig,4,295593,1860931,47.5,50.0,69,69,69,4,295593,3.915255,98.4800033569336,1.350000023841858
17351,VC_1720,GCF_046438155.1,USA,unkwn,unkwn,unkwn,unkwn,27.197507 N 80.258138 W,2018,1992–2025,unkwn,Contig,6,227689,1875971,47.5,50.0,52,52,52,6,227689,3.944917,98.4800033569336,2.940000057220459
17362,VC_1721,GCF_046438235.1,USA,unkwn,unkwn,unkwn,unkwn,27.197507 N 80.258138 W,2018,1992–2025,unkwn,Contig,8,217148,1930311,47.5,50.0,105,105,105,8,217148,4.06495,98.9800033569336,2.640000104904175
17373,VC_1722,GCF_046438255.1,USA,unkwn,unkwn,unkwn,unkwn,27.197507 N 80.258138 W,2018,1992–2025,unkwn,Contig,6,238395,1842395,47.5,50.0,47,47,47,6,238395,3.868582,98.41000366210938,2.319999933242798
17384,VC_1723,GCF_046438495.1,USA,unkwn,unkwn,unkwn,unkwn,27.197507 N 80.258138 W,2018,1992–2025,unkwn,Contig,8,200040,1877756,47.5,50.0,72,72,72,8,200040,3.938718,99.01000213623047,0.30000001192092896
17395,VC_1724,GCF_046438655.1,USA,unkwn,unkwn,unkwn,unkwn,27.197507 N 80.258138 W,2018,1992–2025,unkwn,Contig,6,246740,1875662,47.5,50.0,78,78,78,6,246740,3.939905,99.25,0.8100000023841858
17406,VC_1725,GCF_046438815.1,USA,unkwn,unkwn,unkwn,unkwn,27.197507 N 80.258138 W,2018,1992–2025,unkwn,Contig,9,137440,1890972,47.5,50.0,111,111,111,9,137440,3.983007,96.4000015258789,1.8600000143051147
17417,VC_1726,GCF_046438845.1,USA,unkwn,unkwn,unkwn,unkwn,27.197507 N 80.258138 W,2018,1992–2025,unkwn,Contig,7,202390,1885518,47.5,50.0,80,80,80,7,202390,3.968968,98.0999984741211,2.630000114440918
17428,VC_1727,GCF_046438925.1,USA,unkwn,unkwn,unkwn,unkwn,27.197507 N 80.258138 W,2018,1992–2025,unkwn,Contig,5,237835,1922438,47.5,50.0,119,119,119,5,237835,4.049234,98.0,2.440000057220459
17439,VC_1728,GCF_046439115.1,USA,unkwn,unkwn,unkwn,unkwn,27.197507 N 80.258138 W,2018,1992–2025,unkwn,Contig,6,238395,1842340,47.5,50.0,46,46,46,6,238395,3.868458,98.41000366210938,2.319999933242798
17450,VC_1729,GCF_046439285.1,USA,unkwn,unkwn,unkwn,unkwn,27.197507 N 80.258138 W,2018,1992–2025,unkwn,Contig,5,237835,1922901,47.5,50.0,121,121,121,5,237835,4.05123,98.0,2.440000057220459
17461,VC_1730,GCF_046439295.1,USA,unkwn,unkwn,unkwn,unkwn,27.197507 N 80.258138 W,2018,1992–2025,unkwn,Contig,3,465074,1873670,47.5,50.0,58,58,58,3,465074,3.936616,98.4800033569336,3.619999885559082
17472,VC_1731,GCF_046439395.1,USA,unkwn,unkwn,unkwn,unkwn,27.197507 N 80.258138 W,2018,1992–2025,unkwn,Contig,10,137440,1832221,47.5,50.0,105,105,105,10,137440,3.847763,96.4000015258789,1.690000057220459
17483,VC_1732,GCF_046439465.1,USA,unkwn,unkwn,unkwn,unkwn,27.197507 N 80.258138 W,2018,1992–2025,unkwn,Contig,7,228176,1842132,47.5,50.0,49,49,49,7,228176,3.868094,98.41000366210938,2.319999933242798
17494,VC_1733,GCF_046439555.1,USA,unkwn,unkwn,unkwn,unkwn,27.197507 N 80.258138 W,2018,1992–2025,unkwn,Contig,10,149316,1869384,47.5,50.0,100,100,100,10,149316,3.929895,98.56999969482422,2.180000066757202
17505,VC_1734,GCF_046439695.1,USA,unkwn,unkwn,unkwn,unkwn,27.197507 N 80.258138 W,2018,1992–2025,unkwn,Contig,4,247684,1923345,47.5,50.0,123,123,123,4,247684,4.051774,98.0,2.440000057220459
17516,VC_1735,GCF_046439805.1,USA,unkwn,unkwn,unkwn,unkwn,27.197507 N 80.258138 W,2018,1992–2025,unkwn,Contig,6,260422,1863046,47.5,50.0,59,59,59,6,260422,3.915606,98.44999694824219,1.75
17527,VC_1736,GCF_046439935.1,USA,unkwn,unkwn,unkwn,unkwn,27.197507 N 80.258138 W,2018,1992–2025,unkwn,Contig,6,238395,1842388,47.5,50.0,43,43,43,6,238395,3.868465,98.41000366210938,2.319999933242798
17538,VC_1737,GCF_046503845.1,USA,unkwn,unkwn,Environmental sample,Environmental sample,40.88 N 96.66 W,2024,1992–2025,unkwn,Contig,6,259308,1973414,47.5,46.0,99,99,99,6,259308,4.160897,98.93000030517578,2.799999952316284
17558,VC_1738,GCF_046736365.1,Peru,Human hosts,unkwn,unkwn,unkwn,unkwn,1991,1973–1991,unkwn,Complete Genome,1,3019923,1941175,47.5,585.0,2,2,2,1,3019923,4.090287,99.62999725341797,0.23999999463558197
17563,VC_1739,GCF_047221425.1,Democratic Republic of the Congo,unkwn,unkwn,Non-Human sample,Others,2.283333 S 28.95 E,2021,1992–2025,unkwn,Complete Genome,1,2916887,1845553,48.0,100.0,2,2,2,1,2916887,3.863593,97.3499984741211,1.2000000476837158
17569,VC_1740,GCF_047289995.1,Democratic Republic of the Congo,Non Human,unkwn,unkwn,unkwn,2.283333 S 28.95 E,2021,1992–2025,unkwn,Contig,1,2932047,1881146,47.5,100.0,3,3,3,1,2932047,3.939611,98.8499984741211,0.5299999713897705
17576,VC_1741,GCF_047290005.1,Democratic Republic of the Congo,Non Human,unkwn,unkwn,unkwn,2.283333 S 28.95 E,2021,1992–2025,unkwn,Contig,1,2738957,1846764,48.0,100.0,3,3,3,1,2738957,3.865676,97.36000061035156,1.309999942779541
17583,VC_1742,GCF_047290015.1,Democratic Republic of the Congo,Non Human,unkwn,unkwn,unkwn,2.283333 S 28.95 E,2021,1992–2025,unkwn,Contig,1,3069499,1961840,47.5,100.0,3,3,3,1,3069499,4.129669,99.58000183105469,0.36000001430511475
17590,VC_1743,GCF_047524585.1,Kenya,Human hosts,cholera,unkwn,unkwn,unkwn,2022,1992–2025,unkwn,Scaffold,7,232977,1984156,47.5,238.2,146,152,146,7,235776,4.169706,99.55999755859375,0.7099999785423279
17614,VC_1744,GCF_047524615.1,Kenya,Human hosts,cholera,unkwn,unkwn,unkwn,2022,1992–2025,unkwn,Scaffold,7,235742,1980500,47.5,270.7,113,119,113,7,247122,4.160984,99.55999755859375,0.699999988079071
17638,VC_1745,GCF_047524635.1,Kenya,Human hosts,cholera,unkwn,unkwn,unkwn,2022,1992–2025,unkwn,Scaffold,6,235742,1979719,47.5,255.9,107,113,107,6,247122,4.159578,99.55999755859375,0.6899999976158142
17662,VC_1746,GCF_047524645.1,Kenya,Human hosts,cholera,unkwn,unkwn,unkwn,2022,1992–2025,unkwn,Scaffold,7,235742,1979900,47.5,240.3,112,117,112,7,247122,4.159674,99.55999755859375,0.7200000286102295
17686,VC_1747,GCF_047524675.1,Kenya,Human hosts,cholera,unkwn,unkwn,unkwn,2022,1992–2025,unkwn,Scaffold,8,198898,2026708,47.5,223.0,128,134,128,7,247122,4.285193,99.55999755859375,1.2000000476837158
17710,VC_1748,GCF_047524685.1,Kenya,Human hosts,cholera,unkwn,unkwn,unkwn,2022,1992–2025,unkwn,Scaffold,7,235742,1980061,47.5,227.3,111,116,111,7,247122,4.160178,99.55999755859375,0.6600000262260437
17734,VC_1749,GCF_047524695.1,Kenya,Human hosts,cholera,unkwn,unkwn,unkwn,2022,1992–2025,unkwn,Scaffold,7,235742,1979419,47.5,235.3,103,109,103,7,247122,4.158813,99.51000213623047,0.6399999856948853
17758,VC_1750,GCF_047524735.1,Kenya,Human hosts,cholera,unkwn,unkwn,unkwn,2022,1992–2025,unkwn,Scaffold,7,235740,1980622,47.5,242.6,111,117,111,6,274535,4.161511,99.62999725341797,0.6399999856948853
17782,VC_1751,GCF_047524745.1,Kenya,Human hosts,cholera,unkwn,unkwn,unkwn,2022,1992–2025,unkwn,Scaffold,7,235742,1979967,47.5,254.6,103,109,103,7,247122,4.159958,99.55999755859375,0.8799999952316284
17806,VC_1752,GCF_047524775.1,Kenya,Human hosts,cholera,unkwn,unkwn,unkwn,2022,1992–2025,unkwn,Scaffold,7,235742,1981643,47.5,267.9,133,139,133,7,247122,4.16378,99.55999755859375,0.6700000166893005
17830,VC_1753,GCF_047524785.1,Kenya,Human hosts,cholera,unkwn,unkwn,unkwn,2022,1992–2025,unkwn,Scaffold,7,235742,1980231,47.5,238.6,114,120,114,7,247122,4.160891,99.55999755859375,0.6399999856948853
17854,VC_1754,GCF_047524795.1,Kenya,Human hosts,cholera,unkwn,unkwn,unkwn,2022,1992–2025,unkwn,Scaffold,7,235742,1980055,47.5,266.4,118,124,118,7,247122,4.160111,99.55999755859375,0.6399999856948853
17878,VC_1755,GCF_047524805.1,Kenya,Human hosts,cholera,unkwn,unkwn,unkwn,2022,1992–2025,unkwn,Scaffold,6,235742,1980665,47.5,211.1,107,113,107,6,247122,4.161364,99.55999755859375,0.7400000095367432
17902,VC_1756,GCF_047524855.1,Kenya,Human hosts,cholera,unkwn,unkwn,unkwn,2022,1992–2025,unkwn,Scaffold,7,235742,1978834,47.5,213.1,108,114,108,7,247122,4.157508,99.55999755859375,0.6399999856948853
17926,VC_1757,GCF_047524875.1,Kenya,Human hosts,cholera,unkwn,unkwn,unkwn,2022,1992–2025,unkwn,Scaffold,7,235742,1979700,47.5,271.6,103,109,103,7,247122,4.1593,99.55999755859375,0.6399999856948853
17950,VC_1758,GCF_047524885.1,Kenya,Human hosts,cholera,unkwn,unkwn,unkwn,2022,1992–2025,unkwn,Scaffold,7,235742,1978979,47.5,228.9,109,115,109,7,247122,4.157711,99.55999755859375,0.6399999856948853
17974,VC_1759,GCF_047524915.1,Kenya,Human hosts,cholera,unkwn,unkwn,unkwn,2022,1992–2025,unkwn,Scaffold,7,235742,1979567,47.5,191.0,113,119,113,7,247122,4.159174,99.55999755859375,0.7099999785423279
17998,VC_1760,GCF_047524925.1,Kenya,Human hosts,cholera,unkwn,unkwn,unkwn,2022,1992–2025,unkwn,Scaffold,7,235742,1980103,47.5,244.7,110,116,110,7,247122,4.160055,99.55999755859375,0.7900000214576721
18022,VC_1761,GCF_047524955.2,Kenya,Human hosts,cholera,unkwn,unkwn,unkwn,2022,1992–2025,unkwn,Complete Genome,1,3041299,2014007,47.5,210.5,3,3,3,1,3041299,4.22902,99.62999725341797,0.6399999856948853
18046,VC_1762,GCF_047524975.1,Kenya,Human hosts,cholera,unkwn,unkwn,unkwn,2022,1992–2025,unkwn,Scaffold,7,235742,1980211,47.5,245.2,108,113,108,7,247122,4.160084,99.55999755859375,0.6399999856948853
18070,VC_1763,GCF_047524995.1,Kenya,Human hosts,cholera,unkwn,unkwn,unkwn,2022,1992–2025,unkwn,Scaffold,7,198601,2025204,47.5,213.7,115,120,115,6,247122,4.281753,99.55999755859375,1.25
18094,VC_1764,GCF_047525005.1,Kenya,Human hosts,cholera,unkwn,unkwn,unkwn,2022,1992–2025,unkwn,Scaffold,7,235742,1979966,47.5,233.7,109,115,109,7,247122,4.159614,99.55999755859375,0.6600000262260437
18118,VC_1765,GCF_047525015.1,Kenya,Human hosts,cholera,unkwn,unkwn,unkwn,2022,1992–2025,unkwn,Scaffold,7,235742,1985525,47.5,204.6,158,164,158,7,247122,4.170556,99.55999755859375,0.6899999976158142
18142,VC_1766,GCF_047525025.1,Kenya,Human hosts,cholera,unkwn,unkwn,unkwn,2022,1992–2025,unkwn,Scaffold,7,235742,1980599,47.5,222.4,123,129,123,7,247122,4.16107,99.55999755859375,0.75
18166,VC_1767,GCF_047525075.1,Kenya,Human hosts,cholera,unkwn,unkwn,unkwn,2022,1992–2025,unkwn,Scaffold,6,235742,1979957,47.5,197.4,112,117,112,6,247122,4.159439,99.55999755859375,0.6399999856948853
18190,VC_1768,GCF_047525095.1,Kenya,Human hosts,cholera,unkwn,unkwn,unkwn,2022,1992–2025,unkwn,Scaffold,7,235742,1980604,47.5,202.2,109,115,109,7,247122,4.161352,99.55999755859375,0.6399999856948853
18214,VC_1769,GCF_047525105.1,Kenya,Human hosts,cholera,unkwn,unkwn,unkwn,2022,1992–2025,unkwn,Scaffold,6,235742,1980171,47.5,232.2,117,123,117,6,247122,4.160081,99.55999755859375,0.6399999856948853
18238,VC_1770,GCF_047525115.1,Kenya,Human hosts,cholera,unkwn,unkwn,unkwn,2022,1992–2025,unkwn,Scaffold,7,235742,1979716,47.5,198.0,110,116,110,7,247122,4.159331,99.55999755859375,0.6399999856948853
18286,VC_1771,GCF_047525175.1,Kenya,Human hosts,cholera,unkwn,unkwn,unkwn,2022,1992–2025,unkwn,Scaffold,7,235742,1981873,47.5,201.0,125,130,125,7,247122,4.162853,99.55999755859375,0.6700000166893005
18310,VC_1772,GCF_047525195.1,Kenya,Human hosts,cholera,unkwn,unkwn,unkwn,2022,1992–2025,unkwn,Scaffold,7,235742,1979876,47.5,195.4,112,118,112,7,247122,4.159578,99.55999755859375,0.6800000071525574
18334,VC_1773,GCF_047525215.1,Kenya,Human hosts,cholera,unkwn,unkwn,unkwn,2022,1992–2025,unkwn,Scaffold,7,235742,1981320,47.5,205.9,115,121,115,7,247122,4.163131,99.55999755859375,0.6399999856948853
18358,VC_1774,GCF_047525225.1,Kenya,Human hosts,cholera,unkwn,unkwn,unkwn,2022,1992–2025,unkwn,Scaffold,7,235742,1979691,47.5,218.1,113,119,113,7,247122,4.159371,99.55999755859375,0.7200000286102295
18382,VC_1775,GCF_047525235.1,Kenya,Human hosts,cholera,unkwn,unkwn,unkwn,2022,1992–2025,unkwn,Scaffold,7,235742,1980040,47.5,229.7,108,114,108,7,247122,4.160211,99.55999755859375,0.6399999856948853
18406,VC_1776,GCF_047525275.1,Kenya,Human hosts,cholera,unkwn,unkwn,unkwn,2022,1992–2025,unkwn,Scaffold,7,235742,1985736,47.5,221.6,156,162,156,7,247122,4.16977,99.55999755859375,0.8199999928474426
18430,VC_1777,GCF_047525295.1,Kenya,Human hosts,cholera,unkwn,unkwn,unkwn,2022,1992–2025,unkwn,Scaffold,7,235742,1992212,47.5,218.7,202,207,202,7,247122,4.182604,99.55999755859375,0.699999988079071
18454,VC_1778,GCF_047525315.1,Kenya,Human hosts,cholera,unkwn,unkwn,unkwn,2022,1992–2025,unkwn,Scaffold,7,235742,1980837,47.5,91.2,117,123,117,7,247122,4.161655,99.55999755859375,0.6600000262260437
18478,VC_1779,GCF_047525325.1,Kenya,Human hosts,cholera,unkwn,unkwn,unkwn,2022,1992–2025,unkwn,Scaffold,7,235742,1980476,47.5,214.0,112,118,112,7,247122,4.161011,99.55999755859375,0.7400000095367432
18502,VC_1780,GCF_047525335.1,Kenya,Human hosts,cholera,unkwn,unkwn,unkwn,2022,1992–2025,unkwn,Scaffold,7,235742,1985127,47.5,215.9,151,157,151,7,247122,4.169593,99.55999755859375,1.0199999809265137
18526,VC_1781,GCF_047525345.1,Kenya,Human hosts,cholera,unkwn,unkwn,unkwn,2022,1992–2025,unkwn,Scaffold,6,235742,1980031,47.5,241.8,116,121,116,6,247122,4.159958,99.55999755859375,0.7400000095367432
18550,VC_1782,GCF_047525395.1,Kenya,Human hosts,cholera,unkwn,unkwn,unkwn,2022,1992–2025,unkwn,Scaffold,7,235742,1979193,47.5,216.0,110,116,110,7,247122,4.158354,99.55999755859375,0.7400000095367432
18574,VC_1783,GCF_047525425.1,Nigeria,Human hosts,cholera,Clinical sample,Clinical sample,10.5036 N 7.4337 E,2024,1992–2025,unkwn,Contig,6,198694,1913468,47.5,250.0,98,98,98,6,198694,4.031483,99.45999908447266,0.23999999463558197
18582,VC_1784,GCF_047525475.1,Nigeria,Human hosts,cholera,Clinical sample,Clinical sample,13.0059 N 5.2476 E,2024,1992–2025,unkwn,Contig,5,235841,1913921,47.5,236.0,116,116,116,5,235841,4.032414,99.4800033569336,0.23999999463558197
18590,VC_1785,GCF_047525515.1,Nigeria,Human hosts,cholera,Clinical sample,Clinical sample,11.7590 N 9.3389 E,2024,1992–2025,unkwn,Contig,5,235841,1913921,47.5,312.0,116,116,116,5,235841,4.032414,99.4800033569336,0.23999999463558197
18598,VC_1786,GCF_047779995.1,China,Human hosts,unkwn,unkwn,unkwn,unkwn,2023,1992–2025,unkwn,Scaffold,4,352301,1896791,47.5,362.0,57,58,57,4,352301,3.993008,99.29000091552734,0.6600000262260437
18603,VC_1787,GCF_047830785.1,Bangladesh,Human hosts,diarrhea,Clinical sample,Clinical sample,22.2920 N 89.9580 E,2011,1992–2025,unkwn,Scaffold,11,129828,1899128,47.5,26.0,84,86,84,11,129828,4.019181,95.97000122070312,0.8500000238418579
18612,VC_1788,GCF_047830805.1,Bangladesh,Human hosts,diarrhea,Clinical sample,Clinical sample,22.2920 N 89.9580 E,2011,1992–2025,unkwn,Scaffold,8,148554,1979273,47.0,27.0,65,114,65,8,149756,4.200812,98.73999786376953,0.8500000238418579
18621,VC_1789,GCF_047830825.1,Bangladesh,Human hosts,diarrhea,Clinical sample,Clinical sample,22.2920 N 89.9580 E,2011,1992–2025,unkwn,Scaffold,11,133669,1851203,48.0,15.0,121,142,121,11,133669,3.877299,95.62999725341797,0.4099999964237213
18630,VC_1790,GCF_048551175.1,China,Human hosts,pneumoniae,Clinical sample,Clinical sample,36.65 N 117 E,2023,1992–2025,unkwn,Contig,5,309601,1904117,47.5,200.0,179,179,179,5,309601,4.027889,96.80000305175781,1.840000033378601
18638,VC_1791,GCF_048551205.1,China,Human hosts,pneumoniae,Clinical sample,Clinical sample,36.65 N 117 E,2023,1992–2025,unkwn,Contig,5,309601,1903874,47.5,200.0,172,172,172,5,309601,4.027356,96.80000305175781,1.840000033378601
18646,VC_1792,GCF_050500225.1,China,unkwn,unkwn,Clinical sample,Clinical sample,unkwn,2025,1992–2025,unkwn,Complete Genome,1,3087488,1980654,47.5,80.0,2,2,2,1,3087488,4.169195,99.62999725341797,0.9200000166893005
18654,VC_1793,GCF_050556025.1,China,unkwn,unkwn,unkwn,unkwn,unkwn,2023,1992–2025,unkwn,Contig,6,260700,1933732,47.5,84.81,115,115,115,6,260700,4.074458,99.61000061035156,1.6299999952316284
18661,VC_1794,GCF_050556065.1,China,unkwn,unkwn,unkwn,unkwn,unkwn,2023,1992–2025,unkwn,Contig,8,203847,1919665,47.5,87.502,191,191,191,8,203847,4.040297,99.2300033569336,1.690000057220459
18668,VC_1795,GCF_050572875.1,China,Human hosts,infectious disease,Clinical sample,Clinical sample,28.01 N 120.65 E,2025,1992–2025,unkwn,Contig,8,192824,1893334,47.5,75.0,65,65,65,8,192824,3.982112,99.29000091552734,1.5700000524520874
18677,VC_1796,GCF_050572895.1,China,Human hosts,infectious disease,Clinical sample,Clinical sample,28.01 N 120.65 E,2025,1992–2025,unkwn,Contig,7,197265,1886926,47.5,75.0,49,49,49,7,197265,3.962111,99.70999908447266,1.7599999904632568
18686,VC_1797,GCF_050572915.1,China,Human hosts,infectious disease,Clinical sample,Clinical sample,28.01 N 120.65 E,2025,1992–2025,unkwn,Contig,9,160988,1849060,47.5,75.0,63,63,63,9,160988,3.888334,99.1500015258789,0.8999999761581421
18695,VC_1798,GCF_050573195.1,China,Human hosts,infectious disease,Clinical sample,Clinical sample,28.01 N 120.65 E,2025,1992–2025,unkwn,Contig,9,154236,1886187,47.5,75.0,68,68,68,9,154236,3.966949,99.36000061035156,0.949999988079071
18704,VC_1799,GCF_050573255.1,China,Human hosts,infectious disease,Clinical sample,Clinical sample,28.01 N 120.65 E,2025,1992–2025,unkwn,Contig,7,208414,1882567,47.5,75.0,55,55,55,7,208414,3.965599,99.63999938964844,2.809999942779541
18713,VC_1800,GCF_050573275.1,China,Human hosts,infectious disease,Clinical sample,Clinical sample,28.01 N 120.65 E,2025,1992–2025,unkwn,Contig,13,127664,1953370,47.5,75.0,83,83,83,13,127664,4.118807,99.44999694824219,1.0199999809265137
18722,VC_1801,GCF_050573295.1,China,Human hosts,infectious disease,Clinical sample,Clinical sample,28.01 N 120.65 E,2025,1992–2025,unkwn,Contig,8,204774,1963370,47.5,75.0,58,58,58,8,204774,4.139714,99.48999786376953,0.6399999856948853
18731,VC_1802,GCF_050573315.1,China,Human hosts,infectious disease,Clinical sample,Clinical sample,28.01 N 120.65 E,2025,1992–2025,unkwn,Contig,10,148206,1836195,47.5,75.0,66,66,66,10,148206,3.856489,98.95999908447266,1.1699999570846558
18740,VC_1803,GCF_050573335.1,China,Human hosts,infectious disease,Clinical sample,Clinical sample,28.01 N 120.65 E,2025,1992–2025,unkwn,Contig,10,146691,1926771,47.5,75.0,78,78,78,10,146691,4.069606,99.12000274658203,1.0499999523162842
18749,VC_1804,GCF_050573355.1,China,Human hosts,infectious disease,Clinical sample,Clinical sample,28.01 N 120.65 E,2025,1992–2025,unkwn,Contig,7,165765,1929876,47.5,75.0,66,66,66,7,165765,4.055704,99.38999938964844,1.3799999952316284
18758,VC_1805,GCF_050632765.1,China,Human hosts,infectious disease,Clinical sample,Clinical sample,28.01 N 120.65 E,2025,1992–2025,unkwn,Contig,8,210441,1981982,47.5,75.0,97,97,97,8,210441,4.17206,99.48999786376953,0.8799999952316284
18767,VC_1806,GCF_050691795.1,China,Human hosts,infectious disease,Clinical sample,Clinical sample,28.01 N 120.65 E,2023,1992–2025,unkwn,Contig,11,123927,1907549,47.5,75.0,100,100,100,11,123927,4.01062,99.26000213623047,1.4800000190734863
18781,VC_1807,GCF_050875945.1,Spain,Human hosts,unkwn,Clinical sample,Clinical sample,unkwn,2016,1992–2025,unkwn,Contig,4,340172,1913855,47.5,30.0,133,133,133,4,340172,4.032014,99.29000091552734,1.909999966621399
18787,VC_1808,GCF_050875985.1,Spain,Human hosts,unkwn,Clinical sample,Clinical sample,unkwn,2019,1992–2025,unkwn,Contig,3,608135,1910284,47.5,30.0,95,95,95,3,608135,4.029648,99.58000183105469,2.630000114440918
18793,VC_1809,GCF_051046905.1,USA,unkwn,unkwn,Food,Others,unkwn,2019,1992–2025,unkwn,Complete Genome,1,2927405,1965198,47.5,328.0,2,2,2,1,2927405,4.141003,98.48999786376953,3.0399999618530273
18829,VC_1810,GCF_900185995.1,Germany,Human hosts,unkwn,Clinical sample,Clinical sample,unkwn,2016,1992–2025,unkwn,Complete Genome,1,2976768,1993100,47.5,150.0,2,2,2,1,2976768,4.194576,99.0199966430664,2.559999942779541
18846,VC_1811,GCF_900205735.1,unkwn,unkwn,unkwn,unkwn,unkwn,unkwn,unkwn,unkwn,unkwn,Complete Genome,1,2961182,1915435,47.5,100.0,2,2,2,1,2961182,4.033501,99.62999725341797,0.23999999463558197
18857,VC_1812,GCF_900324425.1,Bangladesh,unkwn,unkwn,unkwn,unkwn,unkwn,2013,1992–2025,non_O1,Complete Genome,1,3041946,1943844,47.5,100.0,2,2,2,1,3041946,4.092645,98.9000015258789,0.23999999463558197
18879,VC_1813,GCF_900324435.1,Bangladesh,unkwn,unkwn,unkwn,unkwn,unkwn,2013,1992–2025,non_O1,Complete Genome,1,3029538,1947779,47.0,100.0,2,2,2,1,3029538,4.123525,96.06999969482422,1.75
18901,VC_1814,GCF_900324445.1,Bangladesh,unkwn,unkwn,unkwn,unkwn,unkwn,2014,1992–2025,non_O1,Complete Genome,1,3041944,1943841,47.5,100.0,2,2,2,1,3041944,4.092641,98.9000015258789,0.23999999463558197
18923,VC_1815,GCF_900324455.1,Bangladesh,unkwn,unkwn,unkwn,unkwn,unkwn,2014,1992–2025,non_O1,Complete Genome,1,3041945,1943843,47.5,100.0,2,2,2,1,3041945,4.092644,98.9000015258789,0.23999999463558197
18945,VC_1816,GCF_900604885.1,South Korea,Human hosts,unkwn,Clinical sample,Clinical sample,unkwn,2016,1992–2025,O1_unkwn,Contig,3,636791,1886424,47.5,182.0,78,78,78,3,636791,3.974515,99.30000305175781,0.36000001430511475
18964,VC_1817,GCF_900604895.1,South Korea,Human hosts,unkwn,Clinical sample,Clinical sample,unkwn,2016,1992–2025,O1_unkwn,Contig,4,377211,1878709,47.5,189.0,84,84,84,4,377211,3.957889,99.25,0.30000001192092896
18983,VC_1818,GCF_900604905.1,South Korea,Human hosts,unkwn,Clinical sample,Clinical sample,unkwn,2016,1992–2025,O1_unkwn,Contig,4,377211,1878915,47.5,210.0,84,84,84,4,377211,3.958379,99.25,0.30000001192092896
19002,VC_1819,GCF_900604915.1,South Korea,Environment,unkwn,Environmental sample,Environmental sample,unkwn,2016,1992–2025,O1_unkwn,Contig,3,636791,1879796,47.5,210.0,61,61,61,3,636791,3.96063,99.30000305175781,0.30000001192092896
19020,VC_1820,GCF_902385755.1,unkwn,unkwn,unkwn,Clinical sample,Clinical sample,unkwn,unkwn,unkwn,unkwn,Contig,1,3041360,1942640,47.5,10.0,2,2,2,1,3041360,4.08902,99.19000244140625,0.23999999463558197
19042,VC_1821,GCF_902809915.1,Argentina,unkwn,unkwn,unkwn,unkwn,unkwn,unkwn,unkwn,unkwn,Scaffold,4,355529,1990491,47.5,100.0,45,50,45,4,355529,4.183413,99.55999755859375,0.6399999856948853
19061,VC_1822,GCF_902809995.1,Argentina,unkwn,unkwn,unkwn,unkwn,unkwn,unkwn,unkwn,unkwn,Scaffold,6,325502,1898815,47.5,100.0,34,36,34,5,325502,3.994659,99.37000274658203,1.309999942779541
19080,VC_1823,GCF_902810005.1,Argentina,unkwn,unkwn,unkwn,unkwn,unkwn,unkwn,unkwn,unkwn,Scaffold,9,165863,1906728,47.5,100.0,65,66,65,8,170787,4.016927,98.38999938964844,2.4100000858306885
19099,VC_1824,GCF_902810025.1,Argentina,unkwn,unkwn,unkwn,unkwn,unkwn,unkwn,unkwn,unkwn,Scaffold,4,353454,1897461,47.5,100.0,35,39,35,3,741477,4.00433,99.2699966430664,1.309999942779541
19118,VC_1825,GCF_937000105.1,Yemen,Human hosts,unkwn,Clinical sample,Clinical sample,15.509913 N 43.90435 E,2019,1992–2025,O1_Inaba,Complete Genome,1,3046494,2016813,47.5,258.0,3,3,3,1,3046494,4.235033,99.62999725341797,0.6399999856948853
19141,VC_1826,GCF_937000115.1,Yemen,Human hosts,unkwn,Clinical sample,Clinical sample,15.634167 N 44.222064 E,2018,1992–2025,unkwn,Complete Genome,1,3095527,1964217,47.5,268.0,2,2,2,1,3095527,4.121654,98.9800033569336,1.649999976158142
19163,VC_1827,GCF_965137905.1,unkwn,unkwn,unkwn,unkwn,unkwn,unkwn,unkwn,unkwn,unkwn,Scaffold,8,178688,1934468,47.5,157.0,94,95,94,8,178688,4.068667,98.26000213623047,1.5
19173,VC_1828,GCF_000016245.1,unkwn,unkwn,unkwn,unkwn,unkwn,unkwn,unkwn,unkwn,O1_unkwn,Complete Genome,1,3024069,1964499,47.5,unkwn,2,2,2,1,3024069,4.132319,99.29000091552734,0.23999999463558197
19176,VC_1829,GCF_000021625.1,unkwn,unkwn,unkwn,unkwn,unkwn,unkwn,unkwn,unkwn,O1_unkwn,Complete Genome,1,3024078,1965704,47.5,unkwn,2,2,2,1,3024078,4.1353,99.29000091552734,0.23999999463558197
19178,VC_1830,GCF_000152465.2,unkwn,unkwn,unkwn,unkwn,unkwn,unkwn,unkwn,unkwn,unkwn,Scaffold,15,98101,1960289,47.5,unkwn,143,143,80,4,362316,4.20862,98.0999984741211,0.9300000071525574
19179,VC_1831,GCF_000167935.2,Sudan,unkwn,unkwn,unkwn,unkwn,unkwn,unkwn,unkwn,unkwn,Scaffold,12,128300,1903919,47.5,unkwn,111,111,59,4,345376,4.045303,98.29000091552734,0.4000000059604645
19182,VC_1832,GCF_000174235.1,unkwn,unkwn,unkwn,unkwn,unkwn,unkwn,unkwn,unkwn,unkwn,Contig,1,2837920,1899782,47.5,unkwn,5,5,5,1,2837920,3.987383,95.58000183105469,1.6699999570846558
19184,VC_1833,GCF_000174255.1,unkwn,unkwn,unkwn,unkwn,unkwn,unkwn,unkwn,unkwn,unkwn,Contig,6,262569,1933535,47.5,unkwn,35,35,35,6,262569,4.05514,98.5199966430664,0.5099999904632568
19185,VC_1834,GCF_000174275.1,unkwn,unkwn,unkwn,unkwn,unkwn,unkwn,unkwn,unkwn,unkwn,Contig,2,805852,2007445,47.5,unkwn,11,11,11,2,805852,4.211011,99.25,0.699999988079071
19186,VC_1835,GCF_000174295.1,unkwn,unkwn,unkwn,unkwn,unkwn,unkwn,unkwn,unkwn,unkwn,Contig,4,484882,1914753,47.5,unkwn,20,20,20,4,484882,4.023772,98.08000183105469,1.1399999856948853
19187,VC_1836,GCF_000299495.2,Malaysia,Human hosts,unkwn,Clinical sample,Clinical sample,unkwn,2004,1992–2025,unkwn,Contig,8,201472,1862650,47.5,354.0,103,103,103,8,201472,3.912714,99.37999725341797,0.8100000023841858
19192,VC_1837,GCF_000299515.2,Malaysia,Human hosts,unkwn,Clinical sample,Clinical sample,unkwn,2009,1992–2025,unkwn,Contig,11,130516,1905980,47.5,196.0,149,149,149,11,130516,4.011457,99.1500015258789,0.23999999463558197
19197,VC_1838,GCF_000299535.2,Malaysia,unkwn,unkwn,Environmental sample,Environmental sample,3.00 N 101.36 E,2008,1992–2025,unkwn,Contig,10,130122,1894741,47.5,405.0,145,145,145,10,130122,3.986677,99.22000122070312,0.23999999463558197
19202,VC_1839,GCF_000318075.1,USA,unkwn,unkwn,Environmental sample,Environmental sample,unkwn,unkwn,unkwn,non_O1,Contig,22,56162,1859550,47.5,234.0,131,131,131,22,56162,3.910387,97.69000244140625,2.3399999141693115
19207,VC_1840,GCF_000338215.2,Russia,Human hosts,unkwn,Clinical sample,Clinical sample,unkwn,2005,1992–2025,unkwn,Contig,17,83024,1888076,47.5,50.0,158,158,158,17,83024,3.978895,99.23999786376953,0.27000001072883606
19213,VC_1841,GCF_000812045.1,USA,Non Human,unkwn,unkwn,unkwn,unkwn,unkwn,unkwn,unkwn,Contig,19,67260,1918086,47.5,230.0,245,245,245,19,67260,4.038248,98.05999755859375,3.0199999809265137
19327,VC_1842,GCF_001027485.1,Philippines,Human hosts,unkwn,Clinical sample,Clinical sample,unkwn,2011,1992–2025,unkwn,Contig,5,246082,1866923,47.5,49.0,71,71,71,5,246082,3.932194,99.33999633789062,0.30000001192092896
19332,VC_1843,GCF_001027495.1,Philippines,unkwn,unkwn,Environmental sample,Environmental sample,unkwn,2011,1992–2025,unkwn,Contig,7,205298,1865585,47.5,18.0,76,76,76,7,205298,3.929317,99.19999694824219,0.30000001192092896
19336,VC_1844,GCF_001027505.1,Philippines,Human hosts,unkwn,Clinical sample,Clinical sample,unkwn,2011,1992–2025,unkwn,Contig,6,227786,1864996,47.5,19.0,70,70,70,6,227786,3.927966,99.20999908447266,0.30000001192092896
19357,VC_1845,GCF_002194155.1,India,Human hosts,cholera,Clinical sample,Clinical sample,12.9165 N 79.1325 E,1995,1992–2025,non_O1,Contig,6,246656,1893094,47.5,83.0,85,85,85,6,246656,3.984202,96.0999984741211,0.23999999463558197
19366,VC_1846,GCF_002194165.1,India,Human hosts,cholera,Clinical sample,Clinical sample,12.9165 N 79.1325 E,1999,1992–2025,non_O1,Contig,6,246677,1907140,47.5,85.0,103,103,103,6,246677,4.013511,97.72000122070312,0.23999999463558197
19375,VC_1847,GCF_002194185.1,India,Human hosts,cholera,Clinical sample,Clinical sample,12.9165 N 79.1325 E,1997,1992–2025,non_O1,Contig,4,302699,1907299,47.5,93.0,93,93,93,4,302699,4.013713,96.08000183105469,0.23999999463558197
19384,VC_1848,GCF_002194215.1,India,Human hosts,cholera,Clinical sample,Clinical sample,12.9165 N 79.1325 E,1998,1992–2025,non_O1,Contig,5,299306,1911020,47.5,78.0,98,98,98,5,299306,4.022199,97.95999908447266,0.23999999463558197
19393,VC_1849,GCF_002194235.1,India,Human hosts,cholera,Clinical sample,Clinical sample,12.9165 N 79.1325 E,1997,1992–2025,non_O1,Contig,5,299311,1908567,47.5,81.0,85,85,85,5,299311,4.016919,96.97000122070312,0.23999999463558197
19402,VC_1850,GCF_002194245.1,India,Human hosts,cholera,Clinical sample,Clinical sample,12.9165 N 79.1325 E,2000,1992–2025,non_O1,Contig,6,199709,1907987,47.5,96.0,93,93,93,6,199709,4.014742,97.05999755859375,0.23999999463558197
19411,VC_1851,GCF_002194265.1,India,Human hosts,cholera,Clinical sample,Clinical sample,12.9165 N 79.1325 E,2002,1992–2025,non_O1,Contig,4,355144,1899520,47.5,75.0,81,81,81,4,355144,3.999105,97.73999786376953,0.23999999463558197
19420,VC_1852,GCF_002194305.1,India,Human hosts,cholera,Clinical sample,Clinical sample,12.9165 N 79.1325 E,1994,1992–2025,non_O1,Contig,4,246654,1921793,47.5,69.0,78,78,78,4,246654,4.043413,97.02999877929688,0.23999999463558197
19429,VC_1853,GCF_002194335.1,India,Human hosts,cholera,Clinical sample,Clinical sample,12.9165 N 79.1325 E,2001,1992–2025,non_O1,Contig,5,246657,1901517,47.5,82.0,97,97,97,5,246657,4.003412,97.62000274658203,0.23999999463558197
19438,VC_1854,GCF_002407455.1,South Korea,Human hosts,cholera,Clinical sample,Clinical sample,35.973292 N 128.938550 E,2001,1992–2025,O1_Inaba,Contig,3,555052,1831450,47.5,100.0,54,54,54,3,555052,3.86305,97.9000015258789,0.27000001072883606
19450,VC_1855,GCF_009646135.1,Norway,unkwn,unkwn,unkwn,unkwn,59.9371971 N 10.7185272 E,2016,1992–2025,unkwn,Complete Genome,1,3026110,1964894,47.5,151.0,2,2,2,1,3026110,4.132533,99.33999633789062,0.23999999463558197
19459,VC_1856,GCF_011750775.1,unkwn,unkwn,unkwn,Clinical sample,Clinical sample,unkwn,2019,1992–2025,unkwn,Contig,10,122912,1976421,47.5,142.0,129,129,129,10,122912,4.150389,99.29000091552734,0.6600000262260437
19467,VC_1857,GCF_011750835.1,unkwn,unkwn,unkwn,Clinical sample,Clinical sample,unkwn,2019,1992–2025,unkwn,Contig,11,118867,1979375,47.5,50.0,159,159,159,11,118867,4.158009,99.29000091552734,1.2999999523162842
19475,VC_1858,GCF_011750865.1,unkwn,unkwn,unkwn,Clinical sample,Clinical sample,unkwn,2019,1992–2025,unkwn,Contig,9,147776,1973343,47.5,278.0,130,130,130,9,147776,4.144193,99.19999694824219,0.949999988079071
19483,VC_1859,GCF_013414365.1,Bangladesh,Human hosts,unkwn,Clinical sample,Clinical sample,23.8103 N 90.4125 E,2017,1992–2025,non_O1,Contig,7,218847,1979359,47.5,84.0,85,85,85,7,218847,4.178542,99.08000183105469,1.809999942779541
19494,VC_1860,GCF_013414375.1,Bangladesh,unkwn,unkwn,Environmental sample,Environmental sample,23.8103 N 90.4125 E,2017,1992–2025,non_O1,Contig,8,221550,1919710,47.0,99.0,235,235,235,8,221550,4.07123,96.20999908447266,1.75
19502,VC_1861,GCF_013414405.1,Bangladesh,unkwn,unkwn,Environmental sample,Environmental sample,23.8103 N 90.4125 E,2017,1992–2025,non_O1,Contig,10,131057,1963269,47.0,100.0,188,188,188,10,131057,4.155341,96.2699966430664,2.319999933242798
19510,VC_1862,GCF_013414495.1,Bangladesh,Human hosts,unkwn,Clinical sample,Clinical sample,23.8103 N 90.4125 E,2017,1992–2025,non_O1,Contig,12,98142,1909876,47.5,23.0,146,146,146,12,98142,4.012499,99.62999725341797,0.5299999713897705
19521,VC_1863,GCF_013414505.1,Bangladesh,unkwn,unkwn,Environmental sample,Environmental sample,23.8103 N 90.4125 E,2017,1992–2025,non_O1,Contig,11,123353,1924188,47.5,47.0,137,137,137,11,123353,4.051004,99.5199966430664,0.23999999463558197
19529,VC_1864,GCF_013414515.1,Bangladesh,unkwn,unkwn,Environmental sample,Environmental sample,23.8103 N 90.4125 E,2017,1992–2025,non_O1,Contig,12,117774,1918301,47.5,36.0,136,136,136,12,117774,4.035486,99.52999877929688,0.23999999463558197
19537,VC_1865,GCF_018336415.1,Czechoslovakia,Human hosts,gastroenteritis,unkwn,unkwn,unkwn,1965,1961–1972,non_O1,Complete Genome,1,2945491,1911307,47.5,1796.0,2,2,2,1,2945491,4.018449,98.95999908447266,0.3799999952316284
19563,VC_1866,GCF_045689325.1,Sudan,Human hosts,unkwn,unkwn,unkwn,unkwn,1968,1961–1972,unkwn,Complete Genome,1,2975778,1923772,47.5,475.0,2,2,2,1,2975778,4.046648,99.23999786376953,0.3799999952316284
